symbol,name,exchange,asset_type,rank
NVDA,NVIDIA Corporation,NASDAQ,stock,0
AAPL,Apple Inc.,NASDAQ,stock,1
GOOGL,Alphabet Inc.,NASDAQ,stock,2
MSFT,Microsoft Corporation,NASDAQ,stock,3
AMZN,"Amazon.com, Inc.",NASDAQ,stock,4
META,"Meta Platforms, Inc.",NASDAQ,stock,5
AVGO,Broadcom Inc.,NASDAQ,stock,6
TSLA,"Tesla, Inc.",NASDAQ,stock,7
MU,"Micron Technology, Inc.",NASDAQ,stock,8
BRK-B,Berkshire Hathaway Inc.,NYSE,stock,9
LLY,Eli Lilly and Company,NYSE,stock,10
AMD,"Advanced Micro Devices, Inc.",NASDAQ,stock,11
JPM,JP Morgan Chase & Co.,NYSE,stock,12
WMT,Walmart Inc.,NASDAQ,stock,13
ASML,ASML Holding N.V. - New York Registry Shares,NASDAQ,stock,14
V,Visa Inc.,NYSE,stock,15
XOM,ExxonMobil Holdings Corporation,NYSE,stock,16
JNJ,Johnson & Johnson,NYSE,stock,17
INTC,Intel Corporation,NASDAQ,stock,18
MA,Mastercard Incorporated,NYSE,stock,19
ABBV,AbbVie Inc.,NYSE,stock,20
PLTR,Palantir Technologies Inc.,NASDAQ,stock,21
CSCO,"Cisco Systems, Inc.",NASDAQ,stock,22
ORCL,Oracle Corporation,NYSE,stock,23
COST,Costco Wholesale Corporation,NASDAQ,stock,24
LRCX,Lam Research Corporation,NASDAQ,stock,25
AMAT,"Applied Materials, Inc.",NASDAQ,stock,26
CVX,Chevron Corporation,NYSE,stock,27
BAC,Bank of America Corporation,NYSE,stock,28
CAT,"Caterpillar, Inc.",NYSE,stock,29
KO,Coca-Cola Company (The),NYSE,stock,30
MRK,"Merck & Company, Inc.",NYSE,stock,31
DELL,Dell Technologies Inc.,NYSE,stock,32
PG,Procter & Gamble Company (The),NYSE,stock,33
HSBC,"HSBC Holdings, plc.",NYSE,stock,34
UNH,UnitedHealth Group Incorporated,NYSE,stock,35
GE,GE Aerospace,NYSE,stock,36
SMFG,"Sumitomo Mitsui Financial Group, Inc.",,stock,37
ARM,Arm Holdings Plc /Uk,,stock,38
PANW,"Palo Alto Networks, Inc.",NASDAQ,stock,39
MS,Morgan Stanley,NYSE,stock,40
PM,Philip Morris International Inc,NYSE,stock,41
NFLX,"Netflix, Inc.",NASDAQ,stock,42
HD,"Home Depot, Inc. (The)",NYSE,stock,43
CYATY,"Contemporary Amperex Technology Co., Limited/ADR",,stock,44
RY,Royal Bank Of Canada,NYSE,stock,45
NVS,Novartis AG,NYSE,stock,46
SHEL,Shell plc,,stock,47
BABA,Alibaba Group Holding Ltd,,stock,48
CRWD,"CrowdStrike Holdings, Inc.",NASDAQ,stock,49
GS,"Goldman Sachs Group, Inc. (The)",NYSE,stock,50
MUFG,"Mitsubishi UFJ Financial Group, Inc.",NYSE,stock,51
TXN,Texas Instruments Incorporated,NASDAQ,stock,52
ANET,"Arista Networks, Inc.",NYSE,stock,53
GEV,GE Vernova Inc.,NYSE,stock,54
AZN,AstraZeneca PLC,NYSE,stock,55
KLAC,KLA Corporation,NASDAQ,stock,56
SNDK,Sandisk Corporation,NASDAQ,stock,57
RTX,RTX Corporation,NYSE,stock,58
TMO,Thermo Fisher Scientific Inc,NYSE,stock,59
WFC,Wells Fargo & Company,NYSE,stock,60
SAP,SAP  SE ADS,NYSE,stock,61
MRVL,"Marvell Technology, Inc.",NASDAQ,stock,62
AMGN,Amgen Inc.,NASDAQ,stock,63
TM,Toyota Motor Corporation,NYSE,stock,64
C,"Citigroup, Inc.",NYSE,stock,65
LIN,Linde plc,NASDAQ,stock,66
BHP,BHP Group Ltd,,stock,67
APH,Amphenol Corporation,NYSE,stock,68
IBM,International Business Machines Corporation,NYSE,stock,69
STX,Seagate Technology Holdings PLC,NASDAQ,stock,70
AXP,American Express Company,NYSE,stock,71
SAN,"Banco Santander, S.A. Sponsored ADR (Spain)",NYSE,stock,72
QCOM,QUALCOMM Incorporated,NASDAQ,stock,73
TD,Toronto Dominion Bank (The),NYSE,stock,74
TTE,TotalEnergies SE,NYSE,stock,75
ADI,"Analog Devices, Inc.",NASDAQ,stock,76
SHOP,Shopify Inc. - Class A Subordinate Voting Shares,NASDAQ,stock,77
VZ,Verizon Communications Inc.,NYSE,stock,78
GILD,"Gilead Sciences, Inc.",NASDAQ,stock,79
CRM,"Salesforce, Inc.",NYSE,stock,80
DE,Deere & Company,NYSE,stock,81
DIS,Walt Disney Company (The),NYSE,stock,82
RTNTF,Rio Tinto Ltd,,stock,83
TMUS,"T-Mobile US, Inc.",NASDAQ,stock,84
PEP,"PepsiCo, Inc.",NASDAQ,stock,85
BLK,"BlackRock, Inc.",NYSE,stock,86
ABT,Abbott Laboratories,NYSE,stock,87
SCCO,Southern Copper Corporation,NYSE,stock,88
SCHW,Charles Schwab Corporation (The),NYSE,stock,89
NVO,Novo Nordisk A/S,NYSE,stock,90
T,AT&T Inc.,NYSE,stock,91
ETN,"Eaton Corporation, PLC",NYSE,stock,92
WELL,Welltower Inc.,NYSE,stock,93
MCD,McDonald's Corporation,NYSE,stock,94
WDC,Western Digital Corporation,NASDAQ,stock,95
PFE,"Pfizer, Inc.",NYSE,stock,96
UNP,Union Pacific Corporation,NYSE,stock,97
ATEYY,Advantest Corp,,stock,98
DHR,Danaher Corporation,NYSE,stock,99
NEE,"NextEra Energy, Inc.",NYSE,stock,100
BBVA,Banco Bilbao Vizcaya Argentaria S.A.,NYSE,stock,101
HTHIY,Hitachi Ltd,,stock,102
RIO,Rio Tinto Plc,NYSE,stock,103
COP,ConocoPhillips,NYSE,stock,104
UBS,UBS Group AG Registered,NYSE,stock,105
BA,Boeing Company (The),NYSE,stock,106
IBKR,"Interactive Brokers Group, Inc.",NASDAQ,stock,107
TJX,"TJX Companies, Inc. (The)",NYSE,stock,108
ISRG,"Intuitive Surgical, Inc.",NASDAQ,stock,109
BUD,Anheuser-Busch Inbev SA Sponsored ADR (Belgium),NYSE,stock,110
DTEGY,Deutsche Telekom Ag,,stock,111
UBER,"Uber Technologies, Inc.",NYSE,stock,112
SMERY,Siemens Energy AG/ADR,,stock,113
GLW,Corning Incorporated,NYSE,stock,114
SONY,Sony Group Corp,,stock,115
BX,Blackstone Inc.,NYSE,stock,116
NOW,"ServiceNow, Inc.",NYSE,stock,117
VRTX,Vertex Pharmaceuticals Incorporated,NASDAQ,stock,118
MFG,"Mizuho Financial Group, Inc. Sponosred ADR (Japan)",NYSE,stock,119
PBR,Petroleo Brasileiro S.A. Petrobras ADS,NYSE,stock,120
UL,Unilever Plc,,stock,121
BMY,Bristol-Myers Squibb Company,NYSE,stock,122
PLD,"Prologis, Inc.",NYSE,stock,123
FTNT,"Fortinet, Inc.",NASDAQ,stock,124
CB,Chubb Limited,NYSE,stock,125
NET,"Cloudflare, Inc.",NYSE,stock,126
NEM,Newmont Corporation,NYSE,stock,127
BKNG,Booking Holdings Inc.,NASDAQ,stock,128
PH,Parker-Hannifin Corporation,NYSE,stock,129
PGR,Progressive Corporation (The),NYSE,stock,130
COF,Capital One Financial Corporation,NYSE,stock,131
ASX,"ASE Technology Holding Co., Ltd.",,stock,132
LMT,Lockheed Martin Corporation,NYSE,stock,133
BMO,Bank Of Montreal,NYSE,stock,134
BTI,"British American Tobacco  Industries, p.l.c.",NYSE,stock,135
HDB,HDFC Bank Limited,NYSE,stock,136
SNOW,Snowflake Inc.,NYSE,stock,137
SPGI,S&P Global Inc.,NYSE,stock,138
MO,"Altria Group, Inc.",NYSE,stock,139
BNS,Bank Of Nova Scotia,,stock,140
BP,BP p.l.c.,NYSE,stock,141
MDT,Medtronic plc.,NYSE,stock,142
VLO,Valero Energy Corporation,NYSE,stock,143
CVS,CVS Health Corporation,NYSE,stock,144
PDD,PDD Holdings Inc.,,stock,145
MPC,Marathon Petroleum Corporation,NYSE,stock,146
SBUX,Starbucks Corporation,NASDAQ,stock,147
ACN,Accenture plc,NYSE,stock,148
SYK,Stryker Corporation,NYSE,stock,149
LOW,"Lowe's Companies, Inc.",NYSE,stock,150
HOOD,"Robinhood Markets, Inc.",NASDAQ,stock,151
ENB,Enbridge Inc,NYSE,stock,152
ADP,"Automatic Data Processing, Inc.",NASDAQ,stock,153
APP,Applovin Corporation,NASDAQ,stock,154
ING,"ING Group, N.V.",NYSE,stock,155
FCX,"Freeport-McMoRan, Inc.",NYSE,stock,156
SPOT,Spotify Technology S.A.,NYSE,stock,157
CM,Canadian Imperial Bank of Commerce,NYSE,stock,158
PSX,Phillips 66,NYSE,stock,159
BNY,The Bank of New York Mellon Corporation,NYSE,stock,160
TT,Trane Technologies plc,NYSE,stock,161
EQIX,"Equinix, Inc.",NASDAQ,stock,162
MCK,McKesson Corporation,NYSE,stock,163
GSK,GSK plc,,stock,164
PWR,"Quanta Services, Inc.",NYSE,stock,165
EQNR,Equinor ASA,NYSE,stock,166
IBN,ICICI Bank Limited,NYSE,stock,167
SNY,Sanofi,,stock,168
CNQ,Canadian Natural Resources Limited,NYSE,stock,169
DDOG,"Datadog, Inc.",NASDAQ,stock,170
SO,Southern Company (The),NYSE,stock,171
VRT,"Vertiv Holdings, LLC",NYSE,stock,172
CME,CME Group Inc.,NASDAQ,stock,173
ABNB,"Airbnb, Inc.",NASDAQ,stock,174
MAR,Marriott International,NASDAQ,stock,175
AEM,Agnico Eagle Mines Limited,NYSE,stock,176
CEG,Constellation Energy Corporation,NASDAQ,stock,177
HCA,"HCA Healthcare, Inc.",NYSE,stock,178
HWM,Howmet Aerospace Inc.,NYSE,stock,179
ADBE,Adobe Inc.,NASDAQ,stock,180
MGCLY,"Midea Group Co., Ltd./ADR",,stock,181
JCI,Johnson Controls International plc,NYSE,stock,182
USB,U.S. Bancorp,NYSE,stock,183
GD,General Dynamics Corporation,NYSE,stock,184
DUK,Duke Energy Corporation (Holding Company),NYSE,stock,185
ITUB,Itau Unibanco Holding S.A.,,stock,186
CDNS,"Cadence Design Systems, Inc.",NASDAQ,stock,187
PNC,"PNC Financial Services Group, Inc. (The)",NYSE,stock,188
EMR,Emerson Electric Company,NYSE,stock,189
MELI,"MercadoLibre, Inc.",NASDAQ,stock,190
IFNNY,Infineon Technologies Ag,,stock,191
LITE,Lumentum Holdings Inc.,NASDAQ,stock,192
MMM,3M Company,NYSE,stock,193
SNHIY,"Sany Heavy Industries Co., Ltd./ADR",,stock,194
CSX,CSX Corporation,NASDAQ,stock,195
BE,Bloom Energy Corporation,NYSE,stock,196
KKR,KKR & Co. Inc.,NYSE,stock,197
ICE,Intercontinental Exchange Inc.,NYSE,stock,198
ELV,"Elevance Health, Inc.",NYSE,stock,199
WMB,"Williams Companies, Inc. (The)",NYSE,stock,200
WM,"Waste Management, Inc.",NYSE,stock,201
MNST,Monster Beverage Corporation,NASDAQ,stock,202
LYG,Lloyds Banking Group plc,,stock,203
HPE,Hewlett Packard Enterprise Company,NYSE,stock,204
BCS,Barclays PLC,NYSE,stock,205
MRSH,Marsh,NYSE,stock,206
BN,Brookfield Corporation Class A Limited Voting Shares,NYSE,stock,207
DASH,"DoorDash, Inc.",NASDAQ,stock,208
UPS,"United Parcel Service, Inc.",NYSE,stock,209
SHW,Sherwin-Williams Company (The),NYSE,stock,210
MRNA,"Moderna, Inc.",NASDAQ,stock,211
SU,Suncor Energy  Inc.,NYSE,stock,212
SNPS,"Synopsys, Inc.",NASDAQ,stock,213
CTAS,Cintas Corporation,NASDAQ,stock,214
MCO,Moody's Corporation,NYSE,stock,215
E,ENI S.p.A.,NYSE,stock,216
EPD,Enterprise Products Partners L.P.,NYSE,stock,217
ECL,Ecolab Inc.,NYSE,stock,218
NTES,"NetEase, Inc.",,stock,219
AMT,American Tower Corporation (REIT),NYSE,stock,220
SPG,"Simon Property Group, Inc.",NYSE,stock,221
REGN,"Regeneron Pharmaceuticals, Inc.",NASDAQ,stock,222
WBD,"Warner Bros. Discovery, Inc. - Series A",NASDAQ,stock,223
CMCSA,Comcast Corporation,NASDAQ,stock,224
ITW,Illinois Tool Works Inc.,NYSE,stock,225
CP,Canadian Pacific Kansas City Limited,NYSE,stock,226
MDLZ,"Mondelez International, Inc.",NASDAQ,stock,227
TRV,"The Travelers Companies, Inc.",NYSE,stock,228
BAESY,Bae Systems Plc /Fi/,,stock,229
ROST,"Ross Stores, Inc.",NASDAQ,stock,230
NGG,National Grid Plc,,stock,231
MSI,"Motorola Solutions, Inc.",NYSE,stock,232
SLB,SLB Limited,NYSE,stock,233
EOG,"EOG Resources, Inc.",NYSE,stock,234
CNI,Canadian National Railway Company,NYSE,stock,235
GM,General Motors Company,NYSE,stock,236
HLT,Hilton Worldwide Holdings Inc.,NYSE,stock,237
CI,The Cigna Group,NYSE,stock,238
NWG,NatWest Group plc,,stock,239
CMI,Cummins Inc.,NYSE,stock,240
BAM,Brookfield Asset Management Inc Class A Limited Voting Shares,NYSE,stock,241
MFC,Manulife Financial Corporation,NYSE,stock,242
NOC,Northrop Grumman Corporation,NYSE,stock,243
TGT,Target Corporation,NYSE,stock,244
INTU,Intuit Inc.,NASDAQ,stock,245
APO,"Apollo Global Management, Inc. (New)",NYSE,stock,246
RACE,Ferrari N.V.,NYSE,stock,247
CVNA,Carvana Co.,NYSE,stock,248
NSC,Norfolk Southern Corporation,NYSE,stock,249
RCL,Royal Caribbean Cruises Ltd.,NYSE,stock,250
ORLY,"O'Reilly Automotive, Inc.",NASDAQ,stock,251
CL,Colgate-Palmolive Company,NYSE,stock,252
ET,Energy Transfer LP,,stock,253
FDX,FedEx Corporation,NYSE,stock,254
DB,Deutsche Bank AG,NYSE,stock,255
B,Barrick Mining Corporation,NYSE,stock,256
KMI,"Kinder Morgan, Inc.",NYSE,stock,257
MPWR,"Monolithic Power Systems, Inc.",NASDAQ,stock,258
HON,Honeywell International Inc.,NASDAQ,stock,259
DLR,"Digital Realty Trust, Inc.",NYSE,stock,260
NBIS,Nebius Group N.V.,NASDAQ,stock,261
AMX,America Movil Sab De Cv/,,stock,262
AEP,"American Electric Power Company, Inc.",NASDAQ,stock,263
RSG,"Republic Services, Inc.",NYSE,stock,264
ALAB,"Astera Labs, Inc.",NASDAQ,stock,265
TER,"Teradyne, Inc.",NASDAQ,stock,266
BSX,Boston Scientific Corporation,NYSE,stock,267
URI,"United Rentals, Inc.",NYSE,stock,268
UMC,United Microelectronics Corporation (NEW),NYSE,stock,269
APD,"Air Products and Chemicals, Inc.",NYSE,stock,270
TEL,TE Connectivity plc,NYSE,stock,271
MSTR,Strategy Inc,NASDAQ,stock,272
WPM,Wheaton Precious Metals Corp,NYSE,stock,273
KEYS,Keysight Technologies Inc.,NYSE,stock,274
CSLLY,Csl Ltd,,stock,275
SE,Sea Ltd,,stock,276
TDG,Transdigm Group Incorporated,NYSE,stock,277
MET,"MetLife, Inc.",NYSE,stock,278
ARGX,Argenx Se,,stock,279
NU,Nu Holdings Ltd.,NYSE,stock,280
NXPI,NXP Semiconductors N.V.,NASDAQ,stock,281
NTRA,"Natera, Inc.",NASDAQ,stock,282
TAK,Takeda Pharmaceutical Co Ltd,,stock,283
GWW,"W.W. Grainger, Inc.",NYSE,stock,284
PCAR,PACCAR Inc.,NASDAQ,stock,285
FIX,"Comfort Systems USA, Inc.",NYSE,stock,286
AJG,Arthur J. Gallagher & Co.,NYSE,stock,287
TRGP,"Targa Resources, Inc.",NYSE,stock,288
NOK,Nokia Corp,,stock,289
COR,"Cencora, Inc.",NYSE,stock,290
AON,Aon plc,NYSE,stock,291
AME,"AMETEK, Inc.",NYSE,stock,292
MPLX,Mplx Lp,,stock,293
RELX,Relx Plc,,stock,294
FAST,Fastenal Company,NASDAQ,stock,295
COHR,Coherent Corp.,NYSE,stock,296
GWLIF,Great-West Lifeco Inc.,,stock,297
CVE,Cenovus Energy Inc,NYSE,stock,298
ALL,Allstate Corporation (The),NYSE,stock,299
AFL,AFLAC Incorporated,NYSE,stock,300
VALE,Vale S.A.,,stock,301
TFC,Truist Financial Corporation,NYSE,stock,302
GRMN,Garmin Ltd.,NYSE,stock,303
DAL,"Delta Air Lines, Inc.",NYSE,stock,304
CRH,CRH PLC,NYSE,stock,305
BKR,Baker Hughes Company,NASDAQ,stock,306
LNG,"Cheniere Energy, Inc.",NYSE,stock,307
OXY,Occidental Petroleum Corporation,NYSE,stock,308
OKE,"ONEOK, Inc.",NYSE,stock,309
NUE,Nucor Corporation,NYSE,stock,310
PSA,Public Storage,NYSE,stock,311
D,"Dominion Energy, Inc.",NYSE,stock,312
NKE,"Nike, Inc.",NYSE,stock,313
O,Realty Income Corporation,NYSE,stock,314
CTVA,"Corteva, Inc.",NYSE,stock,315
LSEGY,London Stock Exchange Group plc,,stock,316
CAH,"Cardinal Health, Inc.",NYSE,stock,317
NDAQ,"Nasdaq, Inc.",NASDAQ,stock,318
FANG,"Diamondback Energy, Inc.",NASDAQ,stock,319
MT,Arcelor Mittal NY Registry Shares NEW,NYSE,stock,320
SRE,DBA Sempra,NYSE,stock,321
DVN,Devon Energy Corporation,NYSE,stock,322
EW,Edwards Lifesciences Corporation,NYSE,stock,323
EONGY,E.On Se,,stock,324
COIN,"Coinbase Global, Inc.",NASDAQ,stock,325
BDX,"Becton, Dickinson and Company",NYSE,stock,326
CIEN,Ciena Corporation,NYSE,stock,327
A,"Agilent Technologies, Inc.",NYSE,stock,328
HONA,Honeywell Aerospace Inc.,NASDAQ,stock,329
WAB,Westinghouse Air Brake Technologies Corporation,NYSE,stock,330
F,Ford Motor Company,NYSE,stock,331
STT,State Street Corporation,NYSE,stock,332
FNV,Franco-Nevada Corporation,NYSE,stock,333
ROK,"Rockwell Automation, Inc.",NYSE,stock,334
AU,AngloGold Ashanti PLC,NYSE,stock,335
CBRS,Cerebras Systems Inc.,NASDAQ,stock,336
CRWV,"CoreWeave, Inc.",NASDAQ,stock,337
STM,STMicroelectronics N.V.,NYSE,stock,338
VST,Vistra Corp.,NYSE,stock,339
ETR,Entergy Corporation,NYSE,stock,340
VMRK,Vivmark Residential,NYSE,stock,341
DEO,Diageo plc,NYSE,stock,342
EBAY,eBay Inc.,NASDAQ,stock,343
MDLN,Medline Inc.,NASDAQ,stock,344
TEVA,Teva Pharmaceutical Industries Limited,NYSE,stock,345
HUM,Humana Inc.,NYSE,stock,346
GALDY,Galderma Group AG/ADR,,stock,347
CLS,"Celestica, Inc.",NYSE,stock,348
FITB,Fifth Third Bancorp,NYSE,stock,349
PYPL,"PayPal Holdings, Inc.",NASDAQ,stock,350
AZO,"AutoZone, Inc.",NYSE,stock,351
CARR,Carrier Global Corporation,NYSE,stock,352
WDAY,"Workday, Inc.",NASDAQ,stock,353
CCEP,Coca-Cola Europacific Partners plc,NASDAQ,stock,354
RKLB,Rocket Lab Corporation,NASDAQ,stock,355
VEEV,Veeva Systems Inc.,NYSE,stock,356
KB,KB Financial Group Inc,NYSE,stock,357
XYZ,"Block, Inc.",NYSE,stock,358
ABEV,Ambev S.A.,,stock,359
IQV,"IQVIA Holdings, Inc.",NYSE,stock,360
VTR,"Ventas, Inc.",NYSE,stock,361
TYHOY,Toyota Tsusho Corporation/ADR,,stock,362
TWLO,Twilio Inc.,NYSE,stock,363
SMTOY,Sumitomo Electric Industries Ltd/Adr/,,stock,364
XEL,Xcel Energy Inc.,NASDAQ,stock,365
AMP,"Ameriprise Financial, Inc.",NYSE,stock,366
TEAM,Atlassian Corporation,NASDAQ,stock,367
SLF,Sun Life Financial Inc.,NYSE,stock,368
LHX,"L3Harris Technologies, Inc.",NYSE,stock,369
P,"Everpure, Inc.",NYSE,stock,370
RVMD,"Revolution Medicines, Inc.",NASDAQ,stock,371
WAT,Waters Corporation,NYSE,stock,372
FERG,Ferguson Enterprises Inc.,NYSE,stock,373
MCHP,Microchip Technology Incorporated,NASDAQ,stock,374
JXAMY,JX Advanced Metals Corporation/ADR,,stock,375
HEI,Heico Corporation,NYSE,stock,376
INFY,Infosys Ltd,,stock,377
BSBR,Banco Santander (Brasil) S.A.,,stock,378
KDP,Keurig Dr Pepper Inc.,NASDAQ,stock,379
IDXX,"IDEXX Laboratories, Inc.",NASDAQ,stock,380
ADSK,"Autodesk, Inc.",NASDAQ,stock,381
FLEX,Flex Ltd.,NASDAQ,stock,382
HMC,"Honda Motor Company, Ltd.",NYSE,stock,383
EXC,Exelon Corporation,NASDAQ,stock,384
ONC,BeOne Medicines Ltd.,,stock,385
RBGLY,Reckitt Benckiser Group Plc,,stock,386
TRI,Thomson Reuters Corp,NASDAQ,stock,387
ILMN,"Illumina, Inc.",NASDAQ,stock,388
NTAP,"NetApp, Inc.",NASDAQ,stock,389
CMG,"Chipotle Mexican Grill, Inc.",NYSE,stock,390
FMX,Fomento Economico Mexicano S.A.B. de C.V.,NYSE,stock,391
SCMWY,Swisscom Ag,,stock,392
LYV,"Live Nation Entertainment, Inc.",NYSE,stock,393
PRU,"Prudential Financial, Inc.",NYSE,stock,394
HLN,Haleon plc,,stock,395
IX,Orix Corp,,stock,396
ARES,Ares Management Corporation,NYSE,stock,397
AIG,"American International Group, Inc.",NYSE,stock,398
FER,Ferrovial N.V.,NASDAQ,stock,399
DHI,"D.R. Horton, Inc.",NYSE,stock,400
WCN,"Waste Connections, Inc.",NYSE,stock,401
MSCI,MSCI Inc.,NYSE,stock,402
ADM,Archer-Daniels-Midland Company,NYSE,stock,403
SHG,Shinhan Financial Group Co Ltd,,stock,404
ED,"Consolidated Edison, Inc.",NYSE,stock,405
JHPCY,"Jiangsu Hengrui Pharmaceuticals Co., Ltd./ADR",,stock,406
CCJ,Cameco Corporation,NYSE,stock,407
TTWO,"Take-Two Interactive Software, Inc.",NASDAQ,stock,408
CBRE,CBRE Group Inc,NYSE,stock,409
VOD,Vodafone Group Public Ltd Co,,stock,410
SYY,Sysco Corporation,NYSE,stock,411
YUM,"Yum! Brands, Inc.",NYSE,stock,412
BMWKY,Bayerische Motoren Werke AG/ADR,,stock,413
ODFL,"Old Dominion Freight Line, Inc.",NASDAQ,stock,414
UAL,"United Airlines Holdings, Inc.",NASDAQ,stock,415
CRDO,Credo Technology Group Holding Ltd,NASDAQ,stock,416
PCG,Pacific Gas & Electric Co.,NYSE,stock,417
KR,Kroger Company (The),NYSE,stock,418
JD,"JD.com, Inc.",,stock,419
OKTA,"Okta, Inc.",NASDAQ,stock,420
BBD,Bank Bradesco,,stock,421
RSHGY,Resona Holdings Inc,,stock,422
VIK,Viking Holdings Ltd,NYSE,stock,423
CHT,"Chunghwa Telecom Co., Ltd.",NYSE,stock,424
PAYX,"Paychex, Inc.",NASDAQ,stock,425
CCL,Carnival Corporation Ltd.,NYSE,stock,426
ROP,"Roper Technologies, Inc.",NASDAQ,stock,427
EL,"Estee Lauder Companies, Inc. (The)",NYSE,stock,428
KVUE,Kenvue Inc.,NYSE,stock,429
DLMAY,Dollarama Inc./ADR,,stock,430
NTR,Nutrien Ltd.,NYSE,stock,431
EC,Ecopetrol S.A.,,stock,432
AXON,"Axon Enterprise, Inc.",NASDAQ,stock,433
HIG,"The Hartford Insurance Group, Inc.",NYSE,stock,434
UI,Ubiquiti Inc.,NYSE,stock,435
ALNY,"Alnylam Pharmaceuticals, Inc.",NASDAQ,stock,436
TKO,"TKO Group Holdings, Inc.",NYSE,stock,437
MLM,"Martin Marietta Materials, Inc.",NYSE,stock,438
RPRX,Royalty Pharma plc,NASDAQ,stock,439
PEG,Public Service Enterprise Group Incorporated,NYSE,stock,440
EME,"EMCOR Group, Inc.",NYSE,stock,441
BIIB,Biogen Inc.,NASDAQ,stock,442
WEC,"WEC Energy Group, Inc.",NYSE,stock,443
RKT,"Rocket Companies, Inc.",NYSE,stock,444
JBL,Jabil Inc.,NYSE,stock,445
IRM,Iron Mountain Incorporated (Delaware)Common Stock REIT,NYSE,stock,446
CKHGF,Capitec Limited/ADR,,stock,447
KMB,Kimberly-Clark Corporation,NASDAQ,stock,448
ESLT,Elbit Systems Ltd.,NASDAQ,stock,449
QSR,Restaurant Brands International Inc.,NYSE,stock,450
GFI,Gold Fields Ltd,,stock,451
DXCM,"DexCom, Inc.",NASDAQ,stock,452
HSY,The Hershey Company,NYSE,stock,453
FRFHF,Fairfax Financial Holdings Ltd/ Can,,stock,454
ACGL,Arch Capital Group Ltd.,NASDAQ,stock,455
ZS,"Zscaler, Inc.",NASDAQ,stock,456
RMD,ResMed Inc.,NYSE,stock,457
TECK,Teck Resources Ltd,NYSE,stock,458
STLD,"Steel Dynamics, Inc.",NASDAQ,stock,459
NTRS,Northern Trust Corporation,NASDAQ,stock,460
EXPE,"Expedia Group, Inc.",NASDAQ,stock,461
ALC,Alcon Inc.,NYSE,stock,462
MTB,M&T Bank Corporation,NYSE,stock,463
VMC,Vulcan Materials Company (Holding Company),NYSE,stock,464
PUK,Prudential Public Limited Company,NYSE,stock,465
VG,"Venture Global, Inc.",NYSE,stock,466
HBAN,Huntington Bancshares Incorporated,NASDAQ,stock,467
MTD,"Mettler-Toledo International, Inc.",NYSE,stock,468
BAP,Credicorp Ltd.,NYSE,stock,469
RJF,"Raymond James Financial, Inc.",NYSE,stock,470
CNC,Centene Corporation,NYSE,stock,471
EQT,EQT Corporation,NYSE,stock,472
ERIC,Ericsson Lm Telephone Co,,stock,473
SUNB,"Sunbelt Rentals Holdings, Inc.",NYSE,stock,474
GEHC,GE HealthCare Technologies Inc.,NASDAQ,stock,475
UNVGY,Universal Music Group N.V./ADR,,stock,476
IR,Ingersoll Rand Inc.,NYSE,stock,477
BIDU,"Baidu, Inc.",,stock,478
RBLX,Roblox Corporation,NYSE,stock,479
CQP,"Cheniere Energy Partners, L.P.",,stock,480
EXR,Extra Space Storage Inc,NYSE,stock,481
ON,ON Semiconductor Corporation,NASDAQ,stock,482
CCI,Crown Castle Inc.,NYSE,stock,483
ZTS,Zoetis Inc.,NYSE,stock,484
NMR,Nomura Holdings Inc,,stock,485
KBGGY,Kongsberg Gruppen ASA/ADR,,stock,486
KGC,Kinross Gold Corporation,NYSE,stock,487
RYAAY,Ryanair Holdings Plc,,stock,488
FSNUY,Fresenius SE & Co. KGaA,,stock,489
TDY,Teledyne Technologies Incorporated,NYSE,stock,490
HPQ,HP Inc.,NYSE,stock,491
TS,Tenaris Sa,,stock,492
KHC,The Kraft Heinz Company,NYSE,stock,493
AEE,Ameren Corporation,NYSE,stock,494
CBOE,"Cboe Global Markets, Inc.",Cboe BZX,stock,495
RDDT,"Reddit, Inc.",NYSE,stock,496
SMCI,"Super Micro Computer, Inc.",NASDAQ,stock,497
WSM,"Williams-Sonoma, Inc.",NYSE,stock,498
DG,Dollar General Corporation,NYSE,stock,499
FTS,Fortis Inc.,NYSE,stock,500
CFG,"Citizens Financial Group, Inc.",NYSE,stock,501
FTI,TechnipFMC plc,NYSE,stock,502
WTW,Willis Towers Watson Public Limited Company,NASDAQ,stock,503
MDB,"MongoDB, Inc.",NASDAQ,stock,504
ATO,Atmos Energy Corporation,NYSE,stock,505
GFS,GlobalFoundries Inc.,NASDAQ,stock,506
TSEM,Tower Semiconductor Ltd.,NASDAQ,stock,507
WST,"West Pharmaceutical Services, Inc.",NYSE,stock,508
HAL,Halliburton Company,NYSE,stock,509
FOXA,Fox Corporation,NASDAQ,stock,510
Q,"Qnity Electronics, Inc.",NYSE,stock,511
ECHO,EchoStar Corporation,NASDAQ,stock,512
NVT,nVent Electric plc,NYSE,stock,513
ROIV,Roivant Sciences Ltd.,NASDAQ,stock,514
AWK,"American Water Works Company, Inc.",NYSE,stock,515
CPAY,"Corpay, Inc.",NYSE,stock,516
SN,"SharkNinja, Inc.",NYSE,stock,517
PBA,Pembina Pipeline Corp.,NYSE,stock,518
DGX,Quest Diagnostics Incorporated,NYSE,stock,519
ZM,"Zoom Communications, Inc.",NASDAQ,stock,520
ATI,ATI Inc.,NYSE,stock,521
VICI,VICI Properties Inc.,NYSE,stock,522
DOV,Dover Corporation,NYSE,stock,523
DTE,DTE Energy Company,NYSE,stock,524
CTSH,Cognizant Technology Solutions Corporation,NASDAQ,stock,525
VRSN,"VeriSign, Inc.",NASDAQ,stock,526
INSM,Insmed Incorporated,NASDAQ,stock,527
WRB,W.R. Berkley Corporation,NYSE,stock,528
SYM,Symbotic Inc.,NASDAQ,stock,529
FE,FirstEnergy Corp.,NYSE,stock,530
CPRT,"Copart, Inc.",NASDAQ,stock,531
INCY,Incyte Corporation,NASDAQ,stock,532
LH,Labcorp Holdings Inc.,NYSE,stock,533
FFIV,"F5, Inc.",NASDAQ,stock,534
CPNG,"Coupang, Inc.",NYSE,stock,535
OTIS,Otis Worldwide Corporation,NYSE,stock,536
LVS,Las Vegas Sands Corp.,NYSE,stock,537
BNTX,BioNTech SE,,stock,538
CINF,Cincinnati Financial Corporation,NASDAQ,stock,539
EXPD,"Expeditors International of Washington, Inc.",NYSE,stock,540
LPLA,LPL Financial Holdings Inc.,NASDAQ,stock,541
PPL,PPL Corporation,NYSE,stock,542
TCOM,Trip.com Group Ltd,,stock,543
PFG,Principal Financial Group Inc,NASDAQ,stock,544
CNP,"CenterPoint Energy, Inc (Holding Co)",NYSE,stock,545
HUBB,Hubbell Inc,NYSE,stock,546
FISV,"Fiserv, Inc.",NASDAQ,stock,547
PHG,Koninklijke Philips N.V. NY Registry Shares,NYSE,stock,548
ES,Eversource Energy (D/B/A),NYSE,stock,549
IHG,Intercontinental Hotels Group Plc /New/,,stock,550
ENTG,"Entegris, Inc.",NASDAQ,stock,551
GH,"Guardant Health, Inc.",NASDAQ,stock,552
XYL,Xylem Inc.,NYSE,stock,553
PPG,"PPG Industries, Inc.",NYSE,stock,554
ULTA,"Ulta Beauty, Inc.",NASDAQ,stock,555
VLTO,Veralto Corp,NYSE,stock,556
AFRM,"Affirm Holdings, Inc.",NASDAQ,stock,557
RBRK,"Rubrik, Inc.",NYSE,stock,558
FCNCA,"First Citizens BancShares, Inc.",NASDAQ,stock,559
SYF,Synchrony Financial,NYSE,stock,560
SW,Smurfit WestRock plc,NYSE,stock,561
ASTS,"AST SpaceMobile, Inc.",NASDAQ,stock,562
RF,Regions Financial Corporation,NYSE,stock,563
CRCL,"Circle Internet Group, Inc.",NYSE,stock,564
AER,AerCap Holdings N.V.,NYSE,stock,565
TPL,Texas Pacific Land Corporation,NYSE,stock,566
CHD,"Church & Dwight Company, Inc.",NYSE,stock,567
ROKU,"Roku, Inc.",NASDAQ,stock,568
PHM,"PulteGroup, Inc.",NYSE,stock,569
TPR,"Tapestry, Inc.",NYSE,stock,570
EDPFY,Edp Energias De Portugal Sa,,stock,571
CASY,"Caseys General Stores, Inc.",NASDAQ,stock,572
TROW,"T. Rowe Price Group, Inc.",NASDAQ,stock,573
CIB,Grupo Cibest S.A.,,stock,574
GPN,Global Payments Inc.,NYSE,stock,575
DRI,"Darden Restaurants, Inc.",NYSE,stock,576
IOT,Samsara Inc.,NYSE,stock,577
RIVN,"Rivian Automotive, Inc.",NASDAQ,stock,578
GMAB,Genmab A/S,,stock,579
IFF,"International Flavors & Fragrances, Inc.",NYSE,stock,580
MTNOY,Mtn Group Ltd/Adr,,stock,581
PS,Pershing Square Inc.,NYSE,stock,582
MTSI,"MACOM Technology Solutions Holdings, Inc.",NASDAQ,stock,583
TW,Tradeweb Markets Inc.,NASDAQ,stock,584
L,Loews Corporation,NYSE,stock,585
MKL,Markel Group Inc.,NYSE,stock,586
KEY,KeyCorp,NYSE,stock,587
VRSK,"Verisk Analytics, Inc.",NASDAQ,stock,588
JBHT,"J.B. Hunt Transport Services, Inc.",NASDAQ,stock,589
FWONA,Liberty Media Corporation - Series A,NASDAQ,stock,590
CHLSY,Chocoladefabriken Lindt & Spruengli AG/ADR,,stock,591
DLTR,"Dollar Tree, Inc.",NASDAQ,stock,592
CNH,CNH Industrial N.V.,NYSE,stock,593
ARXS,"Arxis, Inc.",NASDAQ,stock,594
RL,Ralph Lauren Corporation,NYSE,stock,595
CNGKY,Cheung Kong Property Holdings Limited/ADR,,stock,596
BG,Bunge Limited,NYSE,stock,597
XPO,"XPO, Inc.",NYSE,stock,598
PKG,Packaging Corporation of America,NYSE,stock,599
BSP,Bending Spoons S.p.A.,NASDAQ,stock,600
VTRS,Viatris Inc.,NASDAQ,stock,601
HKHHY,Heineken Holding N V,,stock,602
SOFI,"SoFi Technologies, Inc.",NASDAQ,stock,603
AMRZ,Amrize Ltd,NYSE,stock,604
THC,Tenet Healthcare Corporation,NYSE,stock,605
LUV,Southwest Airlines Company,NYSE,stock,606
NRG,"NRG Energy, Inc.",NYSE,stock,607
GELHY,Geely Automobile Holdings Limited/ADR,,stock,608
UTHR,United Therapeutics Corporation,NASDAQ,stock,609
RGLD,"Royal Gold, Inc.",NASDAQ,stock,610
STE,STERIS plc (Ireland),NYSE,stock,611
EIX,Edison International,NYSE,stock,612
SNX,TD SYNNEX Corporation,NYSE,stock,613
SOAGY,Sartorius AG/ADR,,stock,614
BCH,Banco De Chile ADS,NYSE,stock,615
OMC,Omnicom Group Inc.,NYSE,stock,616
BRO,"Brown & Brown, Inc.",NYSE,stock,617
USFD,US Foods Holding Corp.,NYSE,stock,618
LEN,Lennar Corporation,NYSE,stock,619
DOW,Dow Inc.,NYSE,stock,620
CMS,CMS Energy Corporation,NYSE,stock,621
RS,"Reliance, Inc.",NYSE,stock,622
CW,Curtiss-Wright Corporation,NYSE,stock,623
AMCR,Amcor plc,NYSE,stock,624
YPF,Ypf Sociedad Anonima,,stock,625
SITM,SiTime Corporation,NASDAQ,stock,626
HSAI,Hesai Group,,stock,627
CRS,Carpenter Technology Corporation,NYSE,stock,628
WF,Woori Financial Group Inc.,,stock,629
WWD,"Woodward, Inc.",NASDAQ,stock,630
EXE,Expand Energy Corporation,NASDAQ,stock,631
STZ,"Constellation Brands, Inc.",NYSE,stock,632
PAAS,Pan American Silver Corp.,NYSE,stock,633
SNA,Snap-On Incorporated,NYSE,stock,634
BCE,"BCE, Inc.",NYSE,stock,635
DINO,HF Sinclair Corporation,NYSE,stock,636
SQM,Sociedad Quimica y Minera S.A.,NYSE,stock,637
FSLR,"First Solar, Inc.",NASDAQ,stock,638
NI,NiSource Inc,NYSE,stock,639
ESS,"Essex Property Trust, Inc.",NYSE,stock,640
NTNX,"Nutanix, Inc.",NASDAQ,stock,641
LYB,LyondellBasell Industries NV,NYSE,stock,642
BBY,"Best Buy Co., Inc.",NYSE,stock,643
WES,"Western Midstream Partners, LP",,stock,644
ONTO,Onto Innovation Inc.,NYSE,stock,645
NDSN,Nordson Corporation,NASDAQ,stock,646
TELNY,Telenor Asa,,stock,647
BR,"Broadridge Financial Solutions, Inc.",NYSE,stock,648
BEKE,KE Holdings Inc.,,stock,649
CDE,"Coeur Mining, Inc.",NYSE,stock,650
SBS,Companhia De Saneamento Basico Do Estado De Sao Paulo-Sabesp,,stock,651
VIV,Telefonica Brasil S.A.,,stock,652
SSNC,"SS&C Technologies Holdings, Inc.",NASDAQ,stock,653
KSPI,Joint Stock Company Kaspi.kz - American Depository Shares,NASDAQ,stock,654
EVRG,"Evergy, Inc.",NASDAQ,stock,655
GIS,"General Mills, Inc.",NYSE,stock,656
IONQ,"IonQ, Inc.",NYSE,stock,657
TSN,"Tyson Foods, Inc.",NYSE,stock,658
MKSI,MKS Inc.,NASDAQ,stock,659
WCC,"WESCO International, Inc.",NYSE,stock,660
LSCC,Lattice Semiconductor Corporation,NASDAQ,stock,661
ZBRA,Zebra Technologies Corporation,NASDAQ,stock,662
PR,Permian Resources Corporation,NYSE,stock,663
CF,"CF Industries Holdings, Inc.",NYSE,stock,664
U,Unity Software Inc.,NYSE,stock,665
DD,"DuPont de Nemours, Inc.",NYSE,stock,666
GPC,Genuine Parts Company,NYSE,stock,667
IP,International Paper Company,NYSE,stock,668
FTAI,FTAI Aviation Ltd.,NASDAQ,stock,669
TRMOY,Tourmaline Oil Corp/ADR,,stock,670
TOST,"Toast, Inc.",NYSE,stock,671
CHRW,"C.H. Robinson Worldwide, Inc.",NASDAQ,stock,672
ZBH,"Zimmer Biomet Holdings, Inc.",NYSE,stock,673
MEDP,"Medpace Holdings, Inc.",NASDAQ,stock,674
MGA,"Magna International, Inc.",NYSE,stock,675
EWBC,"East West Bancorp, Inc.",NASDAQ,stock,676
FIS,"Fidelity National Information Services, Inc.",NYSE,stock,677
WTKWY,Wolters Kluwer N V /Fi,,stock,678
SBAC,SBA Communications Corporation,NASDAQ,stock,679
PKX,Posco Holdings Inc.,,stock,680
TPG,TPG Inc.,NASDAQ,stock,681
IEX,IDEX Corporation,NYSE,stock,682
RVTY,"Revvity, Inc.",NYSE,stock,683
PAA,Plains All American Pipeline Lp,,stock,684
SMTC,Semtech Corporation,NASDAQ,stock,685
MTZ,"MasTec, Inc.",NYSE,stock,686
BURL,"Burlington Stores, Inc.",NYSE,stock,687
RCI,"Rogers Communication, Inc.",NYSE,stock,688
FDXF,"FedEx Freight Holding Company, Inc.",NYSE,stock,689
APG,APi Group Corporation,NYSE,stock,690
STLA,Stellantis N.V.,NYSE,stock,691
NVR,"NVR, Inc.",NYSE,stock,692
BAWAY,BAWAG Group AG/ADR,,stock,693
FTV,Fortive Corporation,NYSE,stock,694
ARNNY,ASR Nederland N.V./ADR,,stock,695
LNT,Alliant Energy Corporation,NASDAQ,stock,696
DT,"Dynatrace, Inc.",NYSE,stock,697
BEN,"Franklin Templeton, Inc.",NYSE,stock,698
TSCO,Tractor Supply Company,NASDAQ,stock,699
CLH,"Clean Harbors, Inc.",NYSE,stock,700
RGA,"Reinsurance Group of America, Incorporated",NYSE,stock,701
EFX,"Equifax, Inc.",NYSE,stock,702
IREN,IREN Limited,NASDAQ,stock,703
CDW,CDW Corporation,NASDAQ,stock,704
OVV,Ovintiv Inc. (DE),NYSE,stock,705
DIDIY,DiDi Global Inc.,,stock,706
DOCN,"DigitalOcean Holdings, Inc.",NYSE,stock,707
BMNR,"BitMine Immersion Technologies, Inc.",NYSE,stock,708
DSEEY,Daiwa Securities Group Inc.,,stock,709
J,Jacobs Solutions Inc.,NYSE,stock,710
BSAC,Banco Santander - Chile ADS,NYSE,stock,711
WIT,Wipro Limited,NYSE,stock,712
RBC,RBC Bearings Incorporated,NYSE,stock,713
FUTU,Futu Holdings Ltd,,stock,714
AS,"Amer Sports, Inc.",NYSE,stock,715
SCRNY,"SCREEN Holdings Co., Ltd./ADR",,stock,716
LNTCY,"Lens Technology Co., Ltd./ADR",,stock,717
INVH,Invitation Homes Inc.,NYSE,stock,718
HST,"Host Hotels & Resorts, Inc.",NASDAQ,stock,719
AKAM,"Akamai Technologies, Inc.",NASDAQ,stock,720
NWSA,News Corporation,NASDAQ,stock,721
TIGO,Millicom International Cellular S.A.,NASDAQ,stock,722
STRL,"Sterling Infrastructure, Inc.",NASDAQ,stock,723
RML,Resolution Minerals Ltd,,stock,724
LDOS,"Leidos Holdings, Inc.",NYSE,stock,725
NLY,Annaly Capital Management Inc.,NYSE,stock,726
GFL,"GFL Environmental Inc. Subordinate voting shares, no par value",NYSE,stock,727
H,Hyatt Hotels Corporation,NYSE,stock,728
SOLV,Solventum Corporation,NYSE,stock,729
TLN,Talen Energy Corporation,NASDAQ,stock,730
ASND,Ascendis Pharma A/S,NASDAQ,stock,731
JAZZ,Jazz Pharmaceuticals plc,NASDAQ,stock,732
RBA,"RB Global, Inc.",NYSE,stock,733
CRBG,Corebridge Financial Inc.,NYSE,stock,734
KIM,Kimco Realty Corporation (HC),NYSE,stock,735
BALL,Ball Corporation,NYSE,stock,736
WPC,W. P. Carey Inc. REIT,NYSE,stock,737
FN,Fabrinet,NYSE,stock,738
PHYS,Sprott Physical Gold Trust ETV,NYSE Arca,etf,739
TEM,"Tempus AI, Inc.",NASDAQ,stock,740
OHI,"Omega Healthcare Investors, Inc.",NYSE,stock,741
LAMR,Lamar Advertising Company,NASDAQ,stock,742
PTC,PTC Inc.,NASDAQ,stock,743
LECO,"Lincoln Electric Holdings, Inc.",NASDAQ,stock,744
APA,APA Corporation,NASDAQ,stock,745
EMA,Emera Incorporated,NYSE,stock,746
ZTO,ZTO Express (Cayman) Inc.,,stock,747
EXEL,"Exelixis, Inc.",NASDAQ,stock,748
WMG,Warner Music Group Corp.,NASDAQ,stock,749
ROL,"Rollins, Inc.",NYSE,stock,750
OWL,Blue Owl Capital Inc.,NYSE,stock,751
JHX,James Hardie Industries plc.,NYSE,stock,752
PFGC,Performance Food Group Company,NYSE,stock,753
LOGI,Logitech International S.A. - Registered Shares,NASDAQ,stock,754
VNOM,"Viper Energy, Inc.",NASDAQ,stock,755
CHTR,"Charter Communications, Inc.",NASDAQ,stock,756
ARMK,Aramark,NYSE,stock,757
JLL,Jones Lang LaSalle Incorporated,NYSE,stock,758
KEP,Korea Electric Power Corporation,NYSE,stock,759
DOC,"Healthpeak Properties, Inc.",NYSE,stock,760
EQH,"Equitable Holdings, Inc.",NYSE,stock,761
CRL,"Charles River Laboratories International, Inc.",NYSE,stock,762
SUI,"Sun Communities, Inc.",NYSE,stock,763
EG,"Everest Group, Ltd.",NYSE,stock,764
CG,The Carlyle Group Inc.,NASDAQ,stock,765
PNFP,"Pinnacle Financial Partners, Inc.",NYSE,stock,766
WY,Weyerhaeuser Company,NYSE,stock,767
MAA,"Mid-America Apartment Communities, Inc.",NYSE,stock,768
NBIX,"Neurocrine Biosciences, Inc.",NASDAQ,stock,769
GIB,CGI Inc.,NYSE,stock,770
W,Wayfair Inc.,NYSE,stock,771
UNM,Unum Group,NYSE,stock,772
INIO,INNIO N.V.,NASDAQ,stock,773
CX,"Cemex, S.A.B. de C.V. Sponsored ADR",NYSE,stock,774
ARCC,Ares Capital Corporation - Closed End Fund,NASDAQ,stock,775
AGI,Alamos Gold Inc.,NYSE,stock,776
SUN,Sunoco LP,,stock,777
YUMC,"Yum China Holdings, Inc.",NYSE,stock,778
EMBJ,Embraer S.A.,NYSE,stock,779
SKM,"SK Telecom Co., Ltd.",NYSE,stock,780
VARRY,Var Energi ASA/ADR,,stock,781
GLXY,Galaxy Digital Inc.,NASDAQ,stock,782
OBICY,"OBIC Co., Ltd./ADR",,stock,783
REG,Regency Centers Corporation,NASDAQ,stock,784
HTHT,H World Group Ltd,,stock,785
BEP,Brookfield Renewable Partners L.P.,,stock,786
AMKR,"Amkor Technology, Inc.",NASDAQ,stock,787
SWK,"Stanley Black & Decker, Inc.",NYSE,stock,788
CACI,"CACI International, Inc.",NYSE,stock,789
MAS,Masco Corporation,NYSE,stock,790
RNR,RenaissanceRe Holdings Ltd.,NYSE,stock,791
IVZ,Invesco Ltd,NYSE,stock,792
DKS,Dick's Sporting Goods Inc,NYSE,stock,793
MLI,"Mueller Industries, Inc.",NYSE,stock,794
VICR,Vicor Corporation,NASDAQ,stock,795
FICO,Fair Isaac Corporation,NYSE,stock,796
ICLR,ICON plc,NASDAQ,stock,797
PAG,"Penske Automotive Group, Inc.",NYSE,stock,798
TXT,Textron Inc.,NYSE,stock,799
EQX,Equinox Gold Corp.,NYSE American,stock,800
TRMB,Trimble Inc.,NASDAQ,stock,801
SMMT,Summit Therapeutics Inc.,NASDAQ,stock,802
ALLE,Allegion plc,NYSE,stock,803
SGI,Somnigroup International Inc.,NYSE,stock,804
DFKUY,"Daifuku Co., Ltd./ADR",,stock,805
SWKS,"Skyworks Solutions, Inc.",NASDAQ,stock,806
TLK,"PT Telekomunikasi Indonesia, Tbk",NYSE,stock,807
TMTNY,Toromont Industries Ltd./ADR,,stock,808
ULS,UL Solutions Inc.,NYSE,stock,809
QNT,Quantinuum Inc.,NASDAQ,stock,810
AEG,Aegon Ltd. New York Registry Shares,NYSE,stock,811
TME,Tencent Music Entertainment Group,,stock,812
AIZ,"Assurant, Inc.",NYSE,stock,813
FLUT,Flutter Entertainment plc,NYSE,stock,814
CSL,Carlisle Companies Incorporated,NYSE,stock,815
MKC,"McCormick & Company, Incorporated",NYSE,stock,816
AVY,Avery Dennison Corporation,NYSE,stock,817
CHKP,Check Point Software Technologies Ltd.,NASDAQ,stock,818
BBIO,"BridgeBio Pharma, Inc.",NASDAQ,stock,819
TU,Telus Corporation,NYSE,stock,820
IESC,"IES Holdings, Inc.",NASDAQ,stock,821
TYL,"Tyler Technologies, Inc.",NYSE,stock,822
SJM,The J.M. Smucker Company,NYSE,stock,823
GRAB,Grab Holdings Limited,NASDAQ,stock,824
COKE,"Coca-Cola Consolidated, Inc.",NASDAQ,stock,825
HALO,"Halozyme Therapeutics, Inc.",NASDAQ,stock,826
GL,Globe Life Inc.,NYSE,stock,827
TTMI,"TTM Technologies, Inc.",NASDAQ,stock,828
RPM,RPM International Inc.,NYSE,stock,829
ALB,Albemarle Corporation,NYSE,stock,830
GGG,Graco Inc.,NYSE,stock,831
PEN,"Penumbra, Inc.",NYSE,stock,832
CORT,Corcept Therapeutics Incorporated,NASDAQ,stock,833
AMH,American Homes 4 Rent,NYSE,stock,834
GEN,Gen Digital Inc.,NASDAQ,stock,835
BWXT,"BWX Technologies, Inc.",NYSE,stock,836
TOL,"Toll Brothers, Inc.",NYSE,stock,837
PAC,"Grupo Aeroportuario Del Pacifico, S.A. B. de C.V. Grupo Aeroportuario Del Pacifico, S.A. de C.V. (each representing 10 Series B shares)",NYSE,stock,838
PSLV,Sprott Physical Silver Trust ETV,NYSE Arca,etf,839
LII,"Lennox International, Inc.",NYSE,stock,840
MAIR,Madison Air Solutions Corporation,NYSE,stock,841
DOCU,"DocuSign, Inc.",NASDAQ,stock,842
HAS,"Hasbro, Inc.",NASDAQ,stock,843
SEIC,SEI Investments Company,NASDAQ,stock,844
GNRC,Generac Holdlings Inc.,NYSE,stock,845
BWA,BorgWarner Inc.,NYSE,stock,846
UDR,"UDR, Inc.",NYSE,stock,847
WSO,"Watsco, Inc.",NYSE,stock,848
MOG-A,Moog Inc.,NYSE,stock,849
CNA,CNA Financial Corporation,NYSE,stock,850
TWST,Twist Bioscience Corporation,NASDAQ,stock,851
DTM,"DT Midstream, Inc.",NYSE,stock,852
AIT,"Applied Industrial Technologies, Inc.",NYSE,stock,853
NXT,Nextpower Inc.,NASDAQ,stock,854
TRU,TransUnion,NYSE,stock,855
JBS,JBS N.V.,NYSE,stock,856
FIVE,"Five Below, Inc.",NASDAQ,stock,857
QXO,"QXO, Inc.",NYSE,stock,858
EHC,Encompass Health Corporation,NYSE,stock,859
BLMOY,BELIMO Holding AG/ADR,,stock,860
NVMI,Nova Ltd.,NASDAQ,stock,861
HBM,Hudbay Minerals Inc.,NYSE,stock,862
CR,Crane Company,NYSE,stock,863
BF-B,Brown Forman Inc,NYSE,stock,864
BAX,Baxter International Inc.,NYSE,stock,865
WTS,"Watts Water Technologies, Inc.",NYSE,stock,866
BJ,"BJ's Wholesale Club Holdings, Inc.",NYSE,stock,867
SANM,Sanmina Corporation,NASDAQ,stock,868
GME,GameStop Corporation,NYSE,stock,869
FPS,"Forgent Power Solutions, Inc.",NYSE,stock,870
FMS,Fresenius Medical Care AG,,stock,871
UHAL,U-Haul Holding Company,NYSE,stock,872
GDDY,GoDaddy Inc.,NYSE,stock,873
MDGL,"Madrigal Pharmaceuticals, Inc.",NASDAQ,stock,874
ELS,"Equity Lifestyle Properties, Inc.",NYSE,stock,875
SAIL,"SailPoint, Inc.",NASDAQ,stock,876
ARW,"Arrow Electronics, Inc.",NYSE,stock,877
TXG,"10x Genomics, Inc.",NASDAQ,stock,878
IT,"Gartner, Inc.",NYSE,stock,879
MANH,"Manhattan Associates, Inc.",NASDAQ,stock,880
ERIE,Erie Indemnity Company,NASDAQ,stock,881
CCK,"Crown Holdings, Inc.",NYSE,stock,882
HUT,Hut 8 Corp.,NASDAQ,stock,883
HL,Hecla Mining Company,NYSE,stock,884
BMRN,BioMarin Pharmaceutical Inc.,NASDAQ,stock,885
GWRE,"Guidewire Software, Inc.",NYSE,stock,886
ALLY,Ally Financial Inc.,NYSE,stock,887
GLPI,"Gaming and Leisure Properties, Inc.",NASDAQ,stock,888
AFG,"American Financial Group, Inc.",NYSE,stock,889
TECH,Bio-Techne Corp,NASDAQ,stock,890
CPT,Camden Property Trust,NYSE,stock,891
AHR,"American Healthcare REIT, Inc.",NYSE,stock,892
YARIY,Yara International Asa,,stock,893
HMY,Harmony Gold Mining Company Limited,NYSE,stock,894
AEIS,"Advanced Energy Industries, Inc.",NASDAQ,stock,895
PNW,Pinnacle West Capital Corporation,NYSE,stock,896
ELAN,Elanco Animal Health Incorporated,NYSE,stock,897
SNN,"Smith & Nephew SNATS, Inc.",NYSE,stock,898
MICC,The Magnum Ice Cream Company N.V.,NYSE,stock,899
BXP,"BXP, Inc.",NYSE,stock,900
RMBS,"Rambus, Inc.",NASDAQ,stock,901
WTRG,"Essential Utilities, Inc.",NYSE,stock,902
DVA,DaVita Inc.,NYSE,stock,903
WSE,Wise Group plc,NASDAQ,stock,904
PSKY,Paramount Skydance Corporation,NASDAQ,stock,905
AGNC,AGNC Investment Corp.,NASDAQ,stock,906
BTSG,"BrightSpring Health Services, Inc.",NASDAQ,stock,907
AA,Alcoa Corporation,NYSE,stock,908
AKZOY,Akzo Nobel Nv,,stock,909
LI,Li Auto Inc.,,stock,910
FRHC,Freedom Holding Corp.,NASDAQ,stock,911
FRO,Frontline Plc,NYSE,stock,912
FHN,First Horizon Corporation,NYSE,stock,913
RGEN,Repligen Corporation,NASDAQ,stock,914
FIG,"Figma, Inc.",NYSE,stock,915
FROG,JFrog Ltd.,NASDAQ,stock,916
BZLFY,Bunzl Plc,,stock,917
EGP,"EastGroup Properties, Inc.",NYSE,stock,918
HRL,Hormel Foods Corporation,NYSE,stock,919
LFUS,"Littelfuse, Inc.",NASDAQ,stock,920
FNF,"Fidelity National Financial, Inc.",NYSE,stock,921
CSGP,"CoStar Group, Inc.",NASDAQ,stock,922
PAYP,PayPay Corporation - American Depository Shares,NASDAQ,stock,923
LULU,lululemon athletica inc.,NASDAQ,stock,924
RDY,Dr. Reddy's Laboratories Ltd,NYSE,stock,925
GSAT,"Globalstar, Inc.",NASDAQ,stock,926
COO,"The Cooper Companies, Inc.",NASDAQ,stock,927
NCLTY,"Nitori Holdings Co., Ltd.",,stock,928
FORM,"FormFactor, Inc.",NASDAQ,stock,929
DLAKY,Deutsche Lufthansa A G /Fi,,stock,930
AES,The AES Corporation,NYSE,stock,931
IAG,Iamgold Corporation,NYSE,stock,932
DDS,"Dillard's, Inc.",NYSE,stock,933
AUR,"Aurora Innovation, Inc.",NASDAQ,stock,934
DECK,Deckers Outdoor Corporation,NYSE,stock,935
SF,Stifel Financial Corporation,NYSE,stock,936
SUZ,Suzano S.A.,,stock,937
SCI,Service Corporation International,NYSE,stock,938
KNX,Knight-Swift Transportation Holdings Inc.,NYSE,stock,939
PINS,"Pinterest, Inc.",NYSE,stock,940
RRX,Regal Rexnord Corporation,NYSE,stock,941
UHS,"Universal Health Services, Inc.",NYSE,stock,942
SNROY,"Sanrio Company, Ltd./ADR",,stock,943
VIAV,Viavi Solutions Inc.,NASDAQ,stock,944
AR,Antero Resources Corporation,NYSE,stock,945
CART,Maplebear Inc.,NASDAQ,stock,946
XP,XP Inc.,NASDAQ,stock,947
TXRH,"Texas Roadhouse, Inc.",NASDAQ,stock,948
AVTR,"Avantor, Inc.",NYSE,stock,949
JKHY,"Jack Henry & Associates, Inc.",NASDAQ,stock,950
ALGN,"Align Technology, Inc.",NASDAQ,stock,951
HII,"Huntington Ingalls Industries, Inc.",NYSE,stock,952
QRVO,"Qorvo, Inc.",NASDAQ,stock,953
BIO,"Bio-Rad Laboratories, Inc.",NYSE,stock,954
ENSG,"The Ensign Group, Inc.",NASDAQ,stock,955
EGO,Eldorado Gold Corporation,NYSE,stock,956
DCI,"Donaldson Company, Inc.",NYSE,stock,957
GMED,"Globus Medical, Inc.",NYSE,stock,958
RTO,Rentokil Initial Plc /Fi,,stock,959
TFII,TFI International Inc.,NYSE,stock,960
HUBS,"HubSpot, Inc.",NYSE,stock,961
UMBF,UMB Financial Corporation,NASDAQ,stock,962
KRYS,"Krystal Biotech, Inc.",NASDAQ,stock,963
BNT,Brookfield Wealth Solutions Ltd. Class A Exchangeable Limited Voting Shares,NYSE,stock,964
MSGS,Madison Square Garden Sports Corp.,NYSE,stock,965
NYT,New York Times Company (The),NYSE,stock,966
CHYM,"Chime Financial, Inc.",NASDAQ,stock,967
BPOP,"Popular, Inc.",NASDAQ,stock,968
CGNX,Cognex Corporation,NASDAQ,stock,969
EVR,Evercore Inc.,NYSE,stock,970
ONON,On Holding AG,NYSE,stock,971
DPZ,Domino's Pizza Inc,NASDAQ,stock,972
LKNCY,Luckin Coffee Inc.,,stock,973
CLX,Clorox Company (The),NYSE,stock,974
BRKR,Bruker Corporation,NASDAQ,stock,975
DKNG,DraftKings Inc.,NASDAQ,stock,976
PAYC,"Paycom Software, Inc.",NYSE,stock,977
MOH,Molina Healthcare Inc,NYSE,stock,978
DRS,"Leonardo DRS, Inc.",NASDAQ,stock,979
ENLT,Enlight Renewable Energy Ltd.,NASDAQ,stock,980
MOD,Modine Manufacturing Company,NYSE,stock,981
RYAN,"Ryan Specialty Holdings, Inc.",NYSE,stock,982
WTFC,Wintrust Financial Corporation,NASDAQ,stock,983
SSB,SouthState Bank Corporation,NYSE,stock,984
WMS,"Advanced Drainage Systems, Inc.",NYSE,stock,985
AM,Antero Midstream Corporation,NYSE,stock,986
PNDRY,Pandora A/S / ADR,,stock,987
CFR,"Cullen/Frost Bankers, Inc.",NYSE,stock,988
PSO,"Pearson, Plc",NYSE,stock,989
AXSM,"Axsome Therapeutics, Inc.",NASDAQ,stock,990
AMG,"Affiliated Managers Group, Inc.",NYSE,stock,991
FRT,Federal Realty Investment Trust,NYSE,stock,992
VSAT,"ViaSat, Inc.",NASDAQ,stock,993
JEF,Jefferies Financial Group Inc.,NYSE,stock,994
DAR,Darling Ingredients Inc.,NYSE,stock,995
ONB,Old National Bancorp,NASDAQ,stock,996
HSIC,"Henry Schein, Inc.",NASDAQ,stock,997
WEGRY,Weir Group PLC/ADR,,stock,998
SIMO,Silicon Motion Technology CORP,,stock,999
MUSA,Murphy USA Inc.,NYSE,stock,1000
OC,Owens Corning Inc,NYSE,stock,1001
FLS,Flowserve Corporation,NYSE,stock,1002
MINBY,MINEBEA MITSUMI Inc.,,stock,1003
BSY,"Bentley Systems, Incorporated",NASDAQ,stock,1004
ARWR,"Arrowhead Pharmaceuticals, Inc.",NASDAQ,stock,1005
ALSN,"Allison Transmission Holdings, Inc.",NYSE,stock,1006
GKOS,Glaukos Corporation,NYSE,stock,1007
IBRX,"ImmunityBio, Inc.",NASDAQ,stock,1008
OGE,OGE Energy Corp,NYSE,stock,1009
MTCH,"Match Group, Inc.",NASDAQ,stock,1010
FCFS,"FirstCash Holdings, Inc.",NASDAQ,stock,1011
JAN,"Janus Living, Inc. Class A-1",NYSE,stock,1012
FDS,FactSet Research Systems Inc.,NYSE,stock,1013
ESTC,Elastic N.V.,NYSE,stock,1014
TTC,Toro Company (The),NYSE,stock,1015
AZBLY,Azbil Corporation/ADR,,stock,1016
QGEN,Qiagen N.V.,NYSE,stock,1017
AYI,Acuity Inc.,NYSE,stock,1018
GGB,Gerdau S.A.,NYSE,stock,1019
KT,KT Corporation,NYSE,stock,1020
PODD,Insulet Corporation,NASDAQ,stock,1021
ORI,Old Republic International Corporation,NYSE,stock,1022
ZION,Zions Bancorporation N.A.,NASDAQ,stock,1023
KYMR,"Kymera Therapeutics, Inc.",NASDAQ,stock,1024
PTGX,"Protagonist Therapeutics, Inc.",NASDAQ,stock,1025
XPEV,Xpeng Inc.,,stock,1026
OSCR,"Oscar Health, Inc.",NYSE,stock,1027
VMI,"Valmont Industries, Inc.",NYSE,stock,1028
CYTK,"Cytokinetics, Incorporated",NASDAQ,stock,1029
APTV,Aptiv PLC,NYSE,stock,1030
ELPC,Energy Co Of Parana,,stock,1031
AAL,"American Airlines Group, Inc.",NASDAQ,stock,1032
SNAP,Snap Inc.,NYSE,stock,1033
PBF,PBF Energy Inc.,NYSE,stock,1034
SAIA,"Saia, Inc.",NASDAQ,stock,1035
JXN,Jackson Financial Inc.,NYSE,stock,1036
LLYVA,"Liberty Live Holdings, Inc. - Series A Liberty Live Group",NASDAQ,stock,1037
SOLS,Solstice Advanced Materials Inc.,NASDAQ,stock,1038
HLI,"Houlihan Lokey, Inc.",NYSE,stock,1039
LTH,"Life Time Group Holdings, Inc.",NYSE,stock,1040
SSL,Sasol Ltd,,stock,1041
LGN,Legence Corp.,NASDAQ,stock,1042
CAI,"Caris Life Sciences, Inc.",NASDAQ,stock,1043
AG,First Majestic Silver Corp.,NYSE,stock,1044
LINE,"Lineage, Inc.",NASDAQ,stock,1045
R,"Ryder System, Inc.",NYSE,stock,1046
CTRE,"CareTrust REIT, Inc.",NYSE,stock,1047
ESI,Element Solutions Inc.,NYSE,stock,1048
SIRI,SiriusXM Holdings Inc.,NASDAQ,stock,1049
VBREY,Vibra Energia S.A./ADR,,stock,1050
TTEK,"Tetra Tech, Inc.",NASDAQ,stock,1051
KERCY,Keisei Electric Railway Co. Ltd/ADR,,stock,1052
AAOI,"Applied Optoelectronics, Inc.",NASDAQ,stock,1053
RRC,Range Resources Corporation,NYSE,stock,1054
YMM,Full Truck Alliance Co. Ltd.,,stock,1055
NIO,NIO Inc.,,stock,1056
TGTX,"TG Therapeutics, Inc.",NASDAQ,stock,1057
KNTK,Kinetik Holdings Inc.,NYSE,stock,1058
VOYA,"Voya Financial, Inc.",NYSE,stock,1059
ABVX,Abivax S.A.,,stock,1060
SPXC,"SPX Technologies, Inc.",NYSE,stock,1061
REXR,"Rexford Industrial Realty, Inc.",NYSE,stock,1062
CUBE,CubeSmart,NYSE,stock,1063
BRX,Brixmor Property Group Inc.,NYSE,stock,1064
KMX,CarMax Inc,NYSE,stock,1065
GWKSY,Games Workshop Group Plc/Adr,,stock,1066
PRI,"Primerica, Inc.",NYSE,stock,1067
PCVX,"Vaxcyte, Inc.",NASDAQ,stock,1068
MHK,"Mohawk Industries, Inc.",NYSE,stock,1069
EDU,"New Oriental Education & Technology Group, Inc. Sponsored ADR representing 10",NYSE,stock,1070
TIMB,Tim S.A.,,stock,1071
PNR,Pentair plc.,NYSE,stock,1072
MXL,"MaxLinear, Inc",NASDAQ,stock,1073
IDCC,"InterDigital, Inc.",NASDAQ,stock,1074
ADC,Agree Realty Corporation,NYSE,stock,1075
RHP,"Ryman Hospitality Properties, Inc. (REIT)",NYSE,stock,1076
BAH,Booz Allen Hamilton Holding Corporation,NYSE,stock,1077
EAT,"Brinker International, Inc.",NYSE,stock,1078
FR,"First Industrial Realty Trust, Inc.",NYSE,stock,1079
AVT,"Avnet, Inc.",NASDAQ,stock,1080
ARE,"Alexandria Real Estate Equities, Inc.",NYSE,stock,1081
ALV,"Autoliv, Inc.",NYSE,stock,1082
NEU,NewMarket Corp,NYSE,stock,1083
AGCO,AGCO Corporation,NYSE,stock,1084
WAL,Western Alliance Bancorporation,NYSE,stock,1085
GAP,"Gap, Inc. (The)",NYSE,stock,1086
KTOS,"Kratos Defense & Security Solutions, Inc.",NASDAQ,stock,1087
RIOT,"Riot Platforms, Inc.",NASDAQ,stock,1088
SPIIY,Spie Sa/Adr,,stock,1089
BVN,Buenaventura Mining Company Inc.,NYSE,stock,1090
OSK,Oshkosh Corporation (Holding Company)Common Stock,NYSE,stock,1091
TKR,Timken Company (The),NYSE,stock,1092
WLK,Westlake Corporation,NYSE,stock,1093
COLB,"Columbia Banking System, Inc.",NASDAQ,stock,1094
MP,MP Materials Corp.,NYSE,stock,1095
DY,"Dycom Industries, Inc.",NYSE,stock,1096
MGM,MGM Resorts International,NYSE,stock,1097
WYNN,"Wynn Resorts, Limited",NASDAQ,stock,1098
PB,"Prosperity Bancshares, Inc.",NYSE,stock,1099
S,"SentinelOne, Inc.",NYSE,stock,1100
LEA,Lear Corporation,NYSE,stock,1101
CBSH,"Commerce Bancshares, Inc.",NASDAQ,stock,1102
GIL,"Gildan Activewear, Inc. Class A Sub. Vot.",NYSE,stock,1103
PRAX,"Praxis Precision Medicines, Inc.",NASDAQ,stock,1104
AOS,A.O. Smith Corporation,NYSE,stock,1105
SNEX,StoneX Group Inc.,NASDAQ,stock,1106
SM,SM Energy Company,NYSE,stock,1107
NNN,"NNN REIT, Inc.",NYSE,stock,1108
BOKF,BOK Financial Corporation,NASDAQ,stock,1109
ATR,"AptarGroup, Inc.",NYSE,stock,1110
PCTY,Paylocity Holding Corporation,NASDAQ,stock,1111
HESM,Hess Midstream LP Class A Representing Limited Partner Interests,NYSE,stock,1112
LNC,Lincoln National Corporation,NYSE,stock,1113
ZWS,Zurn Elkay Water Solutions Corporation,NYSE,stock,1114
UGP,Ultrapar Holdings Inc,,stock,1115
UGI,UGI Corporation,NYSE,stock,1116
GTLB,GitLab Inc.,NASDAQ,stock,1117
RAL,Ralliant Corporation,NYSE,stock,1118
CNM,"Core & Main, Inc.",NYSE,stock,1119
CAE,CAE Inc,NASDAQ,stock,1120
IONS,"Ionis Pharmaceuticals, Inc.",NASDAQ,stock,1121
ACM,AECOM,NYSE,stock,1122
WULF,TeraWulf Inc.,NASDAQ,stock,1123
HNGE,"Hinge Health, Inc.",NYSE,stock,1124
APLD,Applied Digital Corporation,NASDAQ,stock,1125
LEVI,Levi Strauss & Co,NYSE,stock,1126
STN,Stantec Inc,NYSE,stock,1127
THG,Hanover Insurance Group Inc,NYSE,stock,1128
CBC,"Central Bancompany, Inc.",NASDAQ,stock,1129
EMN,Eastman Chemical Company,NYSE,stock,1130
IDA,"IDACORP, Inc.",NYSE,stock,1131
SYRE,"Spyre Therapeutics, Inc.",NASDAQ,stock,1132
SFD,"Smithfield Foods, Inc.",NASDAQ,stock,1133
LPGCY,Laopu Gold Co. Ltd./ADR,,stock,1134
PCOR,"Procore Technologies, Inc.",NYSE,stock,1135
VFS,VinFast Auto Ltd.,NASDAQ,stock,1136
SLAB,"Silicon Laboratories, Inc.",NASDAQ,stock,1137
CHWY,"Chewy, Inc.",NYSE,stock,1138
VIST,"Vista Energy, S.A.B. de C.V.",,stock,1139
SBSW,D/B/A Sibanye-Stillwater Limited ADS,NYSE,stock,1140
CEF,Sprott Physical Gold & Silver Trust,,stock,1141
KNSL,"Kinsale Capital Group, Inc.",NYSE,stock,1142
BCHMY,Bachem Holding AG/ADR,,stock,1143
CHRD,Chord Energy Corporation,NASDAQ,stock,1144
NFG,National Fuel Gas Company,NYSE,stock,1145
AVAV,"AeroVironment, Inc.",NASDAQ,stock,1146
STAG,"Stag Industrial, Inc.",NYSE,stock,1147
TRNO,Terreno Realty Corporation,NYSE,stock,1148
ZETA,Zeta Global Holdings Corp.,NYSE,stock,1149
CWEN,"Clearway Energy, Inc.",NYSE,stock,1150
ACA,"Arcosa, Inc.",NYSE,stock,1151
HQY,"HealthEquity, Inc.",NASDAQ,stock,1152
SARO,"StandardAero, Inc.",NYSE,stock,1153
VSXY,Victorias Secret & Co.,NYSE,stock,1154
CAMT,Camtek Ltd.,NASDAQ,stock,1155
MOS,Mosaic Company (The),NYSE,stock,1156
SSD,"Simpson Manufacturing Company, Inc.",NYSE,stock,1157
BJGPY,"Beijing Geekplus Technology Co., Ltd./ADR",,stock,1158
BTG,B2Gold Corp,NYSE American,stock,1159
PLXS,Plexus Corp.,NASDAQ,stock,1160
MAAS,Maase Inc.,NASDAQ,stock,1161
AMRX,"Amneal Pharmaceuticals, Inc.",NASDAQ,stock,1162
NTSK,"Netskope, Inc.",NASDAQ,stock,1163
FSS,Federal Signal Corporation,NYSE,stock,1164
AAON,"AAON, Inc.",NASDAQ,stock,1165
PRMB,Primo Brands Corporation,NYSE,stock,1166
DBX,"Dropbox, Inc.",NASDAQ,stock,1167
AXTA,Axalta Coating Systems Ltd.,NYSE,stock,1168
VLY,Valley National Bancorp,NASDAQ,stock,1169
CELH,"Celsius Holdings, Inc.",NASDAQ,stock,1170
MSA,MSA Safety Incorporated,NYSE,stock,1171
KEX,Kirby Corporation,NYSE,stock,1172
MORN,"Morningstar, Inc.",NASDAQ,stock,1173
CIFR,Cipher Digital Inc.,NASDAQ,stock,1174
COMP,"Compass, Inc.",NYSE,stock,1175
LOTMY,Lottomatica Group S.p.A./ADR,,stock,1176
SSRM,SSR Mining Inc.,NASDAQ,stock,1177
AWI,Armstrong World Industries Inc,NYSE,stock,1178
SOBO,South Bow Corporation,NYSE,stock,1179
OKLO,Oklo Inc.,NYSE,stock,1180
AXS,Axis Capital Holdings Limited,NYSE,stock,1181
SEI,"Solaris Energy Infrastructure, Inc.",NYSE,stock,1182
ESE,ESCO Technologies Inc.,NYSE,stock,1183
POWL,"Powell Industries, Inc.",NASDAQ,stock,1184
NCLH,Norwegian Cruise Line Holdings Ltd.,NYSE,stock,1185
ALKS,Alkermes plc,NASDAQ,stock,1186
IMVT,"Immunovant, Inc.",NASDAQ,stock,1187
APPF,"AppFolio, Inc.",NASDAQ,stock,1188
ALGM,"Allegro MicroSystems, Inc.",NASDAQ,stock,1189
MATX,"Matson, Inc.",NYSE,stock,1190
NOV,NOV Inc.,NYSE,stock,1191
SFGYY,Sony Financial Group Inc./ADR,,stock,1192
VCTR,"Victory Capital Holdings, Inc.",NASDAQ,stock,1193
BLTE,"Belite Bio, Inc",,stock,1194
GTES,Gates Industrial Corporation Ltd.,NYSE,stock,1195
IOVA,"Iovance Biotherapeutics, Inc.",NASDAQ,stock,1196
FLR,Fluor Corporation,NYSE,stock,1197
VNO,Vornado Realty Trust,NYSE,stock,1198
DSGX,The Descartes Systems Group Inc.,NASDAQ,stock,1199
GLBE,Global-E Online Ltd.,NASDAQ,stock,1200
PDI,PIMCO Dynamic Income Fund,NYSE,stock,1201
CAG,"ConAgra Brands, Inc.",NYSE,stock,1202
MAC,Macerich Company (The),NYSE,stock,1203
TAP,Molson Coors Beverage Company,NYSE,stock,1204
AUGO,Aura Minerals Inc.,NASDAQ,stock,1205
NE,Noble Corporation plc A,NYSE,stock,1206
CHE,Chemed Corp,NYSE,stock,1207
ESYJY,easyJet plc,,stock,1208
SHMXY,Shimadzu Corporation/ADR,,stock,1209
HIMS,"Hims & Hers Health, Inc.",NYSE,stock,1210
BROS,Dutch Bros Inc.,NYSE,stock,1211
RYTM,"Rhythm Pharmaceuticals, Inc.",NASDAQ,stock,1212
DUOL,"Duolingo, Inc.",NASDAQ,stock,1213
FIGR,"Figure Technology Solutions, Inc.",NASDAQ,stock,1214
PPC,Pilgrim's Pride Corporation,NASDAQ,stock,1215
PACS,"PACS Group, Inc.",NYSE,stock,1216
ARSTY,Ariston Holding N.V./ADR,,stock,1217
ENS,EnerSys,NYSE,stock,1218
TAL,TAL Education Group,,stock,1219
LNTH,"Lantheus Holdings, Inc.",NASDAQ,stock,1220
FAF,First American Corporation (New),NYSE,stock,1221
URBN,"Urban Outfitters, Inc.",NASDAQ,stock,1222
NPO,Enpro Inc.,NYSE,stock,1223
LAD,"Lithia Motors, Inc.",NYSE,stock,1224
OMF,"OneMain Holdings, Inc.",NYSE,stock,1225
MBLY,Mobileye Global Inc.,NASDAQ,stock,1226
OR,OR Royalties Inc.,NYSE,stock,1227
TXNM,"TXNM Energy, Inc.",NYSE,stock,1228
MGY,Magnolia Oil & Gas Corporation,NYSE,stock,1229
TFPM,Triple Flag Precious Metals Corp.,NYSE,stock,1230
ETSY,"Etsy, Inc.",NYSE,stock,1231
ACT,"Enact Holdings, Inc.",NASDAQ,stock,1232
TBBB,BBB Foods Inc.,NYSE,stock,1233
CLF,Cleveland-Cliffs Inc.,NYSE,stock,1234
PATH,"UiPath, Inc.",NYSE,stock,1235
HXL,Hexcel Corporation,NYSE,stock,1236
MBSHY,"Mitsubishi Gas Chemical Company, Inc./ADR",,stock,1237
LQDA,Liquidia Corporation,NASDAQ,stock,1238
ZG,"Zillow Group, Inc.",NASDAQ,stock,1239
GDS,GDS Holdings Ltd,,stock,1240
UBSI,"United Bankshares, Inc.",NASDAQ,stock,1241
QBTS,D-Wave Quantum Inc.,NASDAQ,stock,1242
BTDPY,Barratt Developments PLC/ADR,,stock,1243
MTDR,Matador Resources Company,NYSE,stock,1244
GATX,GATX Corporation,NYSE,stock,1245
LB,LandBridge Company LLC Class A Shares Representing Limited Liability Company Interests,NYSE,stock,1246
GGAL,Grupo Financiero Galicia Sa,,stock,1247
NICE,NICE Ltd.,,stock,1248
BZ,KANZHUN LIMITED - American Depository Shares,NASDAQ,stock,1249
HR,Healthcare Realty Trust Incorporated,NYSE,stock,1250
CGON,"CG Oncology, Inc.",NASDAQ,stock,1251
INGM,Ingram Micro Holding Corporation,NYSE,stock,1252
BLDR,"Builders FirstSource, Inc.",NYSE,stock,1253
PJT,PJT Partners Inc.,NYSE,stock,1254
DPC,DPC Holdings PLC,NYSE,stock,1255
OGC,OceanaGold Corporation,NYSE,stock,1256
CAVA,"CAVA Group, Inc.",NYSE,stock,1257
LGND,Ligand Pharmaceuticals Incorporated,NASDAQ,stock,1258
FNB,F.N.B. Corporation,NYSE,stock,1259
TEX,Terex Corporation,NYSE,stock,1260
BLCO,Bausch + Lomb Corporation,NYSE,stock,1261
BILI,Bilibili Inc.,,stock,1262
QLYS,"Qualys, Inc.",NASDAQ,stock,1263
M,Macy's Inc,NYSE,stock,1264
GRAL,"GRAIL, Inc.",NASDAQ,stock,1265
INGR,Ingredion Incorporated,NYSE,stock,1266
NXE,Nexgen Energy Ltd.,NYSE,stock,1267
IFS,Intercorp Financial Services Inc.,NYSE,stock,1268
CVLT,"Commvault Systems, Inc.",NASDAQ,stock,1269
PAGP,"Plains GP Holdings, L.P. - Class A Shares representing limited partner interests",NASDAQ,stock,1270
ST,Sensata Technologies Holding plc,NYSE,stock,1271
RNG,"RingCentral, Inc.",NYSE,stock,1272
XMTR,"Xometry, Inc.",NASDAQ,stock,1273
ERELY,Eregli Demir ve Celik Fabrikalari TAS/ADR,,stock,1274
CZR,"Caesars Entertainment, Inc.",NASDAQ,stock,1275
CRUS,"Cirrus Logic, Inc.",NASDAQ,stock,1276
JOBY,"Joby Aviation, Inc.",NYSE,stock,1277
CPB,The Campbell's Company,NASDAQ,stock,1278
ELF,"e.l.f. Beauty, Inc.",NYSE,stock,1279
TTAN,"ServiceTitan, Inc.",NASDAQ,stock,1280
ECG,"Everus Construction Group, Inc.",NYSE,stock,1281
DOX,Amdocs Limited,NASDAQ,stock,1282
SFM,"Sprouts Farmers Market, Inc.",NASDAQ,stock,1283
SWX,"Southwest Gas Holdings, Inc.",NYSE,stock,1284
PL,Planet Labs PBC,NYSE,stock,1285
VIPS,Vipshop Holdings Ltd,,stock,1286
POOL,Pool Corporation,NASDAQ,stock,1287
LW,"Lamb Weston Holdings, Inc.",NYSE,stock,1288
KNSA,"Kiniksa Pharmaceuticals International, plc",NASDAQ,stock,1289
WEX,WEX Inc.,NYSE,stock,1290
ENIC,Enel Chile S.A.,,stock,1291
SLFPY,Standard Life Plc,,stock,1292
LOAR,Loar Holdings Inc.,NYSE,stock,1293
TTD,"The Trade Desk, Inc.",NASDAQ,stock,1294
XE,"X-Energy, Inc.",NASDAQ,stock,1295
CIG,Energy Co Of Minas Gerais,,stock,1296
SGHC,Super Group (SGHC) Limited,NYSE,stock,1297
CROX,"Crocs, Inc.",NASDAQ,stock,1298
LKQ,LKQ Corporation,NASDAQ,stock,1299
AVAL,Grupo Aval Acciones Y Valores S.A.,,stock,1300
RIG,Transocean Ltd (Switzerland),NYSE,stock,1301
HLNE,Hamilton Lane Incorporated,NASDAQ,stock,1302
SRRK,Scholar Rock Holding Corporation,NASDAQ,stock,1303
STVN,Stevanato Group S.p.A.,NYSE,stock,1304
WFRD,Weatherford International plc,NASDAQ,stock,1305
MKTX,"MarketAxess Holdings, Inc.",NASDAQ,stock,1306
HWC,Hancock Whitney Corporation,NASDAQ,stock,1307
MTG,MGIC Investment Corporation,NYSE,stock,1308
JBTM,JBT Marel Corporation,NYSE,stock,1309
BXSL,Blackstone Secured Lending Fund,NYSE,stock,1310
LYFT,"Lyft, Inc.",NASDAQ,stock,1311
KOD,Kodiak Sciences Inc,NASDAQ,stock,1312
LUMN,"Lumen Technologies, Inc.",NYSE,stock,1313
GBCI,"Glacier Bancorp, Inc.",NYSE,stock,1314
MIRM,"Mirum Pharmaceuticals, Inc.",NASDAQ,stock,1315
HOMB,"Home BancShares, Inc.",NYSE,stock,1316
EPRT,"Essential Properties Realty Trust, Inc.",NYSE,stock,1317
LSTR,"Landstar System, Inc.",NASDAQ,stock,1318
VFC,V.F. Corporation,NYSE,stock,1319
BLLN,"BillionToOne, Inc.",NASDAQ,stock,1320
ANF,Abercrombie & Fitch Company,NYSE,stock,1321
ESNT,Essent Group Ltd.,NYSE,stock,1322
MBGL,Mobility Global Inc.,NYSE,stock,1323
YOU,"Clear Secure, Inc.",NYSE,stock,1324
FSV,FirstService Corporation,NASDAQ,stock,1325
ACI,"Albertsons Companies, Inc.",NYSE,stock,1326
TVTX,"Travere Therapeutics, Inc.",NASDAQ,stock,1327
ORA,"Ormat Technologies, Inc.",NYSE,stock,1328
MTRN,Materion Corporation,NYSE,stock,1329
MMED,"MiniMed Group, Inc.",NASDAQ,stock,1330
STEP,StepStone Group Inc.,NASDAQ,stock,1331
RYN,Rayonier Inc. REIT,NYSE,stock,1332
WFG,West Fraser Timber Co. Ltd,NYSE,stock,1333
SNDR,"Schneider National, Inc.",NYSE,stock,1334
EPAM,"EPAM Systems, Inc.",NYSE,stock,1335
CACC,Credit Acceptance Corporation,NASDAQ,stock,1336
RDNT,"RadNet, Inc.",NASDAQ,stock,1337
COGT,"Cogent Biosciences, Inc.",NASDAQ,stock,1338
CMBT,CMB.TECH NV,NYSE,stock,1339
SXT,Sensient Technologies Corporation,NYSE,stock,1340
BIRK,Birkenstock Holding plc,NYSE,stock,1341
VAL,Valaris Limited,NYSE,stock,1342
INSW,"International Seaways, Inc.",NYSE,stock,1343
AUB,Atlantic Union Bankshares Corporation,NYSE,stock,1344
STWD,"STARWOOD PROPERTY TRUST, INC. Starwood Property Trust Inc.",NYSE,stock,1345
WPP,WPP plc,,stock,1346
BLSH,Bullish,NYSE,stock,1347
CRSP,CRISPR Therapeutics AG,NASDAQ,stock,1348
ASB,Associated Banc-Corp,NYSE,stock,1349
CPA,"Copa Holdings, S.A.",NYSE,stock,1350
ORKA,"Oruka Therapeutics, Inc.",NASDAQ,stock,1351
PI,"Impinj, Inc.",NASDAQ,stock,1352
ABCB,Ameris Bancorp,NYSE,stock,1353
G,Genpact Limited,NYSE,stock,1354
PTCT,"PTC Therapeutics, Inc.",NASDAQ,stock,1355
DLB,Dolby Laboratories,NYSE,stock,1356
WH,"Wyndham Hotels & Resorts, Inc.",NYSE,stock,1357
BETA,"Beta Technologies, Inc.",NYSE,stock,1358
RUSHA,"Rush Enterprises, Inc.",NASDAQ,stock,1359
OTEX,Open Text Corporation,NASDAQ,stock,1360
BGC,"BGC Group, Inc.",NASDAQ,stock,1361
PEGA,Pegasystems Inc.,NASDAQ,stock,1362
AGX,"Argan, Inc.",NYSE,stock,1363
OBDC,Blue Owl Capital Corporation,NYSE,stock,1364
NAVN,"Navan, Inc.",NASDAQ,stock,1365
SAIC,Science Applications International Corporation,NASDAQ,stock,1366
NOVT,Novanta Inc.,NASDAQ,stock,1367
EXP,Eagle Materials Inc,NYSE,stock,1368
CHDN,"Churchill Downs, Incorporated",NASDAQ,stock,1369
VRNS,"Varonis Systems, Inc.",NASDAQ,stock,1370
BKH,Black Hills Corporation,NYSE,stock,1371
RGTI,"Rigetti Computing, Inc.",NASDAQ,stock,1372
CORZ,"Core Scientific, Inc.",NASDAQ,stock,1373
PECO,"Phillips Edison & Company, Inc.",NASDAQ,stock,1374
BCPC,Balchem Corporation,NASDAQ,stock,1375
CAKE,The Cheesecake Factory Incorporated,NASDAQ,stock,1376
SHC,Sotera Health Company,NASDAQ,stock,1377
LAUR,"Laureate Education, Inc.",NASDAQ,stock,1378
TFX,Teleflex Incorporated,NYSE,stock,1379
PSMT,"PriceSmart, Inc.",NASDAQ,stock,1380
AROC,"Archrock, Inc.",NYSE,stock,1381
USAR,"USA Rare Earth, Inc.",NASDAQ,stock,1382
ROAD,"Construction Partners, Inc.",NASDAQ,stock,1383
ACMR,"ACM Research, Inc.",NASDAQ,stock,1384
MAIN,Main Street Capital Corporation,NYSE,stock,1385
SMFSY,"Sumitomo Forestry Co., Ltd./ADR",,stock,1386
EXLS,"ExlService Holdings, Inc.",NASDAQ,stock,1387
POR,Portland General Electric Co,NYSE,stock,1388
BBUC,Brookfield Business Corporation Class A Subordinate Voting Shares,NYSE,stock,1389
BEPC,Brookfield Renewable Corporation Brookfield Renewable Corporation Class A Subordinate Voting Shares,NYSE,stock,1390
AN,"AutoNation, Inc.",NYSE,stock,1391
AXTI,AXT Inc,NASDAQ,stock,1392
RLI,RLI Corp.,NYSE,stock,1393
KGS,"Kodiak Gas Services, Inc.",NYSE,stock,1394
MMSI,"Merit Medical Systems, Inc.",NASDAQ,stock,1395
HAFN,Hafnia Limited,NYSE,stock,1396
NIQ,NIQ Global Intelligence plc,NYSE,stock,1397
TKMTY,"Tokyo Metro Co., Ltd./ADR",,stock,1398
DFTX,"Definium Therapeutics, Inc.",NASDAQ,stock,1399
IBP,"Installed Building Products, Inc.",NYSE,stock,1400
VEON,VEON Ltd.,,stock,1401
NJR,NewJersey Resources Corporation,NYSE,stock,1402
MUR,Murphy Oil Corporation,NYSE,stock,1403
OLLI,"Ollie's Bargain Outlet Holdings, Inc.",NASDAQ,stock,1404
CVI,CVR Energy Inc.,NYSE,stock,1405
GVA,Granite Construction Incorporated,NYSE,stock,1406
GXO,"GXO Logistics, Inc.",NYSE,stock,1407
BB,BlackBerry Limited,NYSE,stock,1408
IRDM,Iridium Communications Inc,NASDAQ,stock,1409
CWST,"Casella Waste Systems, Inc.",NASDAQ,stock,1410
CRGY,Crescent Energy Company,NYSE,stock,1411
RITM,Rithm Capital Corp.,NYSE,stock,1412
KRG,Kite Realty Group Trust,NYSE,stock,1413
OZK,Bank OZK,NASDAQ,stock,1414
SBRA,"Sabra Health Care REIT, Inc.",NASDAQ,stock,1415
RRR,"Red Rock Resorts, Inc.",NASDAQ,stock,1416
ERAS,"Erasca, Inc.",NASDAQ,stock,1417
SIGI,"Selective Insurance Group, Inc.",NASDAQ,stock,1418
OCTV,Octave Intelligence plc,NASDAQ,stock,1419
FTDR,"Frontdoor, Inc.",NASDAQ,stock,1420
FND,"Floor & Decor Holdings, Inc.",NYSE,stock,1421
NXST,"Nexstar Media Group, Inc.",NASDAQ,stock,1422
MRCY,Mercury Systems Inc,NASDAQ,stock,1423
VSH,"Vishay Intertechnology, Inc.",NYSE,stock,1424
GRFS,Grifols SA,,stock,1425
HRB,"H&R Block, Inc.",NYSE,stock,1426
MTN,"Vail Resorts, Inc.",NYSE,stock,1427
GLNG,Golar LNG Limited,NASDAQ,stock,1428
FLG,"Flagstar Bank, N.A.",NYSE,stock,1429
ACIW,"ACI Worldwide, Inc.",NASDAQ,stock,1430
AX,"Axos Financial, Inc.",NYSE,stock,1431
CE,Celanese Corporation,NYSE,stock,1432
KLIC,"Kulicke and Soffa Industries, Inc.",NASDAQ,stock,1433
OUT,OUTFRONT Media Inc.,NYSE,stock,1434
BYD,Boyd Gaming Corporation,NYSE,stock,1435
CNO,"CNO Financial Group, Inc.",NYSE,stock,1436
MWH,"SOLV Energy, Inc.",NASDAQ,stock,1437
FLIDY,Flsmidth & Co. A/S,,stock,1438
MANE,"Veradermics, Incorporated",NYSE,stock,1439
SON,Sonoco Products Company,NYSE,stock,1440
MDA,MDA Space Ltd.,NYSE,stock,1441
RSI,"Rush Street Interactive, Inc.",NYSE,stock,1442
SPHR,Sphere Entertainment Co.,NYSE,stock,1443
GTX,Garrett Motion Inc.,NASDAQ,stock,1444
IEP,Icahn Enterprises L.P.,,stock,1445
GOLF,Acushnet Holdings Corp.,NYSE,stock,1446
VSEC,VSE Corporation,NASDAQ,stock,1447
DNTH,"Dianthus Therapeutics, Inc.",NASDAQ,stock,1448
WTM,"White Mountains Insurance Group, Ltd.",NYSE,stock,1449
WAY,Waystar Holding Corp.,NASDAQ,stock,1450
ABCL,AbCellera Biologics Inc.,NASDAQ,stock,1451
GHC,Graham Holdings Company,NYSE,stock,1452
MIDD,The Middleby Corporation,NASDAQ,stock,1453
CSW,"CSW Industrials, Inc.",NYSE,stock,1454
CHH,"Choice Hotels International, Inc.",NYSE,stock,1455
EBC,"Eastern Bankshares, Inc.",NASDAQ,stock,1456
HAE,Haemonetics Corporation,NYSE,stock,1457
DOCS,"Doximity, Inc.",NYSE,stock,1458
OMAB,Central North Airport Group,,stock,1459
BUHPY,Bumrungrad Hospital Public Co Limited/ADR,,stock,1460
FNMA,Federal National Mortgage Association Fannie Mae,,stock,1461
MARA,"MARA Holdings, Inc.",NASDAQ,stock,1462
KLAR,Klarna Group plc,NYSE,stock,1463
SKY,"Champion Homes, Inc.",NYSE,stock,1464
CLMT,"Calumet, Inc",NASDAQ,stock,1465
OTF,Blue Owl Technology Finance Corp.,NYSE,stock,1466
PIPR,Piper Sandler Companies,NYSE,stock,1467
VIRT,"Virtu Financial, Inc.",NYSE,stock,1468
HCC,"Warrior Met Coal, Inc.",NYSE,stock,1469
GNTX,Gentex Corporation,NASDAQ,stock,1470
HGTY,"Hagerty, Inc.",NYSE,stock,1471
REYN,Reynolds Consumer Products Inc.,NASDAQ,stock,1472
MEOH,Methanex Corporation,NASDAQ,stock,1473
CNX,CNX Resources Corporation,NYSE,stock,1474
CIGI,Colliers International Group Inc.  - Subordinate Voting Shares,NASDAQ,stock,1475
ADPT,Adaptive Biotechnologies Corporation,NASDAQ,stock,1476
LPX,Louisiana-Pacific Corporation,NYSE,stock,1477
GEF,Greif Inc.,NYSE,stock,1478
UEC,Uranium Energy Corp.,NYSE American,stock,1479
UNF,Unifirst Corporation,NYSE,stock,1480
RKGRY,RENK Group AG/ADR,,stock,1481
CUZ,Cousins Properties Incorporated,NYSE,stock,1482
HASI,"HA Sustainable Infrastructure Capital, Inc.",NYSE,stock,1483
ATAT,Atour Lifestyle Holdings Ltd,,stock,1484
NWSGY,CTF Services Ltd,,stock,1485
TFSL,TFS Financial Corporation,NASDAQ,stock,1486
HPHTY,Hamamatsu Photonics K.K./ADR,,stock,1487
NSIT,"Insight Enterprises, Inc.",NASDAQ,stock,1488
CHEF,"The Chefs' Warehouse, Inc.",NASDAQ,stock,1489
KVYO,"Klaviyo, Inc. Series A",NYSE,stock,1490
SR,Spire Inc.,NYSE,stock,1491
FBIN,"Fortune Brands Innovations, Inc.",NYSE,stock,1492
FFIN,"First Financial Bankshares, Inc.",NASDAQ,stock,1493
EQPT,EquipmentShare.com Inc,NASDAQ,stock,1494
CRC,California Resources Corporation,NYSE,stock,1495
OGS,"ONE Gas, Inc.",NYSE,stock,1496
RELY,"Remitly Global, Inc.",NASDAQ,stock,1497
VSNT,"Versant Media Group, Inc.",NASDAQ,stock,1498
CON,"Concentra Group Holdings Parent, Inc.",NYSE,stock,1499
LFST,"LifeStance Health Group, Inc.",NASDAQ,stock,1500
DIOD,Diodes Incorporated,NASDAQ,stock,1501
ADT,ADT Inc.,NYSE,stock,1502
ALK,"Alaska Air Group, Inc.",NYSE,stock,1503
MBRFY,Marfrig Global Foods S.A.,,stock,1504
PRM,"Perimeter Solutions, SA",NYSE,stock,1505
NNI,"Nelnet, Inc.",NYSE,stock,1506
TREX,"Trex Company, Inc.",NYSE,stock,1507
MYRG,"MYR Group, Inc.",NASDAQ,stock,1508
BOX,"Box, Inc.",NYSE,stock,1509
CNK,"Cinemark Holdings Inc Cinemark Holdings, Inc.",NYSE,stock,1510
SIM,"GRUPO SIMEC, S.A.B. de C.V.",,stock,1511
TKC,Turkcell Iletisim Hizmetleri AS,NYSE,stock,1512
TPC,Tutor Perini Corporation,NYSE,stock,1513
WHD,"Cactus, Inc.",NYSE,stock,1514
HHH,Howard Hughes Holdings Inc.,NYSE,stock,1515
PSN,Parsons Corporation,NYSE,stock,1516
MRP,"Millrose Properties, Inc.",NYSE,stock,1517
SFBS,"ServisFirst Bancshares, Inc.",NYSE,stock,1518
MMYT,MakeMyTrip Limited,NASDAQ,stock,1519
AMTM,"Amentum Holdings, Inc.",NYSE,stock,1520
OII,"Oceaneering International, Inc.",NYSE,stock,1521
ONDS,Ondas Inc,NASDAQ,stock,1522
EPR,EPR Properties,NYSE,stock,1523
BIPC,Brookfield Infrastructure Corporation Brookfield Infrastructure Corporation,NYSE,stock,1524
ALH,Alliance Laundry Holdings Inc.,NYSE,stock,1525
KRMN,Karman Holdings Inc.,NYSE,stock,1526
GFF,Griffon Corporation,NYSE,stock,1527
UFPI,"UFP Industries, Inc.",NASDAQ,stock,1528
KBR,"KBR, Inc.",NYSE,stock,1529
FULT,Fulton Financial Corporation,NASDAQ,stock,1530
AIR,AAR Corp.,NYSE,stock,1531
BDC,Belden Inc,NYSE,stock,1532
HTFL,"Heartflow, Inc.",NASDAQ,stock,1533
CGAU,Centerra Gold Inc.,NYSE,stock,1534
ITGR,Integer Holdings Corporation,NYSE,stock,1535
INDV,"Indivior Pharmaceuticals, Inc.",NASDAQ,stock,1536
CNR,"Core Natural Resources, Inc.",NYSE,stock,1537
RDN,Radian Group Inc.,NYSE,stock,1538
SLM,SLM Corporation,NASDAQ,stock,1539
ARX,Accelerant Holdings,NYSE,stock,1540
FHI,"Federated Hermes, Inc.",NYSE,stock,1541
IBOC,International Bancshares Corporation,NASDAQ,stock,1542
XXI,"Twenty One Capital, Inc.",NYSE,stock,1543
MC,Moelis & Company,NYSE,stock,1544
HRI,Herc Holdings Inc.,NYSE,stock,1545
RMVEY,Rightmove PLC/ADR,,stock,1546
FELE,"Franklin Electric Co., Inc.",NASDAQ,stock,1547
CVCO,"Cavco Industries, Inc.",NASDAQ,stock,1548
CAAP,Corporacion America Airports SA,NYSE,stock,1549
EWTX,"Edgewise Therapeutics, Inc.",NASDAQ,stock,1550
BCO,Brinks Company (The),NYSE,stock,1551
ESAB,ESAB Corporation,NYSE,stock,1552
BC,Brunswick Corporation,NYSE,stock,1553
BMA,Banco Macro S.A.  ADR (representing Ten,NYSE,stock,1554
LIVN,LivaNova PLC,NASDAQ,stock,1555
DK,"Delek US Holdings, Inc.",NYSE,stock,1556
OPLN,"OPENLANE, Inc.",NYSE,stock,1557
VNT,Vontier Corporation,NYSE,stock,1558
COLD,"Americold Realty Trust, Inc.",NYSE,stock,1559
NWE,"NorthWestern Energy Group, Inc.",NASDAQ,stock,1560
STNG,Scorpio Tankers Inc.,NYSE,stock,1561
ENVA,"Enova International, Inc.",NYSE,stock,1562
MTH,Meritage Homes Corporation,NYSE,stock,1563
SKT,Tanger Inc.,NYSE,stock,1564
CECO,CECO Environmental Corp.,NASDAQ,stock,1565
IFHLY,Inficon Holding AG/ADR,,stock,1566
ENPH,"Enphase Energy, Inc.",NASDAQ,stock,1567
AKO-A,Embotelladora Andina S.A.,NYSE,stock,1568
PRIM,Primoris Services Corporation,NYSE,stock,1569
DAVE,Dave Inc.,NASDAQ,stock,1570
CVSA,Covista Inc.,NYSE,stock,1571
TCBI,"Texas Capital Bancshares, Inc.",NASDAQ,stock,1572
TNGX,"Tango Therapeutics, Inc.",NASDAQ,stock,1573
ICUI,"ICU Medical, Inc.",NASDAQ,stock,1574
DOO,BRP Inc. - Common Subordinate Voting Shares,NASDAQ,stock,1575
MTLMY,Metallium Limited/ADR,,stock,1576
PAM,Pampa Energia S.A.,NYSE,stock,1577
AZZ,AZZ Inc.,NYSE,stock,1578
TDW,Tidewater Inc.,NYSE,stock,1579
DLO,DLocal Limited,NASDAQ,stock,1580
GEO,Geo Group Inc (The) REIT,NYSE,stock,1581
CBT,Cabot Corporation,NYSE,stock,1582
UCB,"United Community Banks, Inc.",NYSE,stock,1583
FRVO,Fervo Energy Company,NASDAQ,stock,1584
OBOCY,Ottobock SE & Co. KGaA/ADR,,stock,1585
ADOOY,Adaro Energy PT/ADR/,,stock,1586
PTEN,"Patterson-UTI Energy, Inc.",NASDAQ,stock,1587
FBP,First BanCorp.,NYSE,stock,1588
JMKE,Jersey Mike's Subs Inc.,NYSE,stock,1589
AMVOY,Aumovio Se,,stock,1590
CATY,Cathay General Bancorp,NASDAQ,stock,1591
BNL,"Broadstone Net Lease, Inc.",NYSE,stock,1592
RLAY,"Relay Therapeutics, Inc.",NASDAQ,stock,1593
SIG,Signet Jewelers Limited,NYSE,stock,1594
BRC,Brady Corporation,NYSE,stock,1595
TDS,"Telephone and Data Systems, Inc.",NYSE,stock,1596
PBLS,"Parabilis Medicines, Inc.",NASDAQ,stock,1597
KRC,Kilroy Realty Corporation,NYSE,stock,1598
SYNA,Synaptics Incorporated,NASDAQ,stock,1599
CDP,COPT Defense Properties,NYSE,stock,1600
FSLY,"Fastly, Inc.",NASDAQ,stock,1601
JOYY,JOYY Inc.,,stock,1602
VKTX,"Viking Therapeutics, Inc.",NASDAQ,stock,1603
ACHR,Archer Aviation Inc.,NYSE,stock,1604
TNL,Travel   Leisure Co. Common  Stock,NYSE,stock,1605
SITE,"SiteOne Landscape Supply, Inc.",NYSE,stock,1606
ACLS,"Axcelis Technologies, Inc.",NASDAQ,stock,1607
AYA,Aya Gold & Silver Inc.,NASDAQ,stock,1608
KFY,Korn Ferry,NYSE,stock,1609
PARR,"Par Pacific Holdings, Inc.",NYSE,stock,1610
WSFS,WSFS Financial Corporation,NASDAQ,stock,1611
MDU,"MDU Resources Group, Inc.",NYSE,stock,1612
AWATY,Air Water Inc./ADR,,stock,1613
SEB,Seaboard Corporation,NYSE American,stock,1614
RUM,RUM Group Inc.,NASDAQ,stock,1615
MSGE,Madison Square Garden Entertainment Corp.,NYSE,stock,1616
CVBF,CVB Financial Corporation,NASDAQ,stock,1617
AQN,Algonquin Power & Utilities Corp.,NYSE,stock,1618
CCC,CCC Intelligent Solutions Holdings Inc.,NASDAQ,stock,1619
SKYW,"SkyWest, Inc.",NASDAQ,stock,1620
BFH,"Bread Financial Holdings, Inc.",NYSE,stock,1621
TGS,Transportadora de Gas del Sur SA TGS,NYSE,stock,1622
FLY,Firefly Aerospace Inc.,NASDAQ,stock,1623
ERO,Ero Copper Corp.,NYSE,stock,1624
TLX,Telix Pharmaceuticals Ltd,,stock,1625
LOPE,"Grand Canyon Education, Inc.",NASDAQ,stock,1626
APLE,"Apple Hospitality REIT, Inc.",NYSE,stock,1627
CAR,"Avis Budget Group, Inc.",NASDAQ,stock,1628
BULL,Webull Corporation,NASDAQ,stock,1629
ITRI,"Itron, Inc.",NASDAQ,stock,1630
NEXHY,"Nippon Express Holdings, Inc./ADR",,stock,1631
TENB,"Tenable Holdings, Inc.",NASDAQ,stock,1632
BATRA,"Atlanta Braves Holdings, Inc. - Series A",NASDAQ,stock,1633
SUNC,SunocoCorp LLC,,stock,1634
CELC,Celcuity Inc.,NASDAQ,stock,1635
NP,Neptune Insurance Holdings Inc.,NYSE,stock,1636
MAT,"Mattel, Inc.",NASDAQ,stock,1637
VVV,Valvoline Inc.,NYSE,stock,1638
NGXXF,NGEx Minerals Ltd.,,stock,1639
ALM,Almonty Industries Inc.,NASDAQ,stock,1640
SKE,Skeena Resources Limited,NYSE,stock,1641
PAY,"Paymentus Holdings, Inc.",NYSE,stock,1642
SLG,SL Green Realty Corp,NYSE,stock,1643
BWLP,BW LPG Limited,NYSE,stock,1644
CNS,Cohen & Steers Inc,NYSE,stock,1645
AVNT,Avient Corporation,NYSE,stock,1646
RHI,Robert Half Inc.,NYSE,stock,1647
JOE,St. Joe Company (The),NYSE,stock,1648
CRVL,CorVel Corp.,NASDAQ,stock,1649
AMLX,"Amylyx Pharmaceuticals, Inc.",NASDAQ,stock,1650
TAC,TransAlta Corporation,NYSE,stock,1651
VCYT,"Veracyte, Inc.",NASDAQ,stock,1652
NVST,Envista Holdings Corporation,NYSE,stock,1653
OTTR,Otter Tail Corporation,NASDAQ,stock,1654
SLGN,Silgan Holdings Inc.,NYSE,stock,1655
DNP,"DNP Select Income Fund, Inc.",NYSE,stock,1656
TRMD,TORM plc,NASDAQ,stock,1657
INDB,Independent Bank Corp.,NASDAQ,stock,1658
IPAR,"Interparfums, Inc.",NASDAQ,stock,1659
BOOT,"Boot Barn Holdings, Inc.",NYSE,stock,1660
LEGN,Legend Biotech Corp,,stock,1661
ARIS,Aris Mining Corporation,NYSE,stock,1662
MGNI,"Magnite, Inc.",NASDAQ,stock,1663
IRTC,"iRhythm Holdings, Inc.",NASDAQ,stock,1664
UCTT,"Ultra Clean Holdings, Inc.",NASDAQ,stock,1665
IOND,Ionic Digital Inc.,NASDAQ,stock,1666
DORM,"Dorman Products, Inc.",NASDAQ,stock,1667
IDYA,"IDEAYA Biosciences, Inc.",NASDAQ,stock,1668
CRK,"Comstock Resources, Inc.",NYSE,stock,1669
SEZL,Sezzle Inc.,NASDAQ,stock,1670
WT,"WisdomTree, Inc.",NYSE,stock,1671
EE,"Excelerate Energy, Inc.",NYSE,stock,1672
HP,"Helmerich & Payne, Inc.",NYSE,stock,1673
THO,"Thor Industries, Inc.",NYSE,stock,1674
DHT,"DHT Holdings, Inc.",NYSE,stock,1675
WSBC,"WesBanco, Inc.",NASDAQ,stock,1676
XENE,Xenon Pharmaceuticals Inc.,NASDAQ,stock,1677
FCN,"FTI Consulting, Inc.",NYSE,stock,1678
USAC,"USA Compression Partners, LP",,stock,1679
VAC,Marriott Vacations Worldwide Corporation,NYSE,stock,1680
BMI,"Badger Meter, Inc.",NYSE,stock,1681
OGN,Organon & Co.,NYSE,stock,1682
ATMU,Atmus Filtration Technologies Inc.,NYSE,stock,1683
RNST,Renasant Corporation,NYSE,stock,1684
LXP,LXP Industrial Trust,NYSE,stock,1685
TARS,"Tarsus Pharmaceuticals, Inc.",NASDAQ,stock,1686
PLSE,"Pulse Biosciences, Inc",NASDAQ,stock,1687
MANU,Manchester United Ltd.,NYSE,stock,1688
WK,Workiva Inc.,NYSE,stock,1689
CENX,Century Aluminum Company,NASDAQ,stock,1690
IRT,"Independence Realty Trust, Inc.",NYSE,stock,1691
MIR,"Mirion Technologies, Inc.",NYSE,stock,1692
BANF,BancFirst Corporation,NASDAQ,stock,1693
BILL,"BILL Holdings, Inc.",NYSE,stock,1694
KTB,"Kontoor Brands, Inc.",NYSE,stock,1695
PVH,PVH Corp.,NYSE,stock,1696
OLED,Universal Display Corporation,NASDAQ,stock,1697
ACAD,ACADIA Pharmaceuticals Inc.,NASDAQ,stock,1698
LAZ,"Lazard, Inc.",NYSE,stock,1699
NHC,National HealthCare Corporation,NYSE American,stock,1700
WBI,WaterBridge Infrastructure LLC Class A Shares Representing Limited Liability Company Interests,NYSE,stock,1701
CLSK,"CleanSpark, Inc.",NASDAQ,stock,1702
GNW,Genworth Financial Inc,NYSE,stock,1703
LMND,"Lemonade, Inc.",NYSE,stock,1704
SRAD,Sportradar Group AG,NASDAQ,stock,1705
ZIM,ZIM Integrated Shipping Services Ltd.,NYSE,stock,1706
MHO,"M/I Homes, Inc.",NYSE,stock,1707
FIBK,"First Interstate BancSystem, Inc.",NASDAQ,stock,1708
QTWO,"Q2 Holdings, Inc.",NYSE,stock,1709
NIC,Nicolet Bankshares Inc.,NYSE,stock,1710
ELVN,"Enliven Therapeutics, Inc.",NASDAQ,stock,1711
OPCH,"Option Care Health, Inc.",NASDAQ,stock,1712
ZGN,Ermenegildo Zegna N.V.,NYSE,stock,1713
SBLK,Star Bulk Carriers Corp.,NASDAQ,stock,1714
GPGI,"GPGI, Inc.",NYSE,stock,1715
RXO,"RXO, Inc.",NYSE,stock,1716
SXI,Standex International Corporation,NYSE,stock,1717
WRBY,Warby Parker Inc.,NYSE,stock,1718
ARQT,"Arcutis Biotherapeutics, Inc.",NASDAQ,stock,1719
TNK,Teekay Tankers Ltd.,NYSE,stock,1720
PTRN,Pattern Group Inc. - Series A,NASDAQ,stock,1721
SMGSY,SMG Swiss Marketplace Group AG/ADR,,stock,1722
HNI,HNI Corporation,NYSE,stock,1723
NATL,NCR Atleos Corporation,NYSE,stock,1724
EROC,"ERock, Inc.",NYSE,stock,1725
KOZAY,Turk Altin Isletmeleri A.S./ADR,,stock,1726
FSM,Fortuna Mining Corp.,NYSE,stock,1727
MIAX,"Miami International Holdings, Inc.",NYSE,stock,1728
MWA,MUELLER WATER PRODUCTS,NYSE,stock,1729
CSTM,Constellium SE,NYSE,stock,1730
DNLI,Denali Therapeutics Inc.,NASDAQ,stock,1731
FFBC,First Financial Bancorp.,NASDAQ,stock,1732
PFSI,"PennyMac Financial Services, Inc.",NYSE,stock,1733
IPGP,IPG Photonics Corporation,NASDAQ,stock,1734
POST,"Post Holdings, Inc.",NYSE,stock,1735
AB,Alliancebernstein Holding L.P.,,stock,1736
SHOO,"Steven Madden, Ltd.",NASDAQ,stock,1737
LIF,"Life360, Inc.",NASDAQ,stock,1738
LION,Lionsgate Studios Corp,NYSE,stock,1739
MCHB,Mechanics Bancorp,NASDAQ,stock,1740
CDNA,"CareDx, Inc.",NASDAQ,stock,1741
BMRRY,B&M European Value Retail S.A./ADR,,stock,1742
COCO,"The Vita Coco Company, Inc.",NASDAQ,stock,1743
NHI,"National Health Investors, Inc.",NYSE,stock,1744
GBDC,"Golub Capital BDC, Inc. - Closed End Fund",NASDAQ,stock,1745
HG,"Hamilton Insurance Group, Ltd.",NYSE,stock,1746
SFNC,Simmons First National Corporation,NASDAQ,stock,1747
CSQ,Calamos Strategic Total Return Fund - Closed End Fund,NASDAQ,stock,1748
FRSH,Freshworks Inc.,NASDAQ,stock,1749
PLMR,"Palomar Holdings, Inc.",NASDAQ,stock,1750
AEHR,Aehr Test Systems,,stock,1751
HIW,"Highwoods Properties, Inc.",NYSE,stock,1752
AAMI,Acadian Asset Management Inc.,NYSE,stock,1753
PRK,Park National Corporation,NYSE American,stock,1754
AWR,American States Water Company,NYSE,stock,1755
RCUS,"Arcus Biosciences, Inc.",NYSE,stock,1756
SMR,NuScale Power Corporation,NYSE,stock,1757
TGB,Trekor Metals Limited,NYSE American,stock,1758
BBWI,"Bath & Body Works, Inc.",NYSE,stock,1759
CURB,Curbline Properties Corp.,NYSE,stock,1760
ADX,Adams Diversified Equity Fund Inc.,NYSE,stock,1761
CXW,"CoreCivic, Inc.",NYSE,stock,1762
ATKR,Atkore Inc.,NYSE,stock,1763
VGNT,Versigent PLC,NYSE,stock,1764
LIFE,Ethos Technologies Inc.,NASDAQ,stock,1765
CALM,"Cal-Maine Foods, Inc.",NASDAQ,stock,1766
HTGC,"Hercules Capital, Inc.",NYSE,stock,1767
KN,Knowles Corporation,NYSE,stock,1768
LBTYA,Liberty Global Ltd.,NASDAQ,stock,1769
USLM,"United States Lime & Minerals, Inc.",NASDAQ,stock,1770
MNDY,monday.com Ltd.,NASDAQ,stock,1771
KAI,Kadant Inc,NYSE,stock,1772
HYPMY,Hypermarcas S.A.,,stock,1773
CBU,"Community Financial System, Inc.",NYSE,stock,1774
INFQ,"Infleqtion, Inc.",NYSE,stock,1775
ARLP,Alliance Resource Partners Lp,,stock,1776
VECO,Veeco Instruments Inc.,NASDAQ,stock,1777
ABG,Asbury Automotive Group Inc,NYSE,stock,1778
PK,Park Hotels & Resorts Inc.,NYSE,stock,1779
SBCF,Seacoast Banking Corporation of Florida,NASDAQ,stock,1780
ECO,Okeanis Eco Tankers Corp.,NYSE,stock,1781
COHU,"Cohu, Inc.",NASDAQ,stock,1782
LRN,"Stride, Inc.",NYSE,stock,1783
WSC,WillScot Holdings Corporation,NASDAQ,stock,1784
NVTS,Navitas Semiconductor Corporation,NASDAQ,stock,1785
UTG,Reaves Utility Income Fund,NYSE American,stock,1786
BFAM,Bright Horizons Family Solutions Inc.,NYSE,stock,1787
SII,Sprott Inc.,NYSE,stock,1788
BTE,Baytex Energy Corp,NYSE,stock,1789
ASH,Ashland Inc.,NYSE,stock,1790
YETI,"YETI Holdings, Inc.",NYSE,stock,1791
SA,"Seabridge Gold, Inc.",NYSE,stock,1792
CPK,Chesapeake Utilities Corporation,NYSE,stock,1793
PLNT,"Planet Fitness, Inc.",NYSE,stock,1794
BWIN,"The Baldwin Insurance Group, Inc.",NASDAQ,stock,1795
DKL,"Delek Logistics Partners, LP",,stock,1796
FSK,FS KKR Capital Corp.,NYSE,stock,1797
OSIS,"OSI Systems, Inc.",NASDAQ,stock,1798
EXPO,"Exponent, Inc.",NASDAQ,stock,1799
IMAX,Imax Corporation,NYSE,stock,1800
BSM,"Black Stone Minerals, L.P.",,stock,1801
NMRK,"Newmark Group, Inc.",NASDAQ,stock,1802
BKU,"BankUnited, Inc.",NYSE,stock,1803
NMIH,NMI Holdings Inc,NASDAQ,stock,1804
FA,First Advantage Corporation,NASDAQ,stock,1805
AMBA,"Ambarella, Inc.",NASDAQ,stock,1806
AGO,Assured Guaranty Ltd.,NYSE,stock,1807
DYN,"Dyne Therapeutics, Inc.",NASDAQ,stock,1808
FHB,"First Hawaiian, Inc.",NASDAQ,stock,1809
BHF,"Brighthouse Financial, Inc.",NASDAQ,stock,1810
LBRT,Liberty Energy Inc.,NYSE,stock,1811
CBZ,"CBIZ, Inc.",NYSE,stock,1812
PII,Polaris Inc.,NYSE,stock,1813
VTMX,"Vesta Real Estate Corporation, S.A.B. de C.V.",,stock,1814
BHE,"Benchmark Electronics, Inc.",NYSE,stock,1815
DBRG,"DigitalBridge Group, Inc.",,stock,1816
LPL,"LG Display Co, Ltd AMERICAN DEPOSITORY SHARES",NYSE,stock,1817
PPLI,People Incorporated,NASDAQ,stock,1818
BTDR,Bitdeer Technologies Group,NASDAQ,stock,1819
AEO,"American Eagle Outfitters, Inc.",NYSE,stock,1820
WIX,Wix.com Ltd.,NASDAQ,stock,1821
COLM,Columbia Sportswear Company,NASDAQ,stock,1822
AAUC,Allied Gold Corporation,NYSE,stock,1823
BTU,Peabody Energy Corporation,NYSE,stock,1824
KNF,Knife Riv Holding Co.,NYSE,stock,1825
ASO,"Academy Sports and Outdoors, Inc.",NASDAQ,stock,1826
KYIV,Kyivstar Group Ltd.,NASDAQ,stock,1827
WOR,"Worthington Enterprises, Inc.",NYSE,stock,1828
SPSC,"SPS Commerce, Inc.",NASDAQ,stock,1829
WING,Wingstop Inc.,NASDAQ,stock,1830
ZLAB,Zai Lab Ltd,,stock,1831
CLBK,"Columbia Financial, Inc.",NASDAQ,stock,1832
AVA,Avista Corporation,NYSE,stock,1833
DAN,Dana Incorporated,NYSE,stock,1834
OUST,"Ouster, Inc.",NASDAQ,stock,1835
DGII,Digi International Inc.,NASDAQ,stock,1836
TMDX,"TransMedics Group, Inc.",NASDAQ,stock,1837
AD,"Array Digital Infrastructure, Inc.",NYSE,stock,1838
FOUR,"Shift4 Payments, Inc.",NYSE,stock,1839
ATRC,"AtriCure, Inc.",NASDAQ,stock,1840
CHRN,ChronoScale Holdings Corporation,NASDAQ,stock,1841
UUUU,Energy Fuels Inc,NYSE American,stock,1842
DXPE,"DXP Enterprises, Inc.",NASDAQ,stock,1843
GRBK,"Green Brick Partners, Inc.",NYSE,stock,1844
PFS,"Provident Financial Services, Inc",NYSE,stock,1845
PENG,"Penguin Solutions, Inc.",NASDAQ,stock,1846
NEA,Nuveen AMT-Free Quality Municipal Income Fund,NYSE,stock,1847
ATRO,Astronics Corporation,NASDAQ,stock,1848
SPNT,SiriusPoint Ltd.,NYSE,stock,1849
KBH,KB Home,NYSE,stock,1850
NG,Novagold Resources Inc.,NYSE American,stock,1851
ASST,"Strive, Inc.",NASDAQ,stock,1852
PGEN,"Precigen, Inc.",NASDAQ,stock,1853
SMG,Scotts Miracle-Gro Company (The),NYSE,stock,1854
TNET,"TriNet Group, Inc.",NYSE,stock,1855
CURLF,"Curaleaf Holdings, Inc.",,stock,1856
ABM,ABM Industries Incorporated,NYSE,stock,1857
POWI,"Power Integrations, Inc.",NASDAQ,stock,1858
ARCB,ArcBest Corporation,NASDAQ,stock,1859
GPI,"Group 1 Automotive, Inc.",NYSE,stock,1860
PONY,Pony AI Inc.,,stock,1861
BELFA,Bel Fuse Inc.,NASDAQ,stock,1862
IHS,IHS Holding Limited,NYSE,stock,1863
AVPT,"AvePoint, Inc.",NASDAQ,stock,1864
NEOG,Neogen Corporation,NASDAQ,stock,1865
FG,"F&G Annuities & Life, Inc.",NYSE,stock,1866
DNOW,DNOW Inc.,NYSE,stock,1867
NTCT,"NetScout Systems, Inc.",NASDAQ,stock,1868
TR,"Tootsie Roll Industries, Inc.",NYSE,stock,1869
CWT,California Water Service Group,NYSE,stock,1870
LEU,Centrus Energy Corp.,NYSE,stock,1871
QS,QuantumScape Corporation,NASDAQ,stock,1872
MRVI,"Maravai LifeSciences Holdings, Inc.",NASDAQ,stock,1873
DX,"Dynex Capital, Inc.",NYSE,stock,1874
AKR,Acadia Realty Trust,NYSE,stock,1875
SDRL,Seadrill Limited,NYSE,stock,1876
MBX,"MBX Biosciences, Inc.",NASDAQ,stock,1877
EXTR,"Extreme Networks, Inc.",NASDAQ,stock,1878
NAMS,NewAmsterdam Pharma Company N.V.,NASDAQ,stock,1879
HGV,Hilton Grand Vacations Inc.,NYSE,stock,1880
EFXT,Enerflex Ltd,NYSE,stock,1881
WTTR,"Select Water Solutions, Inc.",NYSE,stock,1882
GRND,Grindr Inc.,NYSE,stock,1883
CWK,Cushman & Wakefield Ltd.,NYSE,stock,1884
REZI,"Resideo Technologies, Inc.",NYSE,stock,1885
FIZZ,National Beverage Corp.,NASDAQ,stock,1886
FRMI,Fermi Inc.,NASDAQ,stock,1887
CARG,"CarGurus, Inc.",NASDAQ,stock,1888
MGRC,McGrath RentCorp,NASDAQ,stock,1889
AVAH,Aveanna Healthcare Holdings Inc.,NASDAQ,stock,1890
BANC,"Banc of California, Inc.",NYSE,stock,1891
MMS,"Maximus, Inc.",NYSE,stock,1892
KC,Kingsoft Cloud Holdings Ltd,,stock,1893
UE,Urban Edge Properties,NYSE,stock,1894
UNFI,"United Natural Foods, Inc.",NYSE,stock,1895
ADEA,Adeia Inc.,NASDAQ,stock,1896
AMC,"AMC Entertainment Holdings, Inc.",NYSE,stock,1897
BOH,Bank of Hawaii Corporation,NYSE,stock,1898
CLBT,Cellebrite DI Ltd.,NASDAQ,stock,1899
FRPT,"Freshpet, Inc.",NASDAQ,stock,1900
EROK,"EagleRock Land, LLC Class A shares representing limited liability company interests",NYSE,stock,1901
CXT,"Crane NXT, Co.",NYSE,stock,1902
MZTI,The Marzetti Company,NASDAQ,stock,1903
GPK,Graphic Packaging Holding Company,NYSE,stock,1904
RDW,Redwire Corporation,NYSE,stock,1905
WDFC,WD-40 Company,NASDAQ,stock,1906
TALO,"Talos Energy, Inc.",NYSE,stock,1907
KWR,Quaker Houghton,NYSE,stock,1908
MNSO,MINISO Group Holding Ltd,,stock,1909
PPTA,Perpetua Resources Corp.,NASDAQ,stock,1910
LFTO,"Liftoff Mobile, Inc.",NASDAQ,stock,1911
FUL,H. B. Fuller Company,NYSE,stock,1912
AGYS,"Agilysys, Inc.",NASDAQ,stock,1913
GPOR,Gulfport Energy Corporation,NYSE,stock,1914
INTA,"Intapp, Inc.",NASDAQ,stock,1915
PLUG,"Plug Power, Inc.",NASDAQ,stock,1916
NESR,National Energy Services Reunited Corp,NASDAQ,stock,1917
TDC,Teradata Corporation,NYSE,stock,1918
CSQR,"Csquare, Inc.",NYSE,stock,1919
BCC,"Boise Cascade, L.L.C.",NYSE,stock,1920
PTXKY,PT XLSMART Telecom Sejahtera Tbk/ADR,,stock,1921
HWKN,"Hawkins, Inc.",NASDAQ,stock,1922
TRMK,Trustmark Corporation,NASDAQ,stock,1923
NMM,Navios Maritime Partners L.P.,,stock,1924
SLDE,"Slide Insurance Holdings, Inc.",NASDAQ,stock,1925
ALRM,"Alarm.com Holdings, Inc.",NASDAQ,stock,1926
HAYW,"Hayward Holdings, Inc.",NYSE,stock,1927
SOUN,"SoundHound AI, Inc.",NASDAQ,stock,1928
MGEE,MGE Energy Inc.,NASDAQ,stock,1929
NBTB,NBT Bancorp Inc.,NASDAQ,stock,1930
MAN,ManpowerGroup,NYSE,stock,1931
BKD,Brookdale Senior Living Inc.,NYSE,stock,1932
AMBP,Ardagh Metal Packaging S.A.,NYSE,stock,1933
FBK,FB Financial Corporation,NYSE,stock,1934
BRZE,"Braze, Inc.",NASDAQ,stock,1935
ACHC,"Acadia Healthcare Company, Inc.",NASDAQ,stock,1936
DCO,Ducommun Incorporated,NYSE,stock,1937
HOG,"Harley-Davidson, Inc.",NYSE,stock,1938
GRDN,"Guardian Pharmacy Services, Inc.",NYSE,stock,1939
EXK,Endeavour Silver Corporation,NYSE,stock,1940
FBNC,First Bancorp,NASDAQ,stock,1941
HTO,H2O America,NASDAQ,stock,1942
APAM,Artisan Partners Asset Management Inc.,NYSE,stock,1943
DRH,Diamondrock Hospitality Company,NASDAQ,stock,1944
BBAR,Banco BBVA Argentina S.A. ADS,NYSE,stock,1945
HOS,"Hornbeck Offshore Services, Inc.",NYSE,stock,1946
DJT,Trump Media & Technology Group Corp.,NASDAQ,stock,1947
AEGXF,Aecon Group Inc.,,stock,1948
BEAM,Beam Therapeutics Inc.,NASDAQ,stock,1949
SUPN,"Supernus Pharmaceuticals, Inc.",NASDAQ,stock,1950
IRON,"Disc Medicine, Inc.",NASDAQ,stock,1951
CALY,Callaway Golf Company,NYSE,stock,1952
TTAM,Titan America SA,NYSE,stock,1953
JPC,Nuveen Preferred & Income Opportunities Fund,,stock,1954
CUBI,"Customers Bancorp, Inc",NYSE,stock,1955
FRME,First Merchants Corporation,NASDAQ,stock,1956
SECZ,Securitize Corp.,NYSE,stock,1957
APPN,Appian Corporation,NASDAQ,stock,1958
FIVN,"Five9, Inc.",NASDAQ,stock,1959
RNW,ReNew Energy Global plc - Class A Shares,NASDAQ,stock,1960
PRVA,"Privia Health Group, Inc.",NASDAQ,stock,1961
AXGN,"Axogen, Inc.",NASDAQ,stock,1962
HURN,Huron Consulting Group Inc.,NASDAQ,stock,1963
ROG,Rogers Corporation,NYSE,stock,1964
CLDX,"Celldex Therapeutics, Inc.",NASDAQ,stock,1965
HIMX,"Himax Technologies, Inc.",,stock,1966
SHAK,"Shake Shack, Inc.",NYSE,stock,1967
BANR,Banner Corporation,NASDAQ,stock,1968
KD,"Kyndryl Holdings, Inc.",NYSE,stock,1969
KALU,Kaiser Aluminum Corporation,NASDAQ,stock,1970
GDV,Gabelli Dividend & Income Trust,NYSE,stock,1971
NRIX,"Nurix Therapeutics, Inc.",NASDAQ,stock,1972
VIA,"Via Transportation, Inc.",NYSE,stock,1973
CENT,Central Garden & Pet Company,NASDAQ,stock,1974
HCM,HUTCHMED (China) Ltd,,stock,1975
NGVT,Ingevity Corporation,NYSE,stock,1976
LCLN,"Lincoln International, Inc.",NYSE,stock,1977
ATHM,Autohome Inc.,,stock,1978
IMNM,"Immunome, Inc.",NASDAQ,stock,1979
BFLY,"Butterfly Network, Inc.",NYSE,stock,1980
TSCFY,Tisco Financial Group Public Co Limited/ADR,,stock,1981
MH,"McGraw Hill, Inc.",NYSE,stock,1982
BUSE,First Busey Corporation,NASDAQ,stock,1983
PAYO,Payoneer Global Inc.,NASDAQ,stock,1984
PAGS,PagSeguro Digital Ltd.,NYSE,stock,1985
FCPT,"Four Corners Property Trust, Inc.",NYSE,stock,1986
WLY,"John Wiley & Sons, Inc.",NYSE,stock,1987
NEO,"NeoGenomics, Inc.",NASDAQ,stock,1988
FMCC,Federal Home Loan Mortgage Corp,,stock,1989
EBOSY,EBOS Group Limited/ADR,,stock,1990
AAP,Advance Auto Parts Inc.,NYSE,stock,1991
AYR,Aircastle LTD,,stock,1992
PURR,Hyperliquid Strategies Inc,NASDAQ,stock,1993
NOG,"Northern Oil and Gas, Inc.",NYSE,stock,1994
SYBT,"Stock Yards Bancorp, Inc.",NASDAQ,stock,1995
IOSP,Innospec Inc.,NASDAQ,stock,1996
TRLV,Trulieve Cannabis Corp. Subordinate Voting Shares,NYSE,stock,1997
IVT,InvenTrust Properties Corp.,NYSE,stock,1998
SVM,Silvercorp Metals Inc.,NYSE American,stock,1999
EEFT,"Euronet Worldwide, Inc.",NASDAQ,stock,2000
KMT,Kennametal Inc.,NYSE,stock,2001
PTY,Pimco Corporate & Income Opportunity Fund,NYSE,stock,2002
GPCR,Structure Therapeutics Inc.,,stock,2003
LUNR,"Intuitive Machines, Inc.",NASDAQ,stock,2004
OSW,OneSpaWorld Holdings Limited,NASDAQ,stock,2005
SKWD,"Skyward Specialty Insurance Group, Inc.",NASDAQ,stock,2006
COTY,Coty Inc.,NYSE,stock,2007
IMOS,Chipmos Technologies Inc,,stock,2008
NN,NextNav Inc.,NASDAQ,stock,2009
PLUS,ePlus inc.,NASDAQ,stock,2010
BKV,BKV Corporation,NYSE,stock,2011
TSAT,Telesat Corporation,NASDAQ,stock,2012
DNN,Denison Mines Corp,NYSE American,stock,2013
INOD,Innodata Inc.,NASDAQ,stock,2014
SLS,"SELLAS Life Sciences Group, Inc.",NASDAQ,stock,2015
VERA,"Vera Therapeutics, Inc.",NASDAQ,stock,2016
LPG,Dorian LPG Ltd.,NYSE,stock,2017
RH,RH,NYSE,stock,2018
BBT,Beacon Financial Corporation,NYSE,stock,2019
LTC,"LTC Properties, Inc.",NYSE,stock,2020
FIGS,"FIGS, Inc.",NYSE,stock,2021
OPEN,Opendoor Technologies Inc,NASDAQ,stock,2022
VC,Visteon Corporation,NASDAQ,stock,2023
WGS,GeneDx Holdings Corp.,NASDAQ,stock,2024
AGM,Federal Agricultural Mortgage Corporation,NYSE,stock,2025
HRMY,"Harmony Biosciences Holdings, Inc.",NASDAQ,stock,2026
NTB,Bank of N.T. Butterfield & Son Limited (The) Voting,NYSE,stock,2027
ALMR,"Alamar Biosciences, Inc.",NASDAQ,stock,2028
PRLB,"Proto Labs, Inc.",NYSE,stock,2029
UFPT,"UFP Technologies, Inc.",NASDAQ,stock,2030
AERO,"Grupo Aeromexico, S.A.B. de C.V.",,stock,2031
KYN,"Kayne Anderson Energy Infrastructure Fund, Inc.",NYSE,stock,2032
RAMP,"LiveRamp Holdings, Inc.",NYSE,stock,2033
MBIN,Merchants Bancorp,NASDAQ,stock,2034
CLOV,"Clover Health Investments, Corp.",NASDAQ,stock,2035
SPGNY,Springer Nature AG & Co. KGaA/ADR,,stock,2036
VVX,"V2X, Inc.",NYSE,stock,2037
NAD,Nuveen Quality Municipal Income Fund,NYSE,stock,2038
ADMA,ADMA Biologics Inc,NASDAQ,stock,2039
HLIO,"Helios Technologies, Inc.",NYSE,stock,2040
CNXN,"PC Connection, Inc.",NASDAQ,stock,2041
INTR,Inter & Co. Inc.,NASDAQ,stock,2042
SDGR,"Schrodinger, Inc.",NASDAQ,stock,2043
ANDE,"The Andersons, Inc.",NASDAQ,stock,2044
UPST,"Upstart Holdings, Inc.",NASDAQ,stock,2045
LASR,"nLIGHT, Inc.",NASDAQ,stock,2046
VRDN,"Viridian Therapeutics, Inc.",NASDAQ,stock,2047
WAFD,"WaFd, Inc.",NASDAQ,stock,2048
NWL,Newell Brands Inc.,NASDAQ,stock,2049
NVG,Nuveen AMT-Free Municipal Credit Income Fund,NYSE,stock,2050
KEEL,Keel Infrastructure Corp.,NASDAQ,stock,2051
PHIN,PHINIA Inc.,NYSE,stock,2052
PHVS,Pharvaris N.V.,NASDAQ,stock,2053
ICHR,Ichor Holdings,NASDAQ,stock,2054
SMSGY,Samsonite International SA/ADR,,stock,2055
SXGCF,Southern Cross Gold Consolidated Ltd.,,stock,2056
PBI,Pitney Bowes Inc.,NYSE,stock,2057
BKE,"Buckle, Inc. (The)",NYSE,stock,2058
PBH,Prestige Consumer Healthcare Inc.,NYSE,stock,2059
PTON,"Peloton Interactive, Inc.",NASDAQ,stock,2060
MLYS,"Mineralys Therapeutics, Inc.",NASDAQ,stock,2061
PATK,"Patrick Industries, Inc.",NASDAQ,stock,2062
SIND,Sinda Ltd.,NYSE,stock,2063
BGSI,Boyd Group Services Inc.,NYSE,stock,2064
NWBI,"Northwest Bancshares, Inc.",NASDAQ,stock,2065
AUPH,Aurinia Pharmaceuticals Inc,NASDAQ,stock,2066
HCI,"HCI Group, Inc.",NYSE,stock,2067
CHA,Chagee Holdings Ltd.,,stock,2068
CDLR,Cadeler A/S,,stock,2069
HTH,Hilltop Holdings Inc.,NYSE,stock,2070
STNE,StoneCo Ltd.,NASDAQ,stock,2071
EFSC,Enterprise Financial Services Corporation,NASDAQ,stock,2072
ALVO,Alvotech,NASDAQ,stock,2073
TRN,"Trinity Industries, Inc.",NYSE,stock,2074
SSMR,Sunshine Silver Mining & Refining Company,NYSE,stock,2075
BHC,Bausch Health Companies Inc.,NYSE,stock,2076
OFG,OFG Bancorp,NYSE,stock,2077
TMC,TMC the metals company Inc.,NASDAQ,stock,2078
PLBL,Polibeli Group Ltd,NASDAQ,stock,2079
SONO,"Sonos, Inc.",NASDAQ,stock,2080
DRD,Drdgold Ltd,,stock,2081
RVT,"Royce Small-Cap Trust, Inc.",NYSE,stock,2082
MPT,"Medical Properties Trust, Inc.",NYSE,stock,2083
RXRX,"Recursion Pharmaceuticals, Inc.",NASDAQ,stock,2084
BCRX,"BioCryst Pharmaceuticals, Inc.",NASDAQ,stock,2085
CTOS,"Custom Truck One Source, Inc.",NYSE,stock,2086
ALGT,Allegiant Travel Company,NASDAQ,stock,2087
FLYW,Flywire Corporation - Voting,NASDAQ,stock,2088
PEB,Pebblebrook Hotel Trust,NYSE,stock,2089
AADX,"Applied Aerospace & Defense, Inc.",NYSE,stock,2090
MD,"Pediatrix Medical Group, Inc.",NYSE,stock,2091
AMR,"Alpha Metallurgical Resources, Inc.",NYSE,stock,2092
CC,Chemours Company (The),NYSE,stock,2093
SHO,"Sunstone Hotel Investors, Inc. Sunstone Hotel Investors, Inc.",NYSE,stock,2094
EVT,Eaton Vance Tax Advantaged Dividend Income Fund,NYSE,stock,2095
VCEL,Vericel Corporation,NASDAQ,stock,2096
UNIT,Uniti Group Inc.,NASDAQ,stock,2097
ADUS,Addus HomeCare Corporation,NASDAQ,stock,2098
CALX,"Calix, Inc",NYSE,stock,2099
KSS,Kohl's Corporation,NYSE,stock,2100
PRGO,Perrigo Company plc,NYSE,stock,2101
MCRI,"Monarch Casino & Resort, Inc.",NASDAQ,stock,2102
TRVI,"Trevi Therapeutics, Inc.",NASDAQ,stock,2103
DV,"DoubleVerify Holdings, Inc.",NYSE,stock,2104
SBET,"Sharplink, Inc.",NASDAQ,stock,2105
RLX,RLX Technology Inc.,,stock,2106
DBD,Diebold Nixdorf Incorporated,NYSE,stock,2107
PDFS,"PDF Solutions, Inc.",NASDAQ,stock,2108
NZF,Nuveen Municipal Credit Income Fund,NYSE,stock,2109
BXMT,"Blackstone Mortgage Trust, Inc.",NYSE,stock,2110
INSP,"Inspire Medical Systems, Inc.",NYSE,stock,2111
NWCL,newcleo plc,NASDAQ,stock,2112
STUB,"StubHub Holdings, Inc.",NYSE,stock,2113
FCF,First Commonwealth Financial Corporation,NYSE,stock,2114
MTX,Minerals Technologies Inc.,NYSE,stock,2115
LCII,LCI Industries,NYSE,stock,2116
UTZ,Utz Brands Inc,NYSE,stock,2117
SRCE,1st Source Corporation,NASDAQ,stock,2118
CTRI,"Centuri Holdings, Inc.",NYSE,stock,2119
LIND,Lindblad Expeditions Holdings Inc.,NASDAQ,stock,2120
BSTZ,BlackRock Science and Technology Term Trust,NYSE,stock,2121
WERN,"Werner Enterprises, Inc.",NASDAQ,stock,2122
NKTR,Nektar Therapeutics,NASDAQ,stock,2123
ETOR,eToro Group Ltd.,NASDAQ,stock,2124
PLPC,Preformed Line Products Company,NASDAQ,stock,2125
TILE,"Interface, Inc.",NASDAQ,stock,2126
WHR,Whirlpool Corporation,NYSE,stock,2127
BAND,Bandwidth Inc.,NASDAQ,stock,2128
BHVN,Biohaven Ltd.,NYSE,stock,2129
UWMC,UWM Holdings Corporation,NYSE,stock,2130
PVLA,"Palvella Therapeutics, Inc.",NASDAQ,stock,2131
ECPG,Encore Capital Group Inc,NASDAQ,stock,2132
NUVB,Nuvation Bio Inc.,NYSE,stock,2133
AGIO,"Agios Pharmaceuticals, Inc.",NASDAQ,stock,2134
CLM,"Cornerstone Strategic Investment Fund, Inc.",NYSE American,stock,2135
TBBK,"The Bancorp, Inc.",NASDAQ,stock,2136
BRVE,"Braveheart Bio, Inc.",NASDAQ,stock,2137
STGW,Stagwell Inc.,NASDAQ,stock,2138
NWN,Northwest Natural Holding Company,NYSE,stock,2139
URGN,UroGen Pharma Ltd.,NASDAQ,stock,2140
BVC,BitVentures Limited,NASDAQ,stock,2141
SRPT,"Sarepta Therapeutics, Inc.",NASDAQ,stock,2142
ARR,"ARMOUR Residential REIT, Inc.",NYSE,stock,2143
GENB,"Generate Biomedicines, Inc.",NASDAQ,stock,2144
PLGO,Pelagos Insurance Capital Limited,NYSE,stock,2145
GRC,Gorman-Rupp Company (The),NYSE,stock,2146
FLOC,Flowco Holdings Inc.,NYSE,stock,2147
ZYME,Zymeworks Inc.,NASDAQ,stock,2148
SHAZ,"SharonAI Holdings, Inc.",NASDAQ,stock,2149
PENN,"PENN Entertainment, Inc.",NASDAQ,stock,2150
CHCO,City Holding Company,NASDAQ,stock,2151
DRVN,Driven Brands Holdings Inc.,NASDAQ,stock,2152
AEBZY,Anadolu Efes Biracilik Ve Malt Sanayi A S/Adr,,stock,2153
IQMX,IQM Quantum Computers Oyj,,stock,2154
PAEXY,Parex Resources Inc./ADR,,stock,2155
LKFT,Lakefront Biotherapeutics NV,,stock,2156
GNL,"Global Net Lease, Inc.",NYSE,stock,2157
QUBT,Quantum Computing Inc.,NASDAQ,stock,2158
DHC,Diversified Healthcare Trust,NASDAQ,stock,2159
DEI,"Douglas Emmett, Inc.",NYSE,stock,2160
ALG,"Alamo Group, Inc.",NYSE,stock,2161
STDN,"Standard Nuclear, Inc.",NYSE,stock,2162
MESO,Mesoblast Ltd,,stock,2163
SEDG,"SolarEdge Technologies, Inc.",NASDAQ,stock,2164
INVX,"Innovex International, Inc.",NYSE,stock,2165
SAH,"Sonic Automotive, Inc.",NYSE,stock,2166
ZD,"Ziff Davis, Inc.",NASDAQ,stock,2167
VOYG,"Voyager Technologies, Inc.",NYSE,stock,2168
BLFS,"BioLife Solutions, Inc.",NASDAQ,stock,2169
NLST,Netlist Inc,,stock,2170
TH,Target Hospitality Corp.,NASDAQ,stock,2171
ALNT,Allient Inc.,NASDAQ,stock,2172
GOF,Guggenheim Strategic Opportunities Fund,NYSE,stock,2173
NMZ,Nuveen Municipal High Income Opportunity Fund,NYSE,stock,2174
CMPR,Cimpress plc,NASDAQ,stock,2175
NCNO,"nCino, Inc.",NASDAQ,stock,2176
PGNY,"Progyny, Inc.",NASDAQ,stock,2177
BLKB,"Blackbaud, Inc.",NASDAQ,stock,2178
SGRY,"Surgery Partners, Inc.",NASDAQ,stock,2179
PRDO,Perdoceo Education Corporation,NASDAQ,stock,2180
LMAT,"LeMaitre Vascular, Inc.",NASDAQ,stock,2181
TOP,TOP Financial Group Limited,NASDAQ,stock,2182
ESTA,Establishment Labs Holdings Inc.,NASDAQ,stock,2183
SPB,"Spectrum Brands Holdings, Inc.",NYSE,stock,2184
FTRE,Fortrea Holdings Inc.,NASDAQ,stock,2185
XNCR,"Xencor, Inc.",NASDAQ,stock,2186
KARO,Karooooo Ltd.,NASDAQ,stock,2187
PRCH,"Porch Group, Inc.",NASDAQ,stock,2188
EZPW,"EZCORP, Inc. - Class A Non-Voting",NASDAQ,stock,2189
WU,Western Union Company (The),NYSE,stock,2190
NVCR,NovoCure Limited,NASDAQ,stock,2191
TIC,"TIC Solutions, Inc.",NYSE,stock,2192
MFP,"Midera Food Processing, Inc.",NASDAQ,stock,2193
ATEN,"A10 Networks, Inc.",NYSE,stock,2194
HUBG,"Hub Group, Inc.",NASDAQ,stock,2195
ASAN,"Asana, Inc.",NYSE,stock,2196
KRP,"Kimbell Royalty Partners, LP",,stock,2197
RUN,Sunrun Inc.,NASDAQ,stock,2198
NTST,NetSTREIT Corp.,NYSE,stock,2199
UAA,"Under Armour, Inc.",NYSE,stock,2200
TY,Tri Continental Corporation,NYSE,stock,2201
GABC,"German American Bancorp, Inc.",NASDAQ,stock,2202
EMAT,Evolution Metals & Technologies Corp.,NASDAQ,stock,2203
HMN,Horace Mann Educators Corporation,NYSE,stock,2204
WKC,World Kinect Corporation,NYSE,stock,2205
PLAB,"Photronics, Inc.",NASDAQ,stock,2206
BOBS,"Bob's Discount Furniture, Inc.",NYSE,stock,2207
SEPN,"Septerna, Inc.",NASDAQ,stock,2208
SFL,SFL Corporation Ltd,NYSE,stock,2209
ATS,ATS Corporation,NYSE,stock,2210
LIME,"Neutron Holdings, Inc.",NASDAQ,stock,2211
RBCAA,"Republic Bancorp, Inc.",NASDAQ,stock,2212
EPAC,Enerpac Tool Group Corp.,NYSE,stock,2213
XPRO,Expro Ltd,NYSE,stock,2214
WS,"Worthington Steel, Inc.",NYSE,stock,2215
BRSL,"Brightstar Lottery PLC Trading under the Legal Name to begin at the market open on July 21, 2025.",NYSE,stock,2216
GAB,"Gabelli Equity Trust, Inc. (The)",NYSE,stock,2217
CMPS,COMPASS Pathways Plc - American Depository Shares,NASDAQ,stock,2218
XHR,"Xenia Hotels & Resorts, Inc.",NYSE,stock,2219
VIR,"Vir Biotechnology, Inc.",NASDAQ,stock,2220
CEPU,Central Puerto S.A.,,stock,2221
HYMC,Hycroft Mining Holding Corporation,NASDAQ,stock,2222
SNDA,"Sonida Senior Living, Inc.",NYSE,stock,2223
GCT,GigaCloud Technology Inc,NASDAQ,stock,2224
VERX,"Vertex, Inc.",NASDAQ,stock,2225
SMA,"SmartStop Self Storage REIT, Inc.",NYSE,stock,2226
BLBD,Blue Bird Corporation,NASDAQ,stock,2227
XRAY,DENTSPLY SIRONA Inc.,NASDAQ,stock,2228
CMRE,Costamare Inc.,NYSE,stock,2229
BXDC,Blackstone Digital Infrastructure Trust Inc.,NYSE,stock,2230
PICS,PicS N.V.,NASDAQ,stock,2231
NSP,"Insperity, Inc.",NYSE,stock,2232
NVAX,"Novavax, Inc.",NASDAQ,stock,2233
ACVA,ACV Auctions Inc.,NYSE,stock,2234
VSTS,Vestis Corporation,NYSE,stock,2235
MQ,"Marqeta, Inc.",NASDAQ,stock,2236
AMPL,"Amplitude, Inc.",NASDAQ,stock,2237
OLN,Olin Corporation,NYSE,stock,2238
FORTY,Formula Systems (1985) Ltd,,stock,2239
GTY,Getty Realty Corporation,NYSE,stock,2240
ETG,Eaton Vance Tax-Advantaged Global Dividend Income Fund,NYSE,stock,2241
XERS,"Xeris Biopharma Holdings, Inc.",NASDAQ,stock,2242
DAO,"Youdao, Inc.",,stock,2243
MLCO,Melco Resorts & Entertainment LTD,,stock,2244
ZBIO,"Zenas BioPharma, Inc.",NASDAQ,stock,2245
NBHC,National Bank Holdings Corporation,NYSE,stock,2246
DCOM,"Dime Commercial Bancshares, Inc.",NYSE,stock,2247
TSLX,"Sixth Street Specialty Lending, Inc.",NYSE,stock,2248
OCUL,"Ocular Therapeutix, Inc.",NASDAQ,stock,2249
PSNL,"Personalis, Inc.",NASDAQ,stock,2250
ASTH,Astrana Health Inc.,NASDAQ,stock,2251
MDCOY,PT Medco Energi Internasional Tbk/ADR,,stock,2252
ETV,Eaton Vance Corporation Eaton Vance Tax-Managed Buy-Write Opportunities Fund,NYSE,stock,2253
CCS,"Century Communities, Inc.",NYSE,stock,2254
QURE,uniQure N.V.,NASDAQ,stock,2255
WRD,WeRide Inc.,,stock,2256
VET,Vermilion Energy Inc. Common (Canada),NYSE,stock,2257
HOPE,"Hope Bancorp, Inc.",NASDAQ,stock,2258
STC,Stewart Information Services Corporation,NYSE,stock,2259
STBA,"S&T Bancorp, Inc.",NASDAQ,stock,2260
HAPN,"Happen, Inc.",NASDAQ,stock,2261
AIN,Albany International Corporation,NYSE,stock,2262
KMTS,"Kestra Medical Technologies, Ltd.",NASDAQ,stock,2263
FSUN,FirstSun Capital Bancorp,NASDAQ,stock,2264
PDO,PIMCO Dynamic Income Opportunities Fund,NYSE,stock,2265
ABSI,Absci Corporation,NASDAQ,stock,2266
GHRS,GH Research PLC,NASDAQ,stock,2267
CTS,CTS Corporation,NYSE,stock,2268
MNR,Mach Natural Resources Lp,,stock,2269
STEW,"SRH Total Return Fund, Inc.",NYSE,stock,2270
LOB,"Live Oak Bancshares, Inc.",NYSE,stock,2271
RLJ,RLJ Lodging Trust,NYSE,stock,2272
GTBIF,Green Thumb Industries Inc.,,stock,2273
NUV,"Nuveen Municipal Value Fund, Inc.",NYSE,stock,2274
NAT,Nordic American Tankers Limited,NYSE,stock,2275
ETON,"Eton Pharmaceuticals, Inc.",NASDAQ,stock,2276
GEL,Genesis Energy Lp,,stock,2277
STRA,"Strategic Education, Inc.",NASDAQ,stock,2278
ANIP,"ANI Pharmaceuticals, Inc.",NASDAQ,stock,2279
BDJ,Blackrock Enhanced Equity Dividend Trust,NYSE,stock,2280
NYAX,Nayax Ltd.,NASDAQ,stock,2281
IE,Ivanhoe Electric Inc.,NYSE American,stock,2282
SAM,"Boston Beer Company, Inc. (The)",NYSE,stock,2283
FLNG,FLEX LNG Ltd.,NYSE,stock,2284
BY,"Byline Bancorp, Inc.",NYSE,stock,2285
MGRT,Mega Fortune Company Limited,NASDAQ,stock,2286
NTLA,"Intellia Therapeutics, Inc.",NASDAQ,stock,2287
NEXT,NextDecade Corporation,NASDAQ,stock,2288
BFC,Bank First Corporation,NASDAQ,stock,2289
FRNM,"Freenome, Inc.",NASDAQ,stock,2290
CPRI,Capri Holdings Limited,NYSE,stock,2291
AI,"C3.ai, Inc.",NYSE,stock,2292
STOK,"Stoke Therapeutics, Inc.",NASDAQ,stock,2293
GENI,Genius Sports Limited,NYSE,stock,2294
TCBK,TriCo Bancshares,NASDAQ,stock,2295
DXC,DXC Technology Company,NYSE,stock,2296
LILA,Liberty Latin America Ltd.,NASDAQ,stock,2297
AAT,"American Assets Trust, Inc.",NYSE,stock,2298
CBL,"CBL & Associates Properties, Inc.",NYSE,stock,2299
NEXA,Nexa Resources S.A.,NYSE,stock,2300
VNET,"VNET Group, Inc.",,stock,2301
ALHC,"Alignment Healthcare, Inc.",NASDAQ,stock,2302
SNDX,"Syndax Pharmaceuticals, Inc.",NASDAQ,stock,2303
OBK,"Origin Bancorp, Inc.",NYSE,stock,2304
JBLU,JetBlue Airways Corporation,NASDAQ,stock,2305
DSGR,"Distribution Solutions Group, Inc.",NASDAQ,stock,2306
QCRH,"QCR Holdings, Inc.",NASDAQ,stock,2307
TSHA,"Taysha Gene Therapies, Inc.",NASDAQ,stock,2308
NBTX,Nanobiotix S.A. - ADSs,NASDAQ,stock,2309
PAX,Patria Investments Limited,NASDAQ,stock,2310
EVTC,"Evertec, Inc.",NYSE,stock,2311
IMKTA,"Ingles Markets, Incorporated",NASDAQ,stock,2312
OCFC,OceanFirst Financial Corp.,NASDAQ,stock,2313
GIC,Global Industrial Company,NYSE,stock,2314
KRSA,"Korsana Biosciences, Inc.",NASDAQ,stock,2315
PRGS,Progress Software Corporation,NASDAQ,stock,2316
EBCRY,Embracer Group AB/ADR,,stock,2317
LCID,"Lucid Group, Inc.",NASDAQ,stock,2318
EFC,Ellington Financial Inc.,NYSE,stock,2319
BVENY,Brava Energia S.A.,,stock,2320
TRIN,Trinity Capital Inc.,NYSE,stock,2321
WLTH,Wealthfront Corporation,NASDAQ,stock,2322
ATEC,"Alphatec Holdings, Inc.",NASDAQ,stock,2323
PWP,Perella Weinberg Partners,NASDAQ,stock,2324
FXCNY,FIH Mobile Ltd,,stock,2325
GSHD,"Goosehead Insurance, Inc.",NASDAQ,stock,2326
HE,"Hawaiian Electric Industries, Inc.",NYSE,stock,2327
WB,WEIBO Corp,,stock,2328
IMCR,Immunocore Holdings plc,,stock,2329
RAPP,"Rapport Therapeutics, Inc.",NASDAQ,stock,2330
GLP,Global Partners Lp,,stock,2331
COAG,"Hemab Therapeutics Holdings, Inc.",NASDAQ,stock,2332
AMBQ,"Ambiq Micro, Inc.",NYSE,stock,2333
SBH,"Sally Beauty Holdings, Inc. (Name to be changed from Sally Holdings, Inc.)",NYSE,stock,2334
WWW,"Wolverine World Wide, Inc.",NYSE,stock,2335
CNXC,Concentrix Corporation,NASDAQ,stock,2336
UROY,Uranium Royalty Corp.,NASDAQ,stock,2337
KOS,Kosmos Energy Ltd.,NYSE,stock,2338
OPRA,Opera Ltd,,stock,2339
OMCL,"Omnicell, Inc.",NASDAQ,stock,2340
ATEX,Anterix Inc.,NASDAQ,stock,2341
DHRPY,Deutsche EuroShop AG/ADR,,stock,2342
TGLS,Tecnoglass Holdings Inc.,NYSE,stock,2343
INBX,"Inhibrx Biosciences, Inc.",NASDAQ,stock,2344
FLNC,"Fluence Energy, Inc.",NASDAQ,stock,2345
USAS,Americas Gold and Silver Corporation,NYSE American,stock,2346
HYT,"Blackrock Corporate High Yield Fund, Inc.",NYSE,stock,2347
GAM,"General American Investors, Inc.",NYSE,stock,2348
SAFT,"Safety Insurance Group, Inc.",NASDAQ,stock,2349
BL,"BlackLine, Inc.",NASDAQ,stock,2350
CNOB,"ConnectOne Bancorp, Inc.",NASDAQ,stock,2351
INVA,"Innoviva, Inc.",NASDAQ,stock,2352
ELE,Elemental Royalty Corporation,NASDAQ,stock,2353
RVLV,"Revolve Group, Inc.",NYSE,stock,2354
TYRA,"Tyra Biosciences, Inc.",NASDAQ,stock,2355
PBT,Permian Basin Royalty Trust,NYSE,stock,2356
INBT,InoBat B.V.,,stock,2357
MAZE,"Maze Therapeutics, Inc.",NASDAQ,stock,2358
HAWK,"HawkEye 360, Inc.",NYSE,stock,2359
IIPR,"Innovative Industrial Properties, Inc.",NYSE,stock,2360
AZTA,"Azenta, Inc.",NASDAQ,stock,2361
ARCO,Arcos Dorados Holdings Inc. Class A Shares,NYSE,stock,2362
ENR,"Energizer Holdings, Inc.",NYSE,stock,2363
FOIL,Londian Wason New Energy Tech Inc.,,stock,2364
AGBK,AGI Inc,NYSE,stock,2365
CASH,"Pathward Financial, Inc.",NASDAQ,stock,2366
KMPR,Kemper Corporation,NYSE,stock,2367
ANAB,"AnaptysBio, Inc.",NASDAQ,stock,2368
WOLF,"Wolfspeed, Inc.",NYSE,stock,2369
ICFI,"ICF International, Inc.",NASDAQ,stock,2370
RQI,Cohen & Steers Quality Income Realty Fund Inc,NYSE,stock,2371
AVVSY,Avio S.p.A./ADR,,stock,2372
CSWC,Capital Southwest Corporation,NASDAQ,stock,2373
QQQX,Nuveen NASDAQ 100 Dynamic Overwrite Fund - Closed End Fund,NASDAQ,stock,2374
SBCLY,Sumitomo Bakelite Co Limited/ADR,,stock,2375
RARE,Ultragenyx Pharmaceutical Inc.,NASDAQ,stock,2376
AVBP,"ArriVent BioPharma, Inc.",NASDAQ,stock,2377
CRSR,"Corsair Gaming, Inc.",NASDAQ,stock,2378
WBTN,WEBTOON Entertainment Inc.,NASDAQ,stock,2379
HUN,Huntsman Corporation,NYSE,stock,2380
AESI,Atlas Energy Solutions Inc.,NYSE,stock,2381
NOMD,Nomad Foods Limited,NYSE,stock,2382
ARDT,"Ardent Health, Inc.",NYSE,stock,2383
XNDU,Xanadu Quantum Technologies Limited - Class B Subordinate Voting Shares,NASDAQ,stock,2384
GLOB,Globant S.A.,NYSE,stock,2385
PRKS,United Parks & Resorts Inc.,NYSE,stock,2386
PGY,Pagaya Technologies Ltd.,NASDAQ,stock,2387
LYNX,Lyntris Inc.,NYSE,stock,2388
GT,The Goodyear Tire & Rubber Company,NASDAQ,stock,2389
ADIG,ADI Global Distribution Inc.,NYSE,stock,2390
PAHC,Phibro Animal Health Corporation,NASDAQ,stock,2391
TFIN,"Triumph Financial, Inc.",NYSE,stock,2392
SVV,"Savers Value Village, Inc.",NYSE,stock,2393
JJSF,J & J Snack Foods Corp.,NASDAQ,stock,2394
DMC,Del Monte Corporation,NYSE,stock,2395
CERT,"Certara, Inc.",NASDAQ,stock,2396
LKFN,Lakeland Financial Corporation,NASDAQ,stock,2397
KLRA,"Kailera Therapeutics, Inc.",NASDAQ,stock,2398
ALKT,"Alkami Technology, Inc.",NASDAQ,stock,2399
AGRO,Adecoagro S.A.,NYSE,stock,2400
IAUX,i-80 Gold Corp.,NYSE American,stock,2401
NUTX,Nutex Health Inc.,NASDAQ,stock,2402
AAPG,Ascentage Pharma Group International - American Depository Shares,NASDAQ,stock,2403
BCAT,BlackRock Capital Allocation Term Trust,NYSE,stock,2404
ESQ,"Esquire Financial Holdings, Inc.",NASDAQ,stock,2405
HCSG,"Healthcare Services Group, Inc.",NASDAQ,stock,2406
FMC,FMC Corporation,NYSE,stock,2407
SCL,Stepan Company,NYSE,stock,2408
TEN,Tsakos Energy Navigation Ltd,NYSE,stock,2409
EVCM,EverCommerce Inc.,NASDAQ,stock,2410
NVGS,Navigator Holdings Ltd.,NYSE,stock,2411
AMSC,American Superconductor Corporation,NASDAQ,stock,2412
MBC,"MasterBrand, Inc.",NYSE,stock,2413
REX,REX American Resources Corporation,NYSE,stock,2414
NFJ,"Virtus Dividend, Interest & Premium Strategy Fund",NYSE,stock,2415
TRS,TriMas Corporation,NASDAQ,stock,2416
PNTG,"The Pennant Group, Inc.",NASDAQ,stock,2417
ULCC,"Frontier Group Holdings, Inc.",NASDAQ,stock,2418
OMER,Omeros Corporation,NASDAQ,stock,2419
NMAX,"Newsmax, Inc.",NYSE,stock,2420
DMLP,"Dorchester Minerals, L.P.",,stock,2421
APPS,"Digital Turbine, Inc.",NASDAQ,stock,2422
TMP,Tompkins Financial Corporation,NYSE American,stock,2423
AMAL,Amalgamated Financial Corp.,NASDAQ,stock,2424
PEBO,Peoples Bancorp Inc.,NASDAQ,stock,2425
DRTS,Alpha Tau Medical Ltd.,NASDAQ,stock,2426
CNMD,CONMED Corporation,NYSE,stock,2427
AMPX,"Amprius Technologies, Inc.",NYSE,stock,2428
ECAT,BlackRock ESG Capital Allocation Term Trust,NYSE,stock,2429
BHRB,Burke & Herbert Financial Services Corp.,NASDAQ,stock,2430
ORIC,"Oric Pharmaceuticals, Inc.",NASDAQ,stock,2431
VISN,"Vistance Networks, Inc.",NASDAQ,stock,2432
BTT,BlackRock Municipal 2030 Target Term Trust,NYSE,stock,2433
KARD,"Kardigan, Inc.",NASDAQ,stock,2434
PRSU,"Pursuit Attractions and Hospitality, Inc.",NYSE,stock,2435
HLMN,Hillman Solutions Corp.,NASDAQ,stock,2436
FCEL,"FuelCell Energy, Inc.",NASDAQ,stock,2437
MLKN,"MillerKnoll, Inc.",NASDAQ,stock,2438
VZLA,Vizsla Silver Corp.,NYSE American,stock,2439
PIII,P3 Health Partners Inc.,NASDAQ,stock,2440
SFDMY,Shanghai Fudan Microelectronics Co Limited/ADR/,,stock,2441
SID,Companhia Siderurgica Nacional S.A.,NYSE,stock,2442
SLVM,Sylvamo Corporation,NYSE,stock,2443
LUXE,LuxExperience B.V.,,stock,2444
GFR,Greenfire Resources Ltd.,NYSE,stock,2445
UFCS,"United Fire Group, Inc",NASDAQ,stock,2446
CTBI,"Community Trust Bancorp, Inc.",NASDAQ,stock,2447
LQDT,"Liquidity Services, Inc.",NASDAQ,stock,2448
WABC,Westamerica Bancorporation,NASDAQ,stock,2449
AMN,AMN Healthcare Services Inc,NYSE,stock,2450
ARLO,"Arlo Technologies, Inc.",NYSE,stock,2451
ARHS,"Arhaus, Inc.",NASDAQ,stock,2452
EFOR,"Everforth, Inc.",NYSE,stock,2453
CRCT,"Cricut, Inc.",NASDAQ,stock,2454
POET,POET Technologies Inc.,NASDAQ,stock,2455
FOR,Forestar Group Inc,NYSE,stock,2456
ADNT,Adient plc,NYSE,stock,2457
BRUN,Boost Run Inc.,NASDAQ,stock,2458
ATLC,Atlanticus Holdings Corporation,NASDAQ,stock,2459
UMH,"UMH Properties, Inc.",NYSE,stock,2460
PSQL,Pasqal Holding SA,NASDAQ,stock,2461
COUR,"Coursera, Inc.",NYSE,stock,2462
SHLS,"Shoals Technologies Group, Inc.",NASDAQ,stock,2463
IMTX,Immatics N.V.,NASDAQ,stock,2464
QMCO,Quantum Corporation,NASDAQ,stock,2465
HLF,Herbalife Ltd.,NYSE,stock,2466
FMBH,"First Mid Bancshares, Inc.",NASDAQ,stock,2467
AGL,"agilon health, inc.",NYSE,stock,2468
TRAX,"First Tracks Biotherapeutics, Inc.",NASDAQ,stock,2469
BXBL,"BOXABL, Inc.",NASDAQ,stock,2470
EYE,"National Vision Holdings, Inc.",NASDAQ,stock,2471
HBT,"HBT Financial, Inc.",NASDAQ,stock,2472
XZO,"Exzeo Group, Inc.",NYSE,stock,2473
MNSKY,MoneySupermarket.com Group PLC/ADR,,stock,2474
CCEC,Capital Clean Energy Carriers Corp.,NASDAQ,stock,2475
IART,Integra LifeSciences Holdings Corporation,NASDAQ,stock,2476
GBX,"Greenbrier Companies, Inc. (The)",NYSE,stock,2477
USPH,"U.S. Physical Therapy, Inc.",NYSE,stock,2478
RDVT,"Red Violet, Inc.",NASDAQ,stock,2479
BBAI,"BigBear.ai, Inc.",NYSE,stock,2480
EPC,Edgewell Personal Care Company,NYSE,stock,2481
OPY,"Oppenheimer Holdings, Inc.",NYSE,stock,2482
ALX,"Alexander's, Inc.",NYSE,stock,2483
NSSC,"NAPCO Security Technologies, Inc.",NASDAQ,stock,2484
DMRA,"Damora Therapeutics, Inc.",NASDAQ,stock,2485
PFBC,Preferred Bank,,stock,2486
APC,ARKO Petroleum Corp.,NASDAQ,stock,2487
LSPD,Lightspeed Commerce Inc. Subordinate Voting Shares,NYSE,stock,2488
BJRI,"BJ's Restaurants, Inc.",NASDAQ,stock,2489
PRG,"PROG Holdings, Inc.",NYSE,stock,2490
OSBC,"Old Second Bancorp, Inc.",NASDAQ,stock,2491
REPL,"Replimune Group, Inc.",NASDAQ,stock,2492
DCH,Dauch Corporation,NYSE,stock,2493
TV,Grupo Televisa S.A.B.,NYSE,stock,2494
WD,"Walker & Dunlop, Inc",NYSE,stock,2495
ASIC,Ategrity Specialty Insurance Company Holdings,NYSE,stock,2496
RES,"RPC, Inc.",NYSE,stock,2497
BCAX,Bicara Therapeutics Inc.,NASDAQ,stock,2498
CRON,Cronos Group Inc.,NASDAQ,stock,2499
TK,Teekay Corporation Ltd.,NYSE,stock,2500
WEN,Wendy's Company (The),NASDAQ,stock,2501
AZUL,Azul Sa,,stock,2502
GOLD,"Gold.com, Inc.",NYSE,stock,2503
ESRT,"Empire State Realty Trust, Inc.",NYSE,stock,2504
RYZ,Ryerson Holding Corporation,NYSE,stock,2505
RMIX,"Suncrete, Inc.",NASDAQ,stock,2506
YSS,York Space Systems Inc.,NYSE,stock,2507
SENEA,Seneca Foods Corp.,NASDAQ,stock,2508
RDWR,Radware Ltd.,NASDAQ,stock,2509
NBXG,Neuberger Next Generation Connectivity Fund Inc.,NYSE,stock,2510
VTOL,"Bristow Group, Inc.",NYSE,stock,2511
UMAC,"Unusual Machines, Inc.",NYSE American,stock,2512
XPEL,"XPEL, Inc.",NASDAQ,stock,2513
DOLE,Dole plc,NYSE,stock,2514
INNV,InnovAge Holding Corp.,NASDAQ,stock,2515
LNXSY,Lanxess Ag,,stock,2516
BORR,Borr Drilling Limited,NYSE,stock,2517
SBE,"SB Energy, Inc.",,stock,2518
OPK,"Opko Health, Inc.",NASDAQ,stock,2519
TPB,"Turning Point Brands, Inc.",NYSE,stock,2520
AVLN,Avalyn Pharma Inc.,NASDAQ,stock,2521
FLO,"Flowers Foods, Inc.",NYSE,stock,2522
LTGO,"Latigo Biotherapeutics, Inc.",NASDAQ,stock,2523
LBRX,LB Pharmaceuticals Inc,NASDAQ,stock,2524
CCO,"Clear Channel Outdoor Holdings, Inc.",NYSE,stock,2525
MSDL,Morgan Stanley Direct Lending Fund,NYSE,stock,2526
IRS,Irsa Investments & Representations Inc,,stock,2527
LZB,La-Z-Boy Incorporated,NYSE,stock,2528
ROCK,"Gibraltar Industries, Inc.",NASDAQ,stock,2529
OIG,Orion180 Insurance Group Inc.,NASDAQ,stock,2530
NEWP,New Pacific Metals Corp.,NYSE American,stock,2531
AIIR,Air Global PLC,NASDAQ,stock,2532
NHP,"National Healthcare Properties, Inc.",NASDAQ,stock,2533
NBR,Nabors Industries Ltd.,NYSE,stock,2534
SLSR,Solaris Resources Inc.,NYSE American,stock,2535
HROW,"Harrow, Inc.",NASDAQ,stock,2536
UVE,UNIVERSAL INSURANCE HOLDINGS INC,NYSE,stock,2537
CBRL,"Cracker Barrel Old Country Store, Inc.",NASDAQ,stock,2538
MYE,"Myers Industries, Inc.",NYSE,stock,2539
GIII,"G-III Apparel Group, LTD.",NASDAQ,stock,2540
SCSC,"ScanSource, Inc.",NASDAQ,stock,2541
OMDA,"Omada Health, Inc.",NASDAQ,stock,2542
CNL,Collective Mining Ltd.,NASDAQ,stock,2543
WLDN,"Willdan Group, Inc.",NASDAQ,stock,2544
HZO,"MarineMax, Inc.  (FL)",NYSE,stock,2545
TNC,Tennant Company,NYSE,stock,2546
PD,"PagerDuty, Inc.",NYSE,stock,2547
LNN,Lindsay Corporation,NYSE,stock,2548
TBN,Tamboran Resources Corporation,NYSE,stock,2549
HLIT,Harmonic Inc.,NASDAQ,stock,2550
CRI,"Carter's, Inc.",NYSE,stock,2551
DFIN,"Donnelley Financial Solutions, Inc.",NYSE,stock,2552
AMPH,"Amphastar Pharmaceuticals, Inc.",NASDAQ,stock,2553
CPPKF,Faraday Copper Corp.,,stock,2554
AVO,"Mission Produce, Inc.",NASDAQ,stock,2555
DSL,DoubleLine Income Solutions Fund,NYSE,stock,2556
LADR,Ladder Capital Corp,NYSE,stock,2557
AMTB,Amerant Bancorp Inc.,NYSE,stock,2558
HFWA,Heritage Financial Corporation,NASDAQ,stock,2559
TNDM,"Tandem Diabetes Care, Inc.",NASDAQ,stock,2560
FUN,Six Flags Entertainment Corporation,NYSE,stock,2561
AIP,"Arteris, Inc.",NASDAQ,stock,2562
PSEC,Prospect Capital Corporation - Closed End Fund,NASDAQ,stock,2563
UVSP,Univest Financial Corporation,NASDAQ,stock,2564
GNK,Genco Shipping & Trading Limited,NYSE,stock,2565
ORC,"Orchid Island Capital, Inc.",NYSE,stock,2566
EOS,Eaton Vance Enhance Equity Income Fund II,NYSE,stock,2567
DEA,"Easterly Government Properties, Inc.",NYSE,stock,2568
CMRF,"Cim Group, Inc.",,stock,2569
AMRC,"Ameresco, Inc.",NYSE,stock,2570
STAA,STAAR Surgical Company,NASDAQ,stock,2571
PDM,"Piedmont Realty Trust, Inc.",NYSE,stock,2572
EOSE,"Eos Energy Enterprises, Inc.",NASDAQ,stock,2573
TE,T1 Energy Inc.,NYSE,stock,2574
BRAI,Braiin Limited,NASDAQ,stock,2575
BOW,Bowhead Specialty Holdings Inc.,NYSE,stock,2576
CXM,"Sprinklr, Inc.",NYSE,stock,2577
LGIH,"LGI Homes, Inc.",NASDAQ,stock,2578
GDRX,"GoodRx Holdings, Inc.",NASDAQ,stock,2579
AORT,"Artivion, Inc.",NYSE,stock,2580
IRMD,iRadimed Corporation,NASDAQ,stock,2581
SPH,"Suburban Propane Partners, L.P.",NYSE,stock,2582
CDRE,"Cadre Holdings, Inc.",NYSE,stock,2583
WINA,Winmark Corporation,NASDAQ,stock,2584
ESBA,"Empire State Realty OP, L.P.",,stock,2585
PUMP,ProPetro Holding Corp.,NYSE,stock,2586
SGML,Sigma Lithium Corporation,NASDAQ,stock,2587
AKTS,"Aktis Oncology, Inc.",NASDAQ,stock,2588
CRML,Critical Metals Corp.,NASDAQ,stock,2589
HBNB,Hotel101 Global Holdings Corp.,NASDAQ,stock,2590
JCAP,"Jefferson Capital, Inc.",NASDAQ,stock,2591
VOR,Vor Biopharma Inc.,NASDAQ,stock,2592
MMI,"Marcus & Millichap, Inc.",NYSE,stock,2593
PSIX,"Power Solutions International, Inc.",NASDAQ,stock,2594
MCB,Metropolitan Bank Holding Corp.,NYSE,stock,2595
BH-A,Biglari Holdings Inc.,NYSE,stock,2596
WLFC,Willis Lease Finance Corporation,NASDAQ,stock,2597
ECVT,Ecovyst Inc.,NYSE,stock,2598
LU,Lufax Holding Ltd,,stock,2599
MNKD,MannKind Corporation,NASDAQ,stock,2600
HSLV,Highlander Silver Corp.,NYSE American,stock,2601
MUX,McEwen Inc.,NYSE,stock,2602
ODTX,"Odyssey Therapeutics, Inc.",NASDAQ,stock,2603
AOD,abrdn Total Dynamic Dividend Fund,NYSE,stock,2604
ANRO,"Alto Neuroscience, Inc.",NYSE,stock,2605
REAL,"The RealReal, Inc.",NASDAQ,stock,2606
GO,Grocery Outlet Holding Corp.,NASDAQ,stock,2607
VCX,"Fundrise Innovation Fund, LLC",NYSE,stock,2608
GSBD,"Goldman Sachs BDC, Inc.",NYSE,stock,2609
AVEX,AEVEX Corp.,NYSE,stock,2610
ABTC,American Bitcoin Corp.,NASDAQ,stock,2611
DLX,Deluxe Corporation,NYSE,stock,2612
PSNY,Polestar Automotive Holding UK Limited - Class A ADS,NASDAQ,stock,2613
MGTX,MeiraGTx Holdings plc,NASDAQ,stock,2614
ENOV,Enovis Corporation,NYSE,stock,2615
MRTN,"Marten Transport, Ltd.",NASDAQ,stock,2616
LOMA,Loma Negra Compania Industrial Argentina Sociedad Anonima ADS,NYSE,stock,2617
OCSL,Oaktree Specialty Lending Corporation - Closed End Fund,NASDAQ,stock,2618
CSTL,"Castle Biosciences, Inc.",NASDAQ,stock,2619
GTM,ZoomInfo Technologies Inc.,NASDAQ,stock,2620
BMEZ,BlackRock Health Sciences Term Trust,NYSE,stock,2621
CLVT,Clarivate Plc,NYSE,stock,2622
KRT,Karat Packaging Inc.,NASDAQ,stock,2623
NPK,"National Presto Industries, Inc.",NYSE,stock,2624
CII,"BlackRock Enhanced Large Cap Core Fund, Inc.",NYSE,stock,2625
BBNX,"Beta Bionics, Inc.",NASDAQ,stock,2626
SLBT,SL Science Holding Limited,NASDAQ,stock,2627
SVRA,"Savara, Inc.",NASDAQ,stock,2628
TDOC,"Teladoc Health, Inc.",NYSE,stock,2629
BTX,BlackRock Technology and Private Equity Term Trust,NYSE,stock,2630
CPAC,Cementos Pacasmayo Saa,,stock,2631
FSCO,FS Credit Opportunities Corp.,NYSE,stock,2632
SG,"Sweetgreen, Inc.",NYSE,stock,2633
IGIC,International General Insurance Holdings Ltd.,NASDAQ,stock,2634
FSBC,Five Star Bancorp,NASDAQ,stock,2635
CRF,"Cornerstone Total Return Fund, Inc. (The)",NYSE American,stock,2636
BFS,"Saul Centers, Inc.",NYSE,stock,2637
UVV,Universal Corporation,NYSE,stock,2638
AFYA,Afya Limited,NASDAQ,stock,2639
THRM,Gentherm Inc,NASDAQ,stock,2640
YKCLY,Yamato Kogyo Co. Ltd/ADR,,stock,2641
CFFN,"Capitol Federal Financial, Inc.",NASDAQ,stock,2642
TUYA,Tuya Inc.,,stock,2643
CRAI,"CRA International,Inc.",NASDAQ,stock,2644
GPRE,"Green Plains, Inc.",NASDAQ,stock,2645
JANX,"Janux Therapeutics, Inc.",NASDAQ,stock,2646
ETW,Eaton Vance Corporation Eaton Vance Tax-Managed Global Buy-Write Opportunites Fund,NYSE,stock,2647
PRCT,PROCEPT BioRobotics Corporation,NASDAQ,stock,2648
FTK,"Flotek Industries, Inc.",NYSE,stock,2649
SPTX,"Seaport Therapeutics, Inc.",NASDAQ,stock,2650
ASA,ASA  Gold and Precious Metals Limited,NYSE,stock,2651
TRUP,"Trupanion, Inc.",NASDAQ,stock,2652
SBR,Sabine Royalty Trust,NYSE,stock,2653
RAJAF,"TFA Therapeutics, Inc.",,stock,2654
UTI,Universal Technical Institute Inc,NYSE,stock,2655
GHM,Graham Corporation,NYSE,stock,2656
LTGHY,Life Healthcare Group Holdings Limited/ADR,,stock,2657
MBWM,Mercantile Bank Corporation,NASDAQ,stock,2658
PCRX,"Pacira BioSciences, Inc.",NASDAQ,stock,2659
UPWK,Upwork Inc.,NASDAQ,stock,2660
RSKD,Riskified Ltd.,NYSE,stock,2661
ANDG,Andersen Group Inc.,NYSE,stock,2662
ITRN,Ituran Location and Control Ltd.,NASDAQ,stock,2663
GLUE,"Monte Rosa Therapeutics, Inc.",NASDAQ,stock,2664
ANL,Adlai Nortye Group Ltd.,,stock,2665
FMCB,Farmers & Merchants Bancorp,,stock,2666
RXT,"Rackspace Technology, Inc.",NASDAQ,stock,2667
MSEX,Middlesex Water Company,NASDAQ,stock,2668
CRVS,"Corvus Pharmaceuticals, Inc.",NASDAQ,stock,2669
DFH,"Dream Finders Homes, Inc.",NYSE,stock,2670
NXRT,"NexPoint Residential Trust, Inc.",NYSE,stock,2671
PDS,Precision Drilling Corporation,NYSE,stock,2672
APMD,"Apnimed, Inc.",NASDAQ,stock,2673
MCBS,"MetroCity Bankshares, Inc.",NASDAQ,stock,2674
NWPX,"NWPX Infrastructure, Inc.",NASDAQ,stock,2675
CCNE,CNB Financial Corporation,NASDAQ,stock,2676
BFST,"Business First Bancshares, Inc.",NASDAQ,stock,2677
VMET,Versamet Royalties Corporation,NASDAQ,stock,2678
YELP,Yelp Inc.,NYSE,stock,2679
RCAT,"Red Cat Holdings, Inc.",NASDAQ,stock,2680
HRTG,"Heritage Insurance Holdings, Inc.",NYSE,stock,2681
MLTX,MoonLake Immunotherapeutics,NASDAQ,stock,2682
ITG,"ITG, Inc.",NASDAQ,stock,2683
EQBK,"Equity Bancshares, Inc.",NYSE,stock,2684
XIFR,"XPLR Infrastructure, LP",,stock,2685
LMRI,"Lumexa Imaging Holdings, Inc.",NASDAQ,stock,2686
HPK,"HighPeak Energy, Inc.",NASDAQ,stock,2687
CSR,D/B/A Centerspace,NYSE,stock,2688
NBBK,"NB Bancorp, Inc.",NASDAQ,stock,2689
TRIP,"TripAdvisor, Inc.",NASDAQ,stock,2690
FPF,First Trust Intermediate Duration Preferred & Income Fund,,stock,2691
CEVA,"CEVA, Inc.",NASDAQ,stock,2692
NPKI,NPK International Inc.,NYSE,stock,2693
SYNSY,Syensqo SA/ADR,,stock,2694
HBNC,"Horizon Bancorp, Inc.",NASDAQ,stock,2695
AEVA,"Aeva Technologies, Inc.",NASDAQ,stock,2696
KURA,"Kura Oncology, Inc.",NASDAQ,stock,2697
SIFY,Sify Technologies Limited - American Depository Shares,NASDAQ,stock,2698
ABUS,Arbutus Biopharma Corporation,NASDAQ,stock,2699
TYG,Tortoise Energy Infrastructure Corporation,NYSE,stock,2700
IQ,"iQIYI, Inc.",,stock,2701
LAC,Lithium Americas Corp.,NYSE,stock,2702
PTA,Cohen & Steers Tax-Advantaged Preferred Securities & Income Fund,,stock,2703
FEIM,"Frequency Electronics, Inc.",NASDAQ,stock,2704
ASM,Avino Silver & Gold Mines Ltd.,NYSE American,stock,2705
BVS,Bioventus Inc.,NASDAQ,stock,2706
VPG,"Vishay Precision Group, Inc.",NYSE,stock,2707
RHLD,Resolute Holdings Management,NYSE,stock,2708
LGSXY,Light S.A./ADR,,stock,2709
SB,"Safe Bulkers, Inc",NYSE,stock,2710
CBLL,"CeriBell, Inc.",NASDAQ,stock,2711
CAC,Camden National Corporation,NASDAQ,stock,2712
ASTE,"Astec Industries, Inc.",NASDAQ,stock,2713
LZ,"LegalZoom.com, Inc.",NASDAQ,stock,2714
CGEM,"Cullinan Therapeutics, Inc.",NASDAQ,stock,2715
HELP,Helus Pharma Inc.,NASDAQ,stock,2716
NXDR,"Nextdoor Holdings, Inc.",NYSE,stock,2717
ALMS,Alumis Inc.,NASDAQ,stock,2718
IBTA,"Ibotta, Inc.",NYSE,stock,2719
DXYZ,Destiny Tech100 Inc.,NYSE,stock,2720
KODK,Eastman Kodak Company Common,NYSE,stock,2721
STK,Columbia Seligman Premium Technology Growth Fund Inc,NYSE,stock,2722
CHY,Calamos Convertible and High Income Fund - Closed End Fund,NASDAQ,stock,2723
BV,"BrightView Holdings, Inc.",NYSE,stock,2724
CMP,Compass Minerals Intl Inc,NYSE,stock,2725
TALMF,Fuerte Metals Corp,,stock,2726
UTL,UNITIL Corporation,NYSE,stock,2727
TRST,TrustCo Bank Corp NY,NASDAQ,stock,2728
KFRC,"Kforce, Inc.",NYSE,stock,2729
XTND,"Xtend AI Robotics, Inc.",NYSE,stock,2730
PSTL,"Postal Realty Trust, Inc.",NYSE,stock,2731
CHI,Calamos Convertible Opportunities and Income Fund - Closed End Fund,NASDAQ,stock,2732
CPF,Central Pacific Financial Corp,NYSE,stock,2733
MSSHY,Mitsui-Soko Holdings Co Limited/ADR,,stock,2734
TBLA,Taboola.com Ltd.,NASDAQ,stock,2735
HAFC,Hanmi Financial Corporation,NASDAQ,stock,2736
DEC,Diversified Energy Company,NYSE,stock,2737
SBGI,"Sinclair, Inc.",NASDAQ,stock,2738
TDAY,"USA TODAY Co., Inc.",NYSE,stock,2739
RIGL,"Rigel Pharmaceuticals, Inc.",NASDAQ,stock,2740
FET,"Forum Energy Technologies, Inc.",NYSE,stock,2741
GLIBA,Liberty Capital Corporation - Series A GCI Group,NASDAQ,stock,2742
VYX,NCR Voyix Corporation,NYSE,stock,2743
PLOW,"Douglas Dynamics, Inc.",NYSE,stock,2744
PXED,"Phoenix Education Partners, Inc.",NYSE,stock,2745
DJCO,Daily Journal Corp. (S.C.),NASDAQ,stock,2746
UPBD,"Upbound Group, Inc.",NASDAQ,stock,2747
BBDC,"Barings BDC, Inc.",NYSE,stock,2748
BCX,BlackRock Resources,NYSE,stock,2749
SBSI,"Southside Bancshares, Inc.",NYSE,stock,2750
JBIO,"Jade Biosciences, Inc.",NASDAQ,stock,2751
MUC,"Blackrock MuniHoldings California Quality Fund, Inc.",NYSE,stock,2752
OBX,"Obsidian Therapeutics, Inc.",NASDAQ,stock,2753
BKSY,BlackSky Technology Inc.,NYSE,stock,2754
PDX,PIMCO Dynamic Income Strategy Fund,NYSE,stock,2755
JMIA,Jumia Technologies AG,,stock,2756
LAR,Lithium Argentina AG,NYSE,stock,2757
MPB,Mid Penn Bancorp,NASDAQ,stock,2758
HTLD,"Heartland Express, Inc.",NASDAQ,stock,2759
KRO,Kronos Worldwide Inc,NYSE,stock,2760
RNP,Cohen & Steers Reit & Preferred & Income Fund Inc,,stock,2761
PCT,"PureCycle Technologies, Inc.",NASDAQ,stock,2762
FMNB,Farmers National Banc Corp.,NASDAQ,stock,2763
HEPS,D-MARKET Electronic Services & Trading,,stock,2764
MTA,Metalla Royalty & Streaming Ltd.,NYSE American,stock,2765
BORAY,"Bora Pharmaceuticals Co., Ltd./ADR",,stock,2766
HSTM,"HealthStream, Inc.",NASDAQ,stock,2767
BZH,"Beazer Homes USA, Inc.",NYSE,stock,2768
BBN,BlackRock Taxable Municipal Bond Trust,NYSE,stock,2769
FCBC,"First Community Bankshares, Inc.",NASDAQ,stock,2770
SANA,"Sana Biotechnology, Inc.",NASDAQ,stock,2771
RBTK,Zhen Ding Resources Inc.,,stock,2772
BRBR,"BellRing Brands, Inc.",NYSE,stock,2773
THFF,First Financial Corporation,NASDAQ,stock,2774
ACEL,"Accel Entertainment, Inc.",NYSE,stock,2775
KOPN,Kopin Corporation,NASDAQ,stock,2776
OXLC,Oxford Lane Capital Corp. - Closed End Fund,NASDAQ,stock,2777
ANGX,"Angel Studios, Inc.",NYSE,stock,2778
FSSL,FS Specialty Lending Fund,NYSE,stock,2779
NX,Quanex Building Products Corporation,NYSE,stock,2780
NANO,ATII Holdings Inc.,,stock,2781
MCS,Marcus Corporation (The),NYSE,stock,2782
OI,"O-I Glass, Inc.",NYSE,stock,2783
SATL,Satellogic Inc.,NASDAQ,stock,2784
CYRX,"CryoPort, Inc.",NASDAQ,stock,2785
REPX,"Riley Exploration Permian, Inc.",NYSE American,stock,2786
KOP,Koppers Holdings Inc.,NYSE,stock,2787
ARDX,"Ardelyx, Inc.",NASDAQ,stock,2788
BW,"Babcock & Wilcox Enterprises, Inc.",NYSE,stock,2789
AIO,Virtus Artificial Intelligence & Technology Opportunities Fund,NYSE,stock,2790
KBDC,"Kayne Anderson BDC, Inc.",NYSE,stock,2791
BUR,Burford Capital Limited,NYSE,stock,2792
VRTS,"Virtus Investment Partners, Inc.",NYSE,stock,2793
FRBT,"Forbright, Inc.",NASDAQ,stock,2794
SABR,Sabre Corporation,NASDAQ,stock,2795
TTI,"Tetra Technologies, Inc.",NYSE,stock,2796
EIG,Employers Holdings Inc,NYSE,stock,2797
NNE,Nano Nuclear Energy Inc.,NASDAQ,stock,2798
PUBM,"PubMatic, Inc.",NASDAQ,stock,2799
BTGO,"BitGo Holdings, Inc.",NYSE,stock,2800
RZLV,Rezolve AI PLC,NASDAQ,stock,2801
RJET,Republic Airways Holdings Inc.,NASDAQ,stock,2802
CIM,Chimera Investment Corporation,NYSE,stock,2803
EGBN,"Eagle Bancorp, Inc.",NASDAQ,stock,2804
NAVI,Navient Corporation,NASDAQ,stock,2805
SAFE,Safehold Inc.,NYSE,stock,2806
SGP,"SpyGlass Pharma, Inc.",NASDAQ,stock,2807
OGG,Osisko Gold Group Inc.,NYSE,stock,2808
SIBN,"SI-BONE, Inc.",NASDAQ,stock,2809
EVLV,"Evolv Technologies Holdings, Inc.",NASDAQ,stock,2810
SMPL,The Simply Good Foods Company,NASDAQ,stock,2811
SMBK,"SmartFinancial, Inc.",NYSE,stock,2812
RERE,ATRenew Inc.,,stock,2813
GSBC,"Great Southern Bancorp, Inc.",NASDAQ,stock,2814
HIVE,HIVE Digital Technologies Ltd,NASDAQ,stock,2815
SMP,"Standard Motor Products, Inc.",NYSE,stock,2816
AEBI,Aebi Schmidt Holding AG,NASDAQ,stock,2817
FFMGF,First Mining Gold Corp.,,stock,2818
AWF,Alliancebernstein Global High Income Fund,NYSE,stock,2819
DC,Dakota Gold Corp.,NYSE American,stock,2820
SCZM,Santacruz Silver Mining Ltd.,NASDAQ,stock,2821
DAKT,"Daktronics, Inc.",NASDAQ,stock,2822
NUAI,"New Era Energy & Digital, Inc.",NASDAQ,stock,2823
CODI,D/B/A Compass Diversified Holdings Shares of Beneficial Interest,NYSE,stock,2824
CADL,"Candel Therapeutics, Inc.",NASDAQ,stock,2825
CCBG,Capital City Bank Group,NASDAQ,stock,2826
AOSL,Alpha and Omega Semiconductor Limited,NASDAQ,stock,2827
MAKO,Mako Mining Corp,NASDAQ,stock,2828
LXRX,"Lexicon Pharmaceuticals, Inc.",NASDAQ,stock,2829
CRESY,Cresud Inc,,stock,2830
ATTO,"Attovia Therapeutics, Inc.",NASDAQ,stock,2831
CVLG,"Covenant Logistics Group, Inc.",NYSE,stock,2832
PLTK,Playtika Holding Corp.,NASDAQ,stock,2833
SVC,Service Properties Trust,NASDAQ,stock,2834
YALA,Yalla Group Ltd,,stock,2835
BLZE,"Backblaze, Inc.",NASDAQ,stock,2836
QFIN,"Qfin Holdings, Inc.",,stock,2837
QNST,"QuinStreet, Inc.",NASDAQ,stock,2838
TIGR,UP Fintech Holding Ltd,,stock,2839
HSHP,Himalaya Shipping Ltd.,NYSE,stock,2840
INMD,InMode Ltd.,NASDAQ,stock,2841
HBIA,Hills Bancorporation,,stock,2842
CAPL,CrossAmerica Partners LP,,stock,2843
TRNS,"Transcat, Inc.",NASDAQ,stock,2844
AVTX,"Avalo Therapeutics, Inc.",NASDAQ,stock,2845
NAK,"Northern Dynasty Minerals, Ltd.",NYSE American,stock,2846
EOI,Eaton Vance Enhance Equity Income Fund Eaton Vance Enhanced Equity Income Fund Shares of Beneficial Interest,NYSE,stock,2847
ODD,ODDITY Tech Ltd.,NASDAQ,stock,2848
RPC,"Ridgepost Capital, Inc.",NYSE,stock,2849
DSP,Viant Technology Inc.,NASDAQ,stock,2850
PCN,Pimco Corporate & Income Strategy Fund,NYSE,stock,2851
SKYH,Sky Harbour Group Corporation,NYSE,stock,2852
ASGI,abrdn Global Infrastructure Income Fund,NYSE,stock,2853
MFA,"MFA Financial, Inc.",NYSE,stock,2854
HIPO,Hippo Holdings Inc.,NYSE,stock,2855
GRPN,"Groupon, Inc.",NASDAQ,stock,2856
DNA,"Ginkgo Bioworks Holdings, Inc.",NYSE,stock,2857
MTW,"Manitowoc Company, Inc. (The)",NYSE,stock,2858
ADSE,ADS-TEC ENERGY PLC,NASDAQ,stock,2859
ORRF,"Orrstown Financial Services, Inc.",NASDAQ,stock,2860
LWLG,"Lightwave Logic, Inc.",NASDAQ,stock,2861
ANNX,"Annexon, Inc.",NASDAQ,stock,2862
IMC,IMC Rare Earths Ltd,NYSE American,stock,2863
ARI,"Apollo Commercial Real Estate Finance, Inc",NYSE,stock,2864
IVA,Inventiva S.A. - American Depository Shares,NASDAQ,stock,2865
WRLD,World Acceptance Corporation,NASDAQ,stock,2866
WEST,Westrock Coffee Company,NASDAQ,stock,2867
SXC,"SunCoke Energy, Inc.",NYSE,stock,2868
NRK,Nuveen New York AMT-Free Quality Municipal Income Fund,NYSE,stock,2869
FDMT,"4D Molecular Therapeutics, Inc.",NASDAQ,stock,2870
GYRE,"Gyre Therapeutics, Inc.",NASDAQ,stock,2871
ALRS,Alerus Financial Corporation,NASDAQ,stock,2872
ABR,Arbor Realty Trust,NYSE,stock,2873
GERN,Geron Corporation,NASDAQ,stock,2874
ACHV,"Achieve Life Sciences, Inc.",NASDAQ,stock,2875
JBSS,"John B. Sanfilippo & Son, Inc.",NASDAQ,stock,2876
GCMG,GCM Grosvenor Inc.,NASDAQ,stock,2877
VREX,Varex Imaging Corporation,NASDAQ,stock,2878
SPFI,"South Plains Financial, Inc.",NASDAQ,stock,2879
ACRS,"Aclaris Therapeutics, Inc.",NASDAQ,stock,2880
HTD,John Hancock Tax Advantaged Dividend Income Fund,NYSE,stock,2881
MTUS,Metallus Inc.,NYSE,stock,2882
ELVR,Elevra Lithium Limited - American Depository Shares,NASDAQ,stock,2883
CSIQ,Canadian Solar Inc.,NASDAQ,stock,2884
SMBC,"Southern Missouri Bancorp, Inc.",NASDAQ,stock,2885
ACDC,ProFrac Holding Corp.,NASDAQ,stock,2886
TXO,"TXO Partners, L.P.",,stock,2887
ABX,"Abacus Global Management, Inc.",NYSE,stock,2888
LYTS,LSI Industries Inc.,NASDAQ,stock,2889
JBGS,JBG SMITH Properties,NYSE,stock,2890
DSGN,"Design Therapeutics, Inc.",NASDAQ,stock,2891
FDUS,Fidus Investment Corporation - Closed End Fund,NASDAQ,stock,2892
RPD,"Rapid7, Inc.",NASDAQ,stock,2893
FISI,"Financial Institutions, Inc.",NASDAQ,stock,2894
CTO,"CTO Realty Growth, Inc.",NYSE,stock,2895
DQ,Daqo New Energy Corp.,,stock,2896
FOXF,Fox Factory Holding Corp.,NASDAQ,stock,2897
PGC,Peapack-Gladstone Financial Corporation,NASDAQ,stock,2898
GILT,Gilat Satellite Networks Ltd.,NASDAQ,stock,2899
KRNGY,Karoon Gas Australia Ltd /ADR/,,stock,2900
MNTN,"MNTN, Inc.",NYSE,stock,2901
HQ,Horizon Quantum Holdings Ltd.,NASDAQ,stock,2902
VLRS,"Controladora Vuela Compania de Aviacion, S.A.B. de C.V.",,stock,2903
PEO,"Adams Natural Resources Fund, Inc.",NYSE,stock,2904
NABL,"N-able, Inc.",NYSE,stock,2905
PHK,Pimco High Income Fund,NYSE,stock,2906
SLDB,Solid Biosciences Inc.,NASDAQ,stock,2907
MRRDF,Meridian Mining UK Societas,,stock,2908
THQ,abrdn Healthcare Opportunities Fund Shares of Beneficial Interest,NYSE,stock,2909
WLKP,Westlake Chemical Partners LP,,stock,2910
APEI,"American Public Education, Inc.",NASDAQ,stock,2911
AHCO,AdaptHealth Corp.,NASDAQ,stock,2912
ASC,Ardmore Shipping Corporation,NYSE,stock,2913
MITK,"Mitek Systems, Inc.",NASDAQ,stock,2914
SSYS,"Stratasys, Ltd.",NASDAQ,stock,2915
CGBD,"Carlyle Secured Lending, Inc. - Closed End Fund",NASDAQ,stock,2916
BUUU,BUUU Group Limited,NASDAQ,stock,2917
WGO,"Winnebago Industries, Inc.",NYSE,stock,2918
CRTO,Criteo S.A.,NASDAQ,stock,2919
RVI,Robinhood Ventures Fund I,NYSE,stock,2920
GOOS,Canada Goose Holdings Inc. Subordinate Voting Shares,NYSE,stock,2921
HTB,"HomeTrust Bancshares, Inc.",NYSE,stock,2922
TASK,"TaskUs, Inc.",NASDAQ,stock,2923
APOG,"Apogee Enterprises, Inc.",NASDAQ,stock,2924
IMMX,"Immix Biopharma, Inc.",NASDAQ,stock,2925
SHBI,"Shore Bancshares, Inc.",NASDAQ,stock,2926
OLMA,"Olema Pharmaceuticals, Inc.",NASDAQ,stock,2927
MOV,Movado Group Inc.,NYSE,stock,2928
REF,Reformation Inc.,NYSE,stock,2929
CTKB,"Cytek Biosciences, Inc.",NASDAQ,stock,2930
LUCK,Lucky Strike Entertainment Corporation,NYSE,stock,2931
BWMN,Bowman Consulting Group Ltd.,NASDAQ,stock,2932
BLDP,"Ballard Power Systems, Inc.",NASDAQ,stock,2933
AVR,Anteris Technologies Global Corp.,NASDAQ,stock,2934
BBSI,"Barrett Business Services, Inc.",NASDAQ,stock,2935
MLAB,"Mesa Laboratories, Inc.",NASDAQ,stock,2936
QDEL,QuidelOrtho Corporation,NASDAQ,stock,2937
STRW,"Strawberry Fields REIT, Inc.",NYSE American,stock,2938
AMRQF,Amaroq Ltd.,,stock,2939
ETRA,"Electra Therapeutics, Inc.",NASDAQ,stock,2940
VSTM,"Verastem, Inc.",NASDAQ,stock,2941
MFIC,MidCap Financial Investment Corporation - Closed End Fund,NASDAQ,stock,2942
FTH,"Faeth Therapeutics, Inc.",NASDAQ,stock,2943
BCSF,"Bain Capital Specialty Finance, Inc.",NYSE,stock,2944
WYFI,"WhiteFiber, Inc.",NASDAQ,stock,2945
IBCP,Independent Bank Corporation,NASDAQ,stock,2946
NRGV,"Energy Vault Holdings, Inc.",NYSE,stock,2947
DBVT,DBV Technologies S.A.,,stock,2948
PAYS,"Paysign, Inc.",NASDAQ,stock,2949
FINV,FinVolution Group,,stock,2950
RMT,"Royce Micro-Cap Trust, Inc.",NYSE,stock,2951
SWIM,"Latham Group, Inc.",NASDAQ,stock,2952
PHAR,"Pharming Group N.V. - ADS, each representing 10",NASDAQ,stock,2953
WASH,"Washington Trust Bancorp, Inc.",NASDAQ,stock,2954
HYLN,Hyliion Holdings Corp.,NYSE American,stock,2955
FFC,Flaherty & Crumrine PREFERRED & INCOME SECURITIES FUND INC,,stock,2956
BTO,John Hancock Financial Opportunities Fund,NYSE,stock,2957
ROOT,"Root, Inc.",NASDAQ,stock,2958
VBNK,VersaBank,NASDAQ,stock,2959
CWBC,Community West Bancshares,NASDAQ,stock,2960
WVE,"Wave Life Sciences, Inc.",NASDAQ,stock,2961
TCBX,"Third Coast Bancshares, Inc.",NYSE,stock,2962
KRNT,Kornit Digital Ltd.,NASDAQ,stock,2963
BALY,Bally's Corporation,NYSE,stock,2964
MQY,"Blackrock MuniYield Quality Fund, Inc.",NYSE,stock,2965
ADAM,"Adamas Trust, Inc.",NASDAQ,stock,2966
MALG,Microalliance Group Inc.,,stock,2967
TCGLF,TechCreate Group Ltd.,,stock,2968
GDOT,Green Dot Corporation,NYSE,stock,2969
SOPH,SOPHiA GENETICS SA,NASDAQ,stock,2970
GROY,Gold Royalty Corp.,NYSE American,stock,2971
PRAA,"PRA Group, Inc.",NASDAQ,stock,2972
LPTH,"LightPath Technologies, Inc.",NASDAQ,stock,2973
MOMO,Hello Group Inc.,,stock,2974
VTS,"Vitesse Energy, Inc.",NYSE,stock,2975
MEGI,NYLIM CBRE Global Infrastructure Megatrends Term Fund,NYSE,stock,2976
NGVC,"Natural Grocers by Vitamin Cottage, Inc.",NYSE,stock,2977
BLMN,"Bloomin' Brands, Inc.",NASDAQ,stock,2978
FPH,"Five Point Holdings, LLC",NYSE,stock,2979
NIE,Virtus Equity & Convertible Income Fund,NYSE,stock,2980
LXU,"LSB Industries, Inc.",NYSE,stock,2981
OABI,"OmniAb, Inc.",NASDAQ,stock,2982
INDI,"indie Semiconductor, Inc.",NASDAQ,stock,2983
PFLT,PennantPark Floating Rate Capital Ltd.,NYSE,stock,2984
LOGC,ContextLogic Holdings Inc.,,stock,2985
CARE,"Carter Bankshares, Inc.",NASDAQ,stock,2986
AROW,Arrow Financial Corporation,NASDAQ,stock,2987
HDL,Super Hi International Holding Ltd.,,stock,2988
BCAL,California BanCorp,NASDAQ,stock,2989
LEGH,Legacy Housing Corporation,NASDAQ,stock,2990
CCXI,Churchill Capital Corp XI,NASDAQ,stock,2991
BLSM,"BlossomHill Therapeutics, Inc.",NASDAQ,stock,2992
EVEX,"Eve Holding, Inc.",NYSE,stock,2993
GPRK,Geopark Ltd,NYSE,stock,2994
GEMI,"Gemini Space Station, Inc.",NASDAQ,stock,2995
COLL,"Collegium Pharmaceutical, Inc.",NASDAQ,stock,2996
PFIS,Peoples Financial Services Corp.,NASDAQ,stock,2997
CASS,"Cass Information Systems, Inc",NASDAQ,stock,2998
OBE,Obsidian Energy Ltd.,NYSE American,stock,2999
IRWD,"Ironwood Pharmaceuticals, Inc.",NASDAQ,stock,3000
VLGEA,"Village Super Market, Inc.",NASDAQ,stock,3001
ZVRA,"Zevra Therapeutics, Inc.",NASDAQ,stock,3002
IVR,INVESCO MORTGAGE CAPITAL INC,NYSE,stock,3003
PKOH,Park-Ohio Holdings Corp.,NASDAQ,stock,3004
SMWB,Similarweb Ltd.,NYSE,stock,3005
MG,Mistras Group Inc,NYSE,stock,3006
THSGF,Thesis Gold Inc.,,stock,3007
CNNE,"Cannae Holdings, Inc.",NYSE,stock,3008
LINC,Lincoln Educational Services Corporation,NASDAQ,stock,3009
RGR,"Sturm, Ruger & Company, Inc.",NYSE,stock,3010
SLN,Silence Therapeutics Plc - American Depository Share,NASDAQ,stock,3011
MDXG,"MiMedx Group, Inc",NASDAQ,stock,3012
PZZA,"Papa John's International, Inc.",NASDAQ,stock,3013
MSBI,"Midland States Bancorp, Inc.",NASDAQ,stock,3014
NVCT,"Nuvectis Pharma, Inc.",NASDAQ,stock,3015
HOV,"Hovnanian Enterprises, Inc.",NYSE,stock,3016
FAC,Factorial Energy Inc.,NASDAQ,stock,3017
IPX,IPERIONX Ltd,,stock,3018
EVC,Entravision Communications Corporation,NYSE,stock,3019
CAZGF,Catapult Group International Ltd,,stock,3020
DGICA,"Donegal Group, Inc.",NASDAQ,stock,3021
CLYM,"Climb Bio, Inc.",NASDAQ,stock,3022
PROK,ProKidney Corp.,NASDAQ,stock,3023
EVER,"EverQuote, Inc.",NASDAQ,stock,3024
HNRG,Hallador Energy Company,NASDAQ,stock,3025
STTK,"Shattuck Labs, Inc.",NASDAQ,stock,3026
BUI,"BlackRock Utility, Infrastructure & Power Opportunities Trust",NYSE,stock,3027
OFRM,"Once Upon a Farm, PBC",NYSE,stock,3028
BWMX,"Betterware de Mexico, S.A.P.I. de C.V.",NYSE,stock,3029
NMFC,New Mountain Finance Corporation,NASDAQ,stock,3030
SOC,Sable Offshore Corp.,NYSE,stock,3031
STLN,"Starling Oncology, Inc.",NASDAQ,stock,3032
CSHR,CoinShares PLC,NASDAQ,stock,3033
ALPIB,Alpine Banks Of Colorado,,stock,3034
WOOF,"Petco Health and Wellness Company, Inc.",NASDAQ,stock,3035
KE,"Kimball Electronics, Inc.",NASDAQ,stock,3036
CLDT,Chatham Lodging Trust (REIT),NYSE,stock,3037
OSPN,OneSpan Inc.,NASDAQ,stock,3038
SUPV,Grupo Supervielle S.A.,,stock,3039
RRBI,"Red River Bancshares, Inc.",NASDAQ,stock,3040
CD,Chaince Digital Holdings Inc. - American,NASDAQ,stock,3041
BHB,"Bar Harbor Bankshares, Inc.",NYSE American,stock,3042
HELE,Helen of Troy Limited,NASDAQ,stock,3043
DMII,Drugs Made In America Acquisition II Corp.,NASDAQ,stock,3044
TRON,Tron Inc.,NASDAQ,stock,3045
DDI,"DoubleDown Interactive Co., Ltd. - American Depository Shares",NASDAQ,stock,3046
TBLD,Thornburg Income Builder Opportunities Trust - Closed End Fund,NASDAQ,stock,3047
MATV,"Mativ Holdings, Inc.",NYSE,stock,3048
SCHL,Scholastic Corporation,NASDAQ,stock,3049
NFGC,New Found Gold Corp,NYSE American,stock,3050
BOT,"RoboStrategy, Inc.",NASDAQ,stock,3051
PRTH,"Priority Technology Holdings, Inc.",NASDAQ,stock,3052
TROX,Tronox Holdings plc,NYSE,stock,3053
RHNO,Rhino Bitcoin Inc.,,stock,3054
RA,Brookfield Real Assets Income Fund Inc.,NYSE,stock,3055
PKE,Park Aerospace Corp.,NYSE,stock,3056
TIPT,Tiptree Inc.,NASDAQ,stock,3057
AURA,"Aura Biosciences, Inc.",NASDAQ,stock,3058
CCD,Calamos Dynamic Convertible & Income Fund - Closed End Fund,NASDAQ,stock,3059
SLRC,SLR Investment Corp. - Closed End Fund,NASDAQ,stock,3060
GLAS,Glass House Brands Inc. Subordinate Voting Shares,NYSE,stock,3061
INN,"Summit Hotel Properties, Inc.",NYSE,stock,3062
BIT,BlackRock Multi-Sector Income Trust,NYSE,stock,3063
PINWF,Pinewood Technologies Group plc,,stock,3064
FWRG,"First Watch Restaurant Group, Inc.",NASDAQ,stock,3065
DLY,DoubleLine Yield Opportunities Fund,NYSE,stock,3066
WCCB,West Coast Community Bancorp,NASDAQ,stock,3067
ACNB,ACNB Corporation,NASDAQ,stock,3068
HPP,"Hudson Pacific Properties, Inc.",NYSE,stock,3069
AHG,Akso Health Group,,stock,3070
YEXT,"Yext, Inc.",NYSE,stock,3071
ANGO,"AngioDynamics, Inc.",NASDAQ,stock,3072
EACO,Eaco Corp,,stock,3073
MUA,"Blackrock MuniAssets Fund, Inc",NYSE,stock,3074
CCSI,"Consensus Cloud Solutions, Inc.",NASDAQ,stock,3075
UAMY,United States Antimony Corporation,NYSE,stock,3076
SWBI,"Smith & Wesson Brands, Inc.",NASDAQ,stock,3077
EVOH,EvoAir Holdings Inc.,,stock,3078
SHEN,Shenandoah Telecommunications Co,NASDAQ,stock,3079
CGNT,Cognyte Software Ltd.,NASDAQ,stock,3080
PAXS,PIMCO Access Income Fund,NYSE,stock,3081
RSVR,"Reservoir Media, Inc..",NASDAQ,stock,3082
GDYN,"Grid Dynamics Holdings, Inc.",NASDAQ,stock,3083
YSWY,"Yesway, Inc.",NASDAQ,stock,3084
PFN,PIMCO Income Strategy Fund II,NYSE,stock,3085
PHR,"Phreesia, Inc.",NYSE,stock,3086
CRMD,CorMedix Inc.,NASDAQ,stock,3087
NRDY,Nerdy Inc.,NYSE,stock,3088
GOOD,Gladstone Commercial Corporation - Real Estate Investment Trust,NASDAQ,stock,3089
ARRY,"Array Technologies, Inc.",NASDAQ,stock,3090
CTMX,"CytomX Therapeutics, Inc.",NASDAQ,stock,3091
HTZ,"Hertz Global Holdings, Inc",NASDAQ,stock,3092
WDI,Western Asset Diversified Income Fund,NYSE,stock,3093
VINP,Vinci Compass Investments Ltd.,NASDAQ,stock,3094
MLR,"Miller Industries, Inc.",NYSE,stock,3095
FWDI,"Forward Industries, Inc.",NASDAQ,stock,3096
FLGT,"Fulgent Genetics, Inc.",NASDAQ,stock,3097
MAMA,"Mama's Creations, Inc.",NASDAQ,stock,3098
ENVX,Enovix Corporation,NASDAQ,stock,3099
ISOU,IsoEnergy Ltd.,NYSE American,stock,3100
CLMB,"Climb Global Solutions, Inc.",NASDAQ,stock,3101
CCB,Coastal Financial Corporation,NASDAQ,stock,3102
HAPVY,Hapvida Participacoes e Investimentos S.A./ADR,,stock,3103
EVAC,EQV Ventures Acquisition Corp. II,NYSE,stock,3104
BTBT,"Bit Digital, Inc.",NASDAQ,stock,3105
PHAT,"Phathom Pharmaceuticals, Inc.",NASDAQ,stock,3106
GFUZ,General Fusion Group Ltd.,NASDAQ,stock,3107
MATW,Matthews International Corporation,NASDAQ,stock,3108
BCSS,Bain Capital GSS Investment Corp.,NYSE,stock,3109
CXII,Churchill Capital Corp XII,NASDAQ,stock,3110
AGNT,"AGNT, Inc.",NASDAQ,stock,3111
VEL,"Velocity Financial, Inc.",NYSE,stock,3112
NTGR,"NETGEAR, Inc.",NASDAQ,stock,3113
WHK,WhiteHawk Minerals Corp,NYSE,stock,3114
VTEX,VTEX,NYSE,stock,3115
IGR,CBRE Global Real Estate Income Fund,NYSE,stock,3116
NKX,Nuveen California AMT-Free Quality Municipal Income Fund,NYSE,stock,3117
EGY,"VAALCO Energy, Inc.",NYSE,stock,3118
WEAV,"Weave Communications, Inc.",NYSE,stock,3119
CRD-A,Crawford & Company,NYSE,stock,3120
TWN,"Taiwan Fund, Inc. (The)",NYSE,stock,3121
KIDS,OrthoPediatrics Corp.,NASDAQ,stock,3122
DDD,3D Systems Corporation,NYSE,stock,3123
CEPF,"Cantor Equity Partners IV, Inc.",NASDAQ,stock,3124
ELMT,The Elmet Group Co.,NASDAQ,stock,3125
OIO,OIO Group,NASDAQ,stock,3126
OOMA,"Ooma, Inc.",NYSE,stock,3127
TMS,Teamshares Inc.,NASDAQ,stock,3128
SGMT,Sagimet Biosciences Inc. - Series A,NASDAQ,stock,3129
AQST,"Aquestive Therapeutics, Inc.",NASDAQ,stock,3130
BXC,Bluelinx Holdings Inc.,NYSE,stock,3131
VALN,Valneva SE,,stock,3132
DSU,"Blackrock Debt Strategies Fund, Inc.",NYSE,stock,3133
CBNK,"Capital Bancorp, Inc.",NASDAQ,stock,3134
IBEX,IBEX Limited,NASDAQ,stock,3135
GOTU,Gaotu Techedu Inc.,,stock,3136
FBIZ,"First Business Financial Services, Inc.",NASDAQ,stock,3137
ALT,"Altimmune, Inc.",NASDAQ,stock,3138
LMB,"Limbach Holdings, Inc.",NASDAQ,stock,3139
EVO,Evotec SE,,stock,3140
AHRT,"AH Realty Trust, Inc.",NYSE,stock,3141
KRNY,Kearny Financial,NASDAQ,stock,3142
GSKRF,First Nordic Metals Corp.,,stock,3143
HY,"Hyster-Yale, Inc.",NYSE,stock,3144
PACB,"Pacific Biosciences of California, Inc.",NASDAQ,stock,3145
NCDL,Nuveen Churchill Direct Lending Corp.,NYSE,stock,3146
MPLT,"MapLight Therapeutics, Inc.",NASDAQ,stock,3147
GCBC,"Greene County Bancorp, Inc.",NASDAQ,stock,3148
NGNE,Neurogene Inc.,NASDAQ,stock,3149
DCBO,Docebo Inc.,NASDAQ,stock,3150
BAK,Braskem SA ADR,NYSE,stock,3151
NML,Neuberger Energy Infrastructure and Income Fund Inc.,NYSE American,stock,3152
CTGO,Contango Silver & Gold Inc.,NYSE American,stock,3153
JBI,"Janus International Group, Inc.",NYSE,stock,3154
GRNT,"Granite Ridge Resources, Inc.",NYSE,stock,3155
BWB,"Bridgewater Bancshares, Inc.",NASDAQ,stock,3156
SSII,SS Innovations International Inc.,NASDAQ,stock,3157
KELYA,"Kelly Services, Inc.",NASDAQ,stock,3158
LOT,Lotus Technology Inc.,,stock,3159
ADTN,"ADTRAN Holdings, Inc.",NASDAQ,stock,3160
ALLO,"Allogene Therapeutics, Inc.",NASDAQ,stock,3161
CDNL,Cardinal Infrastructure Group Inc.,NASDAQ,stock,3162
SFST,"Southern First Bancshares, Inc.",NASDAQ,stock,3163
HNST,"The Honest Company, Inc.",NASDAQ,stock,3164
IIIN,"Insteel Industries, Inc.",NYSE,stock,3165
ACP,abrdn Income Credit Strategies Fund,NYSE,stock,3166
XMAX,"XMAX, Inc.",NASDAQ,stock,3167
SPT,"Sprout Social, Inc",NASDAQ,stock,3168
ALOY,REalloys Inc.,NASDAQ,stock,3169
PRME,"Prime Medicine, Inc.",NASDAQ,stock,3170
TLRY,"Tilray Brands, Inc.",NASDAQ,stock,3171
PAR,PAR Technology Corporation,NYSE,stock,3172
YB,Yuanbao Inc.,,stock,3173
DBCA,D. Boral Acquisition I Corp.,NASDAQ,stock,3174
TMQ,Trilogy Metals Inc.,NYSE American,stock,3175
EPRX,Eupraxia Pharmaceuticals Inc.,NASDAQ,stock,3176
CARS,Cars.com Inc.,NYSE,stock,3177
SVMB,"Jingbo Technology, Inc.",,stock,3178
TITN,Titan Machinery Inc.,NASDAQ,stock,3179
AEXA,American Exceptionalism Acquisition Corp. A,NYSE,stock,3180
NVRI,Enviri Corporation,NYSE,stock,3181
SPPP,Sprott Physical Platinum and Palladium Trust,NYSE Arca,etf,3182
VREOF,Vireo Growth Inc.,,stock,3183
UNTY,"Unity Bancorp, Inc.",NASDAQ,stock,3184
CIVB,"Civista Bancshares, Inc.",NASDAQ,stock,3185
FBRT,"Franklin BSP Realty Trust, Inc.",NYSE,stock,3186
ENRD,Einride AB,,stock,3187
ETJ,Eaton Vance Risk-Managed Diversified Equity Income Fund,NYSE,stock,3188
DCTH,"Delcath Systems, Inc.",NASDAQ,stock,3189
RYAM,Rayonier Advanced Materials Inc.,NYSE,stock,3190
MSIF,"MSC Income Fund, Inc.",NYSE,stock,3191
NRDS,"NerdWallet, Inc.",NASDAQ,stock,3192
ITIC,Investors Title Company,NASDAQ,stock,3193
CBIO,"Crescent Biopharma, Inc.",NASDAQ,stock,3194
BWAY,Brainsway Ltd.,,stock,3195
NRIM,Northrim BanCorp Inc,NASDAQ,stock,3196
GHXI,"Gores Holdings XI, Inc.",NASDAQ,stock,3197
NOAH,Noah Holdings Ltd,,stock,3198
CMDB,Costamare Bulkers Holdings Limited,NYSE,stock,3199
MNPR,Monopar Therapeutics Inc.,NASDAQ,stock,3200
METC,"Ramaco Resources, Inc.",NASDAQ,stock,3201
FAX,"abrdn Asia-Pacific Income Fund, Inc.",NYSE American,stock,3202
BMM,Blue Moon Metals Inc.,NASDAQ,stock,3203
ITRG,Integra Resources Corp.,NYSE American,stock,3204
GMRS,GMR Solutions Inc.,NYSE,stock,3205
ETD,Ethan Allen Interiors Inc.,NYSE,stock,3206
SENS,"Senseonics Holdings, Inc.",NASDAQ,stock,3207
EOLS,"Evolus, Inc.",NASDAQ,stock,3208
UHT,Universal Health Realty Income Trust,NYSE,stock,3209
NVEC,NVE Corporation,NASDAQ,stock,3210
YDES,YD Bio Limited,NASDAQ,stock,3211
ROMA,Roma Green Finance Limited,NASDAQ,stock,3212
HUYA,HUYA Inc.,,stock,3213
BSVN,Bank7 Corp.,NASDAQ,stock,3214
HKD,AMTD Digital Inc.,,stock,3215
REEMF,Rare Element Resources Ltd,,stock,3216
PANL,Pangaea Logistics Solutions Ltd.,NASDAQ,stock,3217
GUT,Gabelli Utility Trust (The),NYSE,stock,3218
WTI,"W&T Offshore, Inc.",NYSE,stock,3219
THW,abrdn World Healthcare Fund Shares of Beneficial Interest,NYSE,stock,3220
HBCP,"Home Bancorp, Inc.",NASDAQ,stock,3221
FVR,"FrontView REIT, Inc.",NYSE,stock,3222
AUXX,Gold X2 Mining Inc.,NYSE American,stock,3223
AGMB,AgomAb Therapeutics NV - ADRs representing one,NASDAQ,stock,3224
SLDP,"Solid Power, Inc.",NASDAQ,stock,3225
IMSR,Terrestrial Energy Inc.,NASDAQ,stock,3226
BWFG,"Bankwell Financial Group, Inc.",NASDAQ,stock,3227
SGHT,"Sight Sciences, Inc.",NASDAQ,stock,3228
HBB,Hamilton Beach Brands Holding Company,NYSE,stock,3229
LAES,SEALSQ Corp,NASDAQ,stock,3230
MEI,"Methode Electronics, Inc.",NYSE,stock,3231
XRN,Chiron Real Estate Inc.,NYSE,stock,3232
WNC,Wabash National Corporation,NYSE,stock,3233
NDMO,Nuveen Dynamic Municipal Opportunities Fund,NYSE,stock,3234
GAU,Galiano Gold Inc.,NYSE American,stock,3235
OPFI,OppFi Inc.,NYSE,stock,3236
JKS,"JinkoSolar Holding Co., Ltd.",,stock,3237
BGY,Blackrock Enhanced International Dividend Trust,NYSE,stock,3238
NPB,"Northpointe Bancshares, Inc.",NYSE,stock,3239
MTC,"MMTec, Inc.",NASDAQ,stock,3240
GCGR,General Catalyst Global Resilience Merger Corp.,NASDAQ,stock,3241
FWRD,Forward Air Corporation,NASDAQ,stock,3242
OCS,Oculis Holding AG,NASDAQ,stock,3243
MTLS,Materialise Nv,,stock,3244
NB,NioCorp Developments Ltd.,NASDAQ,stock,3245
BSRR,Sierra Bancorp,NASDAQ,stock,3246
DNUT,"Krispy Kreme, Inc.",NASDAQ,stock,3247
TCMD,"Tactile Systems Technology, Inc.",NASDAQ,stock,3248
PBYI,Puma Biotechnology Inc,NASDAQ,stock,3249
ORBS,Eightco Holdings Inc.,NASDAQ,stock,3250
BRSP,"BrightSpire Capital, Inc.",NYSE,stock,3251
MCTA,Charming Medical Limited,NASDAQ,stock,3252
ONT,"Onterris, Inc.",NYSE,stock,3253
CAPR,"Capricor Therapeutics, Inc.",NASDAQ,stock,3254
SBC,SBC Medical Group Holdings Incorporated,NASDAQ,stock,3255
ZNOG,Zion Oil & Gas Inc,,stock,3256
NEXN,Nexxen International Ltd.,NASDAQ,stock,3257
NWAX,New America Acquisition I Corp.,NYSE,stock,3258
OBT,"Orange County Bancorp, Inc.",NASDAQ,stock,3259
WRN,Western Copper and Gold Corporation,NYSE American,stock,3260
KMDA,Kamada Ltd.,NASDAQ,stock,3261
NMCO,Nuveen Municipal Credit Opportunities Fund,NYSE,stock,3262
YORW,The York Water Company,NASDAQ,stock,3263
AAC,Ares Acquisition Corporation III,NYSE,stock,3264
MEVO,M Evo Global Acquisition Corp II,NASDAQ,stock,3265
MAX,"MediaAlpha, Inc.",NYSE,stock,3266
RGNX,REGENXBIO Inc.,NASDAQ,stock,3267
SD,"SandRidge Energy, Inc.",NYSE,stock,3268
ETO,Eaton Vance Tax-Advantage Global Dividend Opp,NYSE,stock,3269
DRUG,Bright Minds Biosciences Inc.,NASDAQ,stock,3270
CERS,Cerus Corporation,NASDAQ,stock,3271
ESEA,Euroseas Ltd.,NASDAQ,stock,3272
CSV,"Carriage Services, Inc.",NYSE,stock,3273
SWRD,Stewards Inc,NASDAQ,stock,3274
KRSP,Rice Acquisition Corporation 3,NYSE,stock,3275
COFS,"ChoiceOne Financial Services, Inc.",NASDAQ,stock,3276
AUTL,Autolus Therapeutics plc,,stock,3277
IGD,Voya Global Equity Dividend and Premium Opportunity Fund,NYSE,stock,3278
CTNM,"Contineum Therapeutics, Inc.",NASDAQ,stock,3279
PBAM,"Private Bancorp of America, Inc.",NASDAQ,stock,3280
TKNO,"Alpha Teknova, Inc.",NASDAQ,stock,3281
WTBA,West Bancorporation,NASDAQ,stock,3282
BDN,Brandywine Realty Trust,NYSE,stock,3283
AII,"American Integrity Insurance Group, Inc.",NYSE,stock,3284
FPI,Farmland Partners Inc.,NYSE,stock,3285
MCFT,"MasterCraft Boat Holdings, Inc.",NASDAQ,stock,3286
TRTX,"TPG RE Finance Trust, Inc.",NYSE,stock,3287
IIM,Invesco Value Municipal Income Trust,NYSE,stock,3288
OVID,Ovid Therapeutics Inc.,NASDAQ,stock,3289
OWLS,OBOOK Holdings Inc.,NASDAQ,stock,3290
MASS,908 Devices Inc.,NASDAQ,stock,3291
RWT,"Redwood Trust, Inc.",NYSE,stock,3292
BBCP,"Concrete Pumping Holdings, Inc.",NASDAQ,stock,3293
OLP,"One Liberty Properties, Inc.",NYSE,stock,3294
IIIV,"i3 Verticals, Inc.",NASDAQ,stock,3295
PDLB,"Ponce Financial Group, Inc.",NASDAQ,stock,3296
OIS,"Oil States International, Inc.",NYSE,stock,3297
ILPT,Industrial Logistics Properties Trust,NASDAQ,stock,3298
KRUS,"Kura Sushi USA, Inc.",NASDAQ,stock,3299
GLRE,"Greenlight Reinsurance, Ltd.",NASDAQ,stock,3300
GIW,GigCapital8 Corp.,NASDAQ,stock,3301
PWRL,Powerlaw Corp.,NASDAQ,stock,3302
ARVN,"Arvinas, Inc.",NASDAQ,stock,3303
BRTM,B&R Technology Merger Corp.,NASDAQ,stock,3304
FMAO,"Farmers & Merchants Bancorp, Inc.",NASDAQ,stock,3305
NPCE,"Neuropace, Inc.",NASDAQ,stock,3306
AMCX,AMC Global Media Inc.,NASDAQ,stock,3307
ASMB,"Assembly Biosciences, Inc.",NASDAQ,stock,3308
MMU,"Western Asset Managed Municipals Fund, Inc.",NYSE,stock,3309
CIX,CompX International Inc.,NYSE American,stock,3310
NMAI,Nuveen Multi-Asset Income Fund,NYSE,stock,3311
DDL,Dingdong (Cayman) Ltd,,stock,3312
CRAN,Crane Harbor Acquisition Corp. II,NASDAQ,stock,3313
FTHY,First Trust High Yield Opportunities 2027 Term Fund,NYSE,stock,3314
QUAD,"Quad Graphics, Inc",NYSE,stock,3315
MFI,mF International Limited,NASDAQ,stock,3316
GTEN,"Gores Holdings X, Inc.",NASDAQ,stock,3317
ALTI,"AlTi Global, Inc.",NASDAQ,stock,3318
ECC,Eagle Point Credit Company,NYSE,stock,3319
GRVY,"GRAVITY Co., Ltd.",,stock,3320
CMCO,Columbus McKinnon Corporation,NASDAQ,stock,3321
DPG,Duff & Phelps Utility and Infrastructure Fund Inc.,NYSE,stock,3322
TATT,TAT Technologies Ltd.,NASDAQ,stock,3323
LXFR,Luxfer Holdings PLC,NYSE,stock,3324
APXT,Apex Treasury Corporation,NASDAQ,stock,3325
GTN,"Gray Media, Inc.",NYSE,stock,3326
ENTX,Entera Bio Ltd.,NASDAQ,stock,3327
ARKO,ARKO Corp.,NASDAQ,stock,3328
VRRM,Verra Mobility Corporation,NASDAQ,stock,3329
JOUT,Johnson Outdoors Inc.,NASDAQ,stock,3330
ULH,"Universal Logistics Holdings, Inc.",NASDAQ,stock,3331
SPCE,"Virgin Galactic Holdings, Inc.",NYSE,stock,3332
WEYS,"Weyco Group, Inc.",NASDAQ,stock,3333
IFN,"Aberdeen India Fund, Inc.",NYSE,stock,3334
NIMU,Non Invasive Monitoring Systems Inc /Fl/,,stock,3335
VGM,Invesco Trust for Investment Grade Municipals,NYSE,stock,3336
MBUU,"Malibu Boats, Inc.",NASDAQ,stock,3337
NRC,NRC Health,NASDAQ,stock,3338
MRAM,"Everspin Technologies, Inc.",NASDAQ,stock,3339
GUG,Guggenheim Active Allocation Fund,NYSE,stock,3340
CMCL,Caledonia Mining Corporation Plc,NYSE American,stock,3341
CZNC,Citizens & Northern Corp,NASDAQ,stock,3342
AGEN,Agenus Inc.,NASDAQ,stock,3343
SRTA,"Strata Critical Medical, Inc.",NASDAQ,stock,3344
IDR,"Idaho Strategic Resources, Inc.",NYSE American,stock,3345
BLW,Blackrock Limited Duration Income Trust,NYSE,stock,3346
CLB,Core Laboratories Inc.,NYSE,stock,3347
TECX,"Tectonic Therapeutic, Inc.",NASDAQ,stock,3348
ETB,Eaton Vance Tax-Managed Buy-Write Income Fund Eaton Vance Tax-Managed Buy-Write Income Fund,NYSE,stock,3349
EIM,Eaton Vance Municipal Bond Fund,NYSE American,stock,3350
PRTA,Prothena Corporation plc,NASDAQ,stock,3351
TWI,"Titan International, Inc. (DE)",NYSE,stock,3352
WCT,Wellchange Holdings Company Limited,NASDAQ,stock,3353
DMAC,DiaMedica Therapeutics Inc.,NASDAQ,stock,3354
URG,Ur Energy Inc,NYSE American,stock,3355
CWCO,Consolidated Water Co. Ltd.,NASDAQ,stock,3356
GHY,"PGIM Global High Yield Fund, Inc.",NYSE,stock,3357
CDRO,"Codere Online Luxembourg, S.A.",NASDAQ,stock,3358
SLI,Standard Lithium Ltd.,NYSE American,stock,3359
IEAG,Infinite Eagle Acquisition Corp.,NASDAQ,stock,3360
FFA,First Trust Enhanced Equity Income Fund,NYSE,stock,3361
KBON,Karbon Capital Partners Corp.,NASDAQ,stock,3362
VHI,"Valhi, Inc.",NYSE,stock,3363
SPNV,Spinnova Plc,,stock,3364
LOCO,"El Pollo Loco Holdings, Inc.",NASDAQ,stock,3365
SCGX,Saxon Capital Group Inc,,stock,3366
VRNO,Verano Holdings Corp.,,stock,3367
BMRC,Bank of Marin Bancorp,NASDAQ,stock,3368
TRC,Tejon Ranch Co,NYSE,stock,3369
MBVI,M3-Brigade Acquisition VI Corp.,NASDAQ,stock,3370
VVR,Invesco Senior Income Trust,NYSE,stock,3371
AMSF,"AMERISAFE, Inc.",NASDAQ,stock,3372
RBB,RBB Bancorp,NASDAQ,stock,3373
SCTX,Scribe Therapeutics Inc.,NASDAQ,stock,3374
VCV,Invesco California Value Municipal Income Trust,NYSE,stock,3375
ASTL,Algoma Steel Group Inc.,NASDAQ,stock,3376
SPIR,"Spire Global, Inc.",NYSE,stock,3377
GLAD,Gladstone Capital Corporation - Closed End Fund,NASDAQ,stock,3378
SPRY,"ARS Pharmaceuticals, Inc.",NASDAQ,stock,3379
IACO,Idea Acquisition Corp.,NASDAQ,stock,3380
IPI,"Intrepid Potash, Inc",NYSE,stock,3381
ACIC,American Coastal Insurance Corporation,NASDAQ,stock,3382
MESH,Meshflow Acquisition Corp.,NASDAQ,stock,3383
MNRO,"Monro, Inc.",NASDAQ,stock,3384
DGXX,Digi Power X Inc. - Common Subordinate Voting Shares,NASDAQ,stock,3385
HKHC,Horizon Kinetics Holding Corp,,stock,3386
ZKH,ZKH Group Ltd,,stock,3387
TLNC,Talon Capital Corp.,NASDAQ,stock,3388
BGR,BlackRock Energy and Resources Trust,NYSE,stock,3389
KRAQ,KRAKacquisition Corp,NASDAQ,stock,3390
GORO,Goldgroup Mining Inc.,NYSE American,stock,3391
CBK,"Commercial Bancgroup, Inc.",NASDAQ,stock,3392
EIKN,"Eikon Therapeutics, Inc.",NASDAQ,stock,3393
PBFS,"Pioneer Bancorp, Inc.",NASDAQ,stock,3394
ATNI,"ATN International, Inc.",NASDAQ,stock,3395
NIKA,"Nika Pharmaceuticals, Inc",,stock,3396
HVT,"Haverty Furniture Companies, Inc.",NYSE,stock,3397
ASIX,AdvanSix Inc.,NYSE,stock,3398
ASPN,"Aspen Aerogels, Inc.",NYSE,stock,3399
ADUR,Aduro Clean Technologies Inc.,NASDAQ,stock,3400
CAL,"Caleres, Inc.",NYSE,stock,3401
CBAN,"Colony Bankcorp, Inc.",NYSE,stock,3402
FGOVF,Freegold Ventures Ltd,,stock,3403
PLBC,Plumas Bancorp,NASDAQ,stock,3404
ABXXF,Abaxx Technologies Inc.,,stock,3405
GNE,Genie Energy Ltd.,NYSE,stock,3406
KYTX,"Kyverna Therapeutics, Inc.",NASDAQ,stock,3407
ECX,ECARX Holdings Inc.,NASDAQ,stock,3408
KDK,"Kodiak AI, Inc.",NASDAQ,stock,3409
XIII,Churchill Capital Corp XIII,NASDAQ,stock,3410
EVGO,EVgo Inc.,NASDAQ,stock,3411
CTRN,"Citi Trends, Inc.",NASDAQ,stock,3412
PTOR,Praetorian Acquisition Corp.,NASDAQ,stock,3413
ACTG,Acacia Research Corporation,NASDAQ,stock,3414
KIO,KKR Income Opportunities Fund,NYSE,stock,3415
MEC,"Mayville Engineering Company, Inc.",NYSE,stock,3416
ARQQ,Arqit Quantum Inc.,NASDAQ,stock,3417
CLFD,"Clearfield, Inc.",NASDAQ,stock,3418
KFII,K&F Growth Acquisition Corp. II,NASDAQ,stock,3419
SGU,Star Group L.P.,NYSE,stock,3420
CGC,Canopy Growth Corporation,NASDAQ,stock,3421
MAGN,Magnera Corporation,NYSE,stock,3422
BTQ,BTQ Technologies Corp.,NASDAQ,stock,3423
ALLT,Allot Ltd.,NASDAQ,stock,3424
NATH,"Nathan's Famous, Inc.",NASDAQ,stock,3425
AVIR,"Atea Pharmaceuticals, Inc.",NASDAQ,stock,3426
MNTK,"Montauk Renewables, Inc.",NASDAQ,stock,3427
NPFD,Nuveen Variable Rate Preferred & Income Fund,,stock,3428
SMC,Summit Midstream Corporation,NYSE,stock,3429
XRPN,Armada Acquisition Corp. II,NASDAQ,stock,3430
CHCT,Community Healthcare Trust Incorporated,NYSE,stock,3431
MYGN,"Myriad Genetics, Inc.",NASDAQ,stock,3432
LAND,Gladstone Land Corporation,NASDAQ,stock,3433
ASPI,ASP Isotopes Inc.,NASDAQ,stock,3434
XRX,Xerox Holdings Corporation,NASDAQ,stock,3435
BCCQ,Bleichroeder Acquisition Corp. III,NASDAQ,stock,3436
CYH,"Community Health Systems, Inc.",NYSE,stock,3437
TTRX,Turn Therapeutics Inc.,NASDAQ,stock,3438
RLGT,"Radiant Logistics, Inc.",NYSE American,stock,3439
USCB,"USCB Financial Holdings, Inc.",NASDAQ,stock,3440
GLOO,"Gloo Holdings, Inc.",NASDAQ,stock,3441
NGS,"Natural Gas Services Group, Inc.",NYSE,stock,3442
CLBR,Colombier Acquisition Corp. III,NYSE,stock,3443
FBYD,"Falcon's Beyond Global, Inc.",NASDAQ,stock,3444
CRAQ,Cal Redwood Acquisition Corp.,NASDAQ,stock,3445
IRD,"Opus Genetics, Inc.",NASDAQ,stock,3446
TRX,TRX Gold Corporation,NYSE American,stock,3447
NPAC,New Providence Acquisition Corp. III,NASDAQ,stock,3448
FRPH,"FRP Holdings, Inc.",NASDAQ,stock,3449
OSPR,Osprey Acquisition Corp. III,NASDAQ,stock,3450
RLMD,"Relmada Therapeutics, Inc.",NASDAQ,stock,3451
PHOE,Phoenix Asia Holdings Limited,NASDAQ,stock,3452
AVBC,"Avidia Bancorp, Inc.",NYSE,stock,3453
GALT,Galectin Therapeutics Inc.,NASDAQ,stock,3454
SERV,Serve Robotics Inc.,NASDAQ,stock,3455
EDIT,"Editas Medicine, Inc.",NASDAQ,stock,3456
RTAC,Renatus Tactical Acquisition Corp I,NASDAQ,stock,3457
ISTR,Investar Holding Corporation,NASDAQ,stock,3458
RZLT,"Rezolute, Inc.",NASDAQ,stock,3459
NXG,NXG NextGen Infrastructure Income Fund,NYSE,stock,3460
FINS,Angel Oak Financial Strategies Income Term Trust,NYSE,stock,3461
SOHU,Sohu.com Ltd,,stock,3462
BOC,Boston Omaha Corporation,NYSE,stock,3463
EVH,"Evolent Health, Inc",NYSE,stock,3464
BNED,"Barnes & Noble Education, Inc",NYSE,stock,3465
PCAP,ProCap Acquisition Corp,NASDAQ,stock,3466
CCCC,"C4 Therapeutics, Inc.",NASDAQ,stock,3467
PCB,PCB Bancorp,NASDAQ,stock,3468
BMBL,Bumble Inc.,NASDAQ,stock,3469
FSTR,L.B. Foster Company,NASDAQ,stock,3470
TACO,Berto Acquisition Corp.,NASDAQ,stock,3471
ZKP,Lafayette Digital Acquisition Corp. I,NASDAQ,stock,3472
SAAQ,Space Asset Acquisition Corp.,NASDAQ,stock,3473
KPLT,"Katapult Holdings, Inc.",NASDAQ,stock,3474
RDAG,Republic Digital Acquisition Company,NASDAQ,stock,3475
GUAC,Berto Acquisition Corp. II,NASDAQ,stock,3476
ACCO,Acco Brands Corporation,NYSE,stock,3477
FCBM,"First Carolina Financial Services, Inc.",NYSE,stock,3478
WENN,Wen Acquisition Corp,NASDAQ,stock,3479
PKBK,"Parke Bancorp, Inc.",NASDAQ,stock,3480
TRVG,trivago N.V.,,stock,3481
MTAL,Metals Acquisition Corp. II,NYSE,stock,3482
ISD,"PGIM High Yield Bond Fund, Inc.",NYSE,stock,3483
CHMG,Chemung Financial Corp,NASDAQ,stock,3484
OFIX,Orthofix Medical Inc.,NASDAQ,stock,3485
AEF,"abrdn Emerging Markets ex-China Fund, Inc.",NYSE American,stock,3486
ARCT,Arcturus Therapeutics Holdings Inc.,NASDAQ,stock,3487
VITL,"Vital Farms, Inc.",NASDAQ,stock,3488
SI,"Shoulder Innovations, Inc.",NYSE,stock,3489
JRI,Nuveen Real Asset Income and Growth Fund,NYSE,stock,3490
OPTU,"Optimum Communications, Inc.",NYSE,stock,3491
RMNI,"Rimini Street, Inc.",NASDAQ,stock,3492
PRE,Prenetics Global Limited,NASDAQ,stock,3493
NMG,Nouveau Monde Graphite Inc.,NYSE,stock,3494
DFP,Flaherty & Crumrine Dynamic Preferred & Income Fund Inc,,stock,3495
CARL,"Carlsmed, Inc.",NASDAQ,stock,3496
MVBF,MVB Financial Corp.,NASDAQ,stock,3497
ZURA,Zura Bio Limited,NASDAQ,stock,3498
CCCT,Columbus Circle Capital Corp III,NASDAQ,stock,3499
GRRR,Gorilla Technology Group Inc.,NASDAQ,stock,3500
TWIN,"Twin Disc, Incorporated",NASDAQ,stock,3501
TCI,"Transcontinental Realty Investors, Inc.",NYSE,stock,3502
CZFS,"Citizens Financial Services, Inc.",NASDAQ,stock,3503
HPS,John Hancock Preferred Income Fund Iii,,stock,3504
FNLC,"First Bancorp, Inc (ME)",NASDAQ,stock,3505
FRST,Primis Financial Corp.,NASDAQ,stock,3506
YICC,Yorkville International Capital Corp.,NASDAQ,stock,3507
KEYY,Keystone Acquisition Corp.,NASDAQ,stock,3508
STRZ,Starz Entertainment Corp.,NASDAQ,stock,3509
CINT,CI&T Inc,NYSE,stock,3510
VFF,"Village Farms International, Inc.",NASDAQ,stock,3511
INDP,"Indaptus Therapeutics, Inc.",NASDAQ,stock,3512
OPRT,Oportun Financial Corporation,NASDAQ,stock,3513
CCOI,"Cogent Communications Holdings, Inc.",NASDAQ,stock,3514
FENC,Fennec Pharmaceuticals Inc.,NASDAQ,stock,3515
ADV,Advantage Solutions Inc.,NASDAQ,stock,3516
QNC,Quantum eMotion Corp.,NYSE American,stock,3517
SDHY,PGIM Short Duration High Yield Opportunities Fund,NYSE,stock,3518
PACK,Ranpak Holdings Corp,NYSE,stock,3519
HACQ,HCM IV Acquisition Corp.,NASDAQ,stock,3520
MZYX,MOZAYYX Acquisition Corp.,NYSE,stock,3521
ALOV,"Aldabra 4 Liquidity Opportunity Vehicle, Inc.",NASDAQ,stock,3522
SRZN,"Surrozen, Inc.",NASDAQ,stock,3523
HTT,High Templar Tech Ltd,,stock,3524
SLP,"Simulations Plus, Inc.",NASDAQ,stock,3525
GCO,Genesco Inc.,NYSE,stock,3526
AUNA,Auna SA,NYSE,stock,3527
CPS,Cooper-Standard Holdings Inc.,NYSE,stock,3528
HFRO,Highland Opportunities and Income Fund,NYSE,stock,3529
MOVE,"Corvex, Inc.",NASDAQ,stock,3530
EVN,Eaton Vance Municipal Income Trust,NYSE,stock,3531
OXM,"Oxford Industries, Inc.",NYSE,stock,3532
ENTA,"Enanta Pharmaceuticals, Inc.",NASDAQ,stock,3533
CLPT,ClearPoint Neuro Inc.,NASDAQ,stock,3534
FVAV,Fortress Value Acquisition Corp. V,NASDAQ,stock,3535
RCEL,"Avita Medical, Inc.",NASDAQ,stock,3536
BKKT,"Bakkt, Inc.",NYSE,stock,3537
FDMM,Freedom Metals Acquisition Corp.,NASDAQ,stock,3538
OCGN,"Ocugen, Inc.",NASDAQ,stock,3539
SUJA,"Suja Life, Inc.",NASDAQ,stock,3540
FCRS,FutureCrest Acquisition Corp.,NYSE,stock,3541
SDHI,Siddhi Acquisition Corp,NASDAQ,stock,3542
GSRV,GSR V Acquisition Corp.,NASDAQ,stock,3543
CTEV,Claritev Corporation,NYSE,stock,3544
NKLR,Terra Innovatum Global N.V.,NASDAQ,stock,3545
OIM,OneIM Acquisition Corp.,NASDAQ,stock,3546
WDH,Waterdrop Inc.,,stock,3547
NREF,"NexPoint Real Estate Finance, Inc.",NYSE,stock,3548
MCI,Barings Corporate Investors,NYSE,stock,3549
KREF,KKR Real Estate Finance Trust Inc.,NYSE,stock,3550
FOSL,"Fossil Group, Inc.",NASDAQ,stock,3551
GIX,GigCapital9 Corp.,NASDAQ,stock,3552
VALU,"Value Line, Inc.",NASDAQ,stock,3553
AIOT,"PowerFleet, Inc.",NASDAQ,stock,3554
SICOF,Silverco Mining Ltd.,,stock,3555
ALUB,Alussa Energy Acquisition Corp. II,NYSE,stock,3556
NECB,"NorthEast Community Bancorp, Inc.",NASDAQ,stock,3557
TACH,Titan Acquisition Corp.,NASDAQ,stock,3558
NWFL,Norwood Financial Corp.,NASDAQ,stock,3559
OTGA,OTG Acquisition Corp. I,NASDAQ,stock,3560
KNOP,KNOT Offshore Partners LP,,stock,3561
JILL,"J. Jill, Inc.",NYSE,stock,3562
OTLY,Oatly Group AB,,stock,3563
OBIO,"Orchestra BioMed Holdings, Inc.",NASDAQ,stock,3564
CV,"CapsoVision, Inc.",NASDAQ,stock,3565
KCHV,Kochav Defense Acquisition Corp.,NASDAQ,stock,3566
CCII,Cohen Circle Acquisition Corp. II,NASDAQ,stock,3567
REAX,Real REMAX Group Inc.,NASDAQ,stock,3568
WSBF,"Waterstone Financial, Inc.",NASDAQ,stock,3569
SHIP,Seanergy Maritime Holdings Corp.,NASDAQ,stock,3570
ACAA,Averin Capital Acquisition Corp.,NASDAQ,stock,3571
SHOE,"Shoe Station Group, Inc.",NASDAQ,stock,3572
FLXS,"Flexsteel Industries, Inc.",NASDAQ,stock,3573
PAII,Pyrophyte Acquisition Corp. II,NYSE,stock,3574
LSAK,"Lesaka Technologies, Inc.",NASDAQ,stock,3575
ARCI,Archimedes Tech SPAC Partners III Co.,NASDAQ,stock,3576
SOUL,Soulpower Acquisition Corporation,NYSE,stock,3577
EBS,Emergent BioSolutions Inc.,NYSE,stock,3578
AMAC,AMR Resources Acquisition Corp,NASDAQ,stock,3579
CURR,Currenc Group Inc.,NASDAQ,stock,3580
PERI,Perion Network Ltd,NASDAQ,stock,3581
RR,Richtech Robotics Inc.,NASDAQ,stock,3582
HCIC,Hennessy Capital Investment Corp. VIII,NASDAQ,stock,3583
EAD,Allspring Income Opportunities Fund,NYSE American,stock,3584
FCCN,SPECTRAL CAPITAL Corp,,stock,3585
GBLI,"Global Indemnity Group, LLC",NASDAQ,stock,3586
DIN,"Dine Brands Global, Inc.",NYSE,stock,3587
BDCI,BTC Development Corp.,NASDAQ,stock,3588
OYSE,Oyster Enterprises II Acquisition Corp,NASDAQ,stock,3589
OPI,Office Properties Income Trust,NASDAQ,stock,3590
BLZR,Trailblazer Acquisition Corp.,NASDAQ,stock,3591
RNGR,"Ranger Energy Services, Inc.",NYSE,stock,3592
API,"Agora, Inc. - ADS",NASDAQ,stock,3593
AXIN,Axiom Intelligence Acquisition Corp 1,NASDAQ,stock,3594
SBXE,SilverBox Corp V,NYSE,stock,3595
VOXR,Vox Royalty Corp.,NASDAQ,stock,3596
CYPH,Cypherpunk Technologies Inc.,NASDAQ,stock,3597
CION,CION Investment Corporation,NYSE,stock,3598
CLNE,Clean Energy Fuels Corp.,NASDAQ,stock,3599
CCAP,"Crescent Capital BDC, Inc.",NASDAQ,stock,3600
GMTL,Guardian Metal Resources PLC ADS,NYSE American,stock,3601
USDE,StablecoinX Inc.,NASDAQ,stock,3602
VELO,"Velo3D, Inc.",NASDAQ,stock,3603
IMXI,"International Money Express, Inc.",NASDAQ,stock,3604
TSBK,"Timberland Bancorp, Inc.",NASDAQ,stock,3605
VMD,"Viemed Healthcare, Inc.",NASDAQ,stock,3606
SORN,Soren Acquisition Corp.,NASDAQ,stock,3607
JONE,Jones Ventures INTL Acquisition1 Corp,NASDAQ,stock,3608
HCMA,HCM III Acquisition Corp.,NASDAQ,stock,3609
INRE,"Inland Real Estate Income Trust, Inc.",,stock,3610
FSBW,"FS Bancorp, Inc.",NASDAQ,stock,3611
DSX,Diana Shipping inc.,NYSE,stock,3612
DSAC,Daedalus Special Acquisition Corp.,NASDAQ,stock,3613
ERII,"Energy Recovery, Inc.",NASDAQ,stock,3614
CRNC,Cerence Inc.,NASDAQ,stock,3615
ARTV,"Artiva Biotherapeutics, Inc.",NASDAQ,stock,3616
ATAC,Albatross Acquisition Corp,,stock,3617
BNTC,Benitec Biopharma Inc.,NASDAQ,stock,3618
SVIA,"Silvia, Inc.",NASDAQ,stock,3619
LZM,Lifezone Metals Limited,NYSE,stock,3620
AVBH,"Avidbank Holdings, Inc.",NASDAQ,stock,3621
GBAB,Guggenheim Taxable Municipal Bond & Investment Grade Debt Trust,NYSE,stock,3622
FOF,"Cohen & Steers Closed-End Opportunity Fund, Inc.",NYSE,stock,3623
PFL,PIMCO Income Strategy Fund Shares of Beneficial Interest,NYSE,stock,3624
BRBS,"Blue Ridge Bankshares, Inc.",NYSE American,stock,3625
AACI,Armada Acquisition Corp. III,NASDAQ,stock,3626
GTE,Gran Tierra Energy Inc.,NYSE American,stock,3627
ARTNA,Artesian Resources Corporation - Class A Non-Voting,NASDAQ,stock,3628
TCPC,BlackRock TCP Capital Corp. - Closed End Fund,NASDAQ,stock,3629
VOGX,Vogenx Inc,NASDAQ,stock,3630
TREE,"LendingTree, Inc.",NASDAQ,stock,3631
LVWR,"LiveWire Group, Inc.",NYSE,stock,3632
SFIX,"Stitch Fix, Inc.",NASDAQ,stock,3633
CABA,"Cabaletta Bio, Inc.",NASDAQ,stock,3634
CGCF,Cartesian Growth Corporation IV,NASDAQ,stock,3635
CAII,Collective Acquisition Corp. II,NASDAQ,stock,3636
LTRX,"Lantronix, Inc.",NASDAQ,stock,3637
IPFX,Inflection Point Acquisition Corp. VI,NASDAQ,stock,3638
LEO,"BNY Mellon Strategic Municipals, Inc.",NYSE,stock,3639
ORN,"Orion Group Holdings, Inc. Common",NYSE,stock,3640
RCKY,"Rocky Brands, Inc.",NASDAQ,stock,3641
SCD,LMP Capital and Income Fund Inc.,NYSE,stock,3642
CDPMF,Cerro de Pasco Resources Inc.,,stock,3643
IA,"Innovative Solutions and Support, Inc.",NASDAQ,stock,3644
REI,"Ring Energy, Inc.",NYSE American,stock,3645
SNDL,SNDL Inc.,NASDAQ,stock,3646
BCML,BayCom Corp,NASDAQ,stock,3647
SCTH,"Securetech Innovations, Inc.",,stock,3648
BEAG,Bold Eagle Acquisition Corp.,NASDAQ,stock,3649
BLUW,Blue Water Acquisition Corp. III,NASDAQ,stock,3650
GASS,"StealthGas, Inc.",NASDAQ,stock,3651
CVEO,Civeo Corporation (Canada),NYSE,stock,3652
ALIT,"Alight, Inc.",NYSE,stock,3653
NNDM,Nano Dimension Ltd.,,stock,3654
EH,EHang Holdings Limited - ADS,NASDAQ,stock,3655
MYN,"Blackrock MuniYield New York Quality Fund, Inc.Common Stock",NYSE,stock,3656
EMF,Templeton Emerging Markets Fund,NYSE,stock,3657
FIP,FTAI Infrastructure Inc.,NASDAQ,stock,3658
RREV,RRE Ventures Acquisition Corp.,NASDAQ,stock,3659
PINE,"Alpine Income Property Trust, Inc.",NYSE,stock,3660
IHRT,"iHeartMedia, Inc.",NASDAQ,stock,3661
CEPV,"Cantor Equity Partners V, Inc.",NASDAQ,stock,3662
BIOA,"BioAge Labs, Inc.",NASDAQ,stock,3663
FERA,Fifth Era Acquisition Corp I,NASDAQ,stock,3664
SPXX,Nuveen S&P 500 Dynamic Overwrite Fund,NYSE,stock,3665
GEVO,"Gevo, Inc.",NASDAQ,stock,3666
MPTI,"M-tron Industries, Inc.",NYSE American,stock,3667
DRDB,Roman DBDR Acquisition Corp. II,NASDAQ,stock,3668
SZZL,Sizzle Acquisition Corp. II,NASDAQ,stock,3669
CWH,"Camping World Holdings, Inc.",NYSE,stock,3670
PACH,Pioneer Acquisition I Corp,NASDAQ,stock,3671
OEC,Orion S.A.,NYSE,stock,3672
OBA,Oxley Bridge Acquisition Limited,NASDAQ,stock,3673
MIY,"Blackrock MuniYield Michigan Quality Fund, Inc.",NYSE,stock,3674
RPAY,Repay Holdings Corporation,NASDAQ,stock,3675
PESI,"Perma-Fix Environmental Services, Inc.",NASDAQ,stock,3676
LRMR,"Larimar Therapeutics, Inc.",NASDAQ,stock,3677
VKI,Invesco Advantage Municipal Income Trust II,NYSE American,stock,3678
CCFN,MUNCY COLUMBIA FINANCIAL Corp,,stock,3679
AWP,abrdn Global Premier Properties Fund,NYSE,stock,3680
EVOX,Evolution Global Acquisition Corp,NASDAQ,stock,3681
KOYN,CSLM Digital Asset Acquisition Corp III,NASDAQ,stock,3682
ALDF,Aldel Financial II Inc.,NASDAQ,stock,3683
JMSB,"John Marshall Bancorp, Inc.",NASDAQ,stock,3684
NOA,North American Construction Group Ltd.,NYSE,stock,3685
AGCC,Agencia Comercial Spirits Ltd,NASDAQ,stock,3686
SMTI,Sanara MedTech Inc.,NASDAQ,stock,3687
NEWT,"NewtekOne, Inc.",NASDAQ,stock,3688
PMTR,Perimeter Acquisition Corp. I,NASDAQ,stock,3689
EMBC,Embecta Corp.,NASDAQ,stock,3690
ASG,"Liberty All-Star Growth Fund, Inc.",NYSE,stock,3691
IACQ,Irenic Acquisition Corp.,NASDAQ,stock,3692
FTW,Presidio Production Company,NYSE,stock,3693
NAN,Nuveen New York Quality Municipal Income Fund,NYSE,stock,3694
AIV,Apartment Investment and Management Company,NYSE,stock,3695
LWAY,"Lifeway Foods, Inc.",NASDAQ,stock,3696
ELA,Envela Corporation,NYSE American,stock,3697
JGH,Nuveen Global High Income Fund,NYSE,stock,3698
MLP,"Maui Land & Pineapple Company, Inc.",NYSE,stock,3699
EGHT,8x8 Inc,NASDAQ,stock,3700
JACS,Jackson Acquisition Company II,NYSE,stock,3701
CAES,"Cantor Equity Partners VII, Inc.",NASDAQ,stock,3702
NNBR,"NN, Inc.",NASDAQ,stock,3703
CLCHF,Clinch Resources Ltd.,,stock,3704
PNRG,PrimeEnergy Resources Corporation,NASDAQ,stock,3705
RNGT,Range Capital Acquisition Corp II,NASDAQ,stock,3706
FDBC,"Fidelity D & D Bancorp, Inc.",NASDAQ,stock,3707
DBI,Designer Brands Inc.,NYSE,stock,3708
HIX,Western Asset High Income Fund II Inc.,NYSE,stock,3709
BBOT,"BridgeBio Oncology Therapeutics, Inc.",NASDAQ,stock,3710
TVA,Texas Ventures Acquisition III Corp,NASDAQ,stock,3711
CFFI,C&F Financial Corporation,NASDAQ,stock,3712
ELVA,Electrovaya Inc.,NASDAQ,stock,3713
RBBN,Ribbon Communications Inc.,NASDAQ,stock,3714
SAC,Safeguard Acquisition Corp.,NYSE,stock,3715
NLCP,"NewLake Capital Partners, Inc.",,stock,3716
ATII,Archimedes Tech SPAC Partners II Co.,NASDAQ,stock,3717
BON,Bon Natural Life Limited,NASDAQ,stock,3718
AEAQ,Activate Energy Acquisition Corp.,NASDAQ,stock,3719
IPXG,Inection Point Acquisition Corp. VII,NASDAQ,stock,3720
FVCB,"FVCBankcorp, Inc.",NASDAQ,stock,3721
BBW,"Build-A-Bear Workshop, Inc.",NYSE,stock,3722
PPHC,"Public Policy Holding Company, Inc.",NASDAQ,stock,3723
BGT,BlackRock Floating Rate Income Trust,NYSE,stock,3724
HYAC,Haymaker Acquisition Corp V,,stock,3725
AACO,Abony Acquisition Corp. I,NASDAQ,stock,3726
RMR,The RMR Group Inc.,NASDAQ,stock,3727
COSO,"CoastalSouth Bancshares, Inc.",NYSE,stock,3728
LEGO,Legato Merger Corp. IV,NYSE American,stock,3729
ILLU,Illumination Acquisition Corp I,NASDAQ,stock,3730
LWAC,LightWave Acquisition Corp.,NASDAQ,stock,3731
KTF,DWS Municipal Income Trust,NYSE,stock,3732
CLW,Clearwater Paper Corporation,NYSE,stock,3733
CAQ,Cambridge Acquisition Corp.,NASDAQ,stock,3734
LPBB,Launch Two Acquisition Corp.,NASDAQ,stock,3735
PRLD,Prelude Therapeutics Incorporated,NASDAQ,stock,3736
RAC,Rithm Acquisition Corp.,NYSE,stock,3737
ABAT,American Battery Technology Company,NASDAQ,stock,3738
HRZN,Horizon Technology Finance Corporation,NASDAQ,stock,3739
FISN,"Deep Fission, Inc.",NASDAQ,stock,3740
CBNA,"Chain Bridge Bancorp, Inc.",NYSE,stock,3741
SVIV,Spring Valley Acquisition Corp. IV,NASDAQ,stock,3742
BRW,Saba Capital Income & Opportunities Fund SBI,NYSE,stock,3743
GTERA,Globa Terra Acquisition Corporation,NASDAQ,stock,3744
BKT,BlackRock Income Trust Inc. (The),NYSE,stock,3745
VHCP,Vine Hill Capital Investment Corp. II,NASDAQ,stock,3746
ITHA,ITHAX Acquisition Corp III,NASDAQ,stock,3747
BDSX,"Biodesix, Inc.",NASDAQ,stock,3748
XNET,Xunlei Ltd,,stock,3749
TWFG,"TWFG, Inc.",NASDAQ,stock,3750
TMTS,Spartacus Acquisition Corp. II,NASDAQ,stock,3751
CDZI,"Cadiz, Inc.",NASDAQ,stock,3752
BIXI,Bitcoin Infrastructure Acquisition Corp Ltd.,NASDAQ,stock,3753
PSBD,Palmer Square Capital BDC Inc.,NYSE,stock,3754
NODK,"NI Holdings, Inc.",NASDAQ,stock,3755
FVRR,Fiverr International Ltd.,NYSE,stock,3756
PSFE,Paysafe Limited,NYSE,stock,3757
EVMN,"Evommune, Inc.",NYSE,stock,3758
OPAL,OPAL Fuels Inc.,NASDAQ,stock,3759
VNDA,Vanda Pharmaceuticals Inc.,NASDAQ,stock,3760
EFR,Eaton Vance Senior Floating-Rate Fund,NYSE,stock,3761
FCCO,First Community Corporation,NASDAQ,stock,3762
WHGOF,White Gold Corp.,,stock,3763
ZH,Zhihu Inc.,,stock,3764
GOGO,Gogo Inc.,NASDAQ,stock,3765
LE,"Lands' End, Inc.",NASDAQ,stock,3766
MOBI,"Mobia Medical, Inc.",NASDAQ,stock,3767
EFTY,"Etoiles Capital Group Co., Ltd.",NASDAQ,stock,3768
ELLO,Ellomay Capital Ltd,NYSE American,stock,3769
HVMC,Highview Merger Corp.,NASDAQ,stock,3770
SILC,Silicom Ltd,NASDAQ,stock,3771
QLEP,Quantum Leap Acquisition Corp,NYSE,stock,3772
JENA,Jena Acquisition Corporation II,NYSE,stock,3773
SHMD,SCHMID Group N.V.,NASDAQ,stock,3774
GSRF,GSR IV Acquisition Corp.,NASDAQ,stock,3775
TLS,Telos Corporation,NASDAQ,stock,3776
HLLY,Holley Inc.,NYSE,stock,3777
SUPX,SuperX AI Technology Limited,NASDAQ,stock,3778
FNKO,"Funko, Inc.",NASDAQ,stock,3779
IPSC,"Century Therapeutics, Inc.",NASDAQ,stock,3780
ZTR,Virtus Total Return Fund Inc.,NYSE,stock,3781
SEG,Seaport Entertainment Group Inc.,NYSE,stock,3782
TMCI,"Treace Medical Concepts, Inc.",NASDAQ,stock,3783
PHOS,First Phosphate Corp.,,stock,3784
AFRI,Forafric Global PLC,NASDAQ,stock,3785
SVAQ,Silicon Valley Acquisition Corp.,NASDAQ,stock,3786
GPAC,General Purpose Acquisition Corp.,NASDAQ,stock,3787
HCAC,Hall Chadwick Acquisition Corp.,NASDAQ,stock,3788
MXF,"Mexico Fund, Inc. (The)",NYSE,stock,3789
ANVI,"Anvi Global Holdings, Inc.",,stock,3790
ABEO,Abeona Therapeutics Inc.,NASDAQ,stock,3791
MYFW,"First Western Financial, Inc.",NASDAQ,stock,3792
IRHO,Iron Horse Acquisitions II Corp.,NASDAQ,stock,3793
SABS,"SAB Biotherapeutics, Inc.",NASDAQ,stock,3794
AACP,Apogee Acquisition Corp,NASDAQ,stock,3795
BRBI,BRBI BR Partners S.A. - ADSs,NASDAQ,stock,3796
BPRN,"Princeton Bancorp, Inc.",NASDAQ,stock,3797
BACC,Blue Acquisition Corp.,NASDAQ,stock,3798
MTNE,CH4 Natural Solutions Corporation,NYSE,stock,3799
CATX,"Perspective Therapeutics, Inc.",NYSE American,stock,3800
ACGC,ACP Holdings Acquisition Corp.,NASDAQ,stock,3801
AIRJ,AirJoule Technologies Corporation,NASDAQ,stock,3802
XFLT,XAI Floating Rate & Alternative Income Trust,NYSE,stock,3803
XFOR,"X4 Pharmaceuticals, Inc.",NASDAQ,stock,3804
SVRSF,Silver Storm Mining Ltd.,,stock,3805
TJGC,TJGC Group Limited,NASDAQ,stock,3806
ADAC,American Drive Acquisition Company,NASDAQ,stock,3807
TDUP,ThredUp Inc.,NASDAQ,stock,3808
CUVL,Clinuvel Pharmaceuticals Ltd,,stock,3809
TEI,"Templeton Emerging Markets Income Fund, Inc.",NYSE,stock,3810
TAKOF,Volatus Aerospace Inc.,,stock,3811
CYDY,CytoDyn Inc.,,stock,3812
FGII,FG Imperii Acquisition Corp.,NASDAQ,stock,3813
SLNH,"Soluna Holdings, Inc.",NASDAQ,stock,3814
NXH,"Neighborhood Intelligence, Inc.",NASDAQ,stock,3815
LPCV,Launchpad Cadenza Acquisition Corp I,NASDAQ,stock,3816
RCMT,"RCM Technologies, Inc.",NASDAQ,stock,3817
KPET,KPET Ultra Paceline Corporation,NYSE,stock,3818
JWSMF,Jaws Mustang Acquisition Corp,,stock,3819
RFAI,RF Acquisition Corp II,NASDAQ,stock,3820
EYPT,"EyePoint, Inc.",NASDAQ,stock,3821
ASYS,"Amtech Systems, Inc.",NASDAQ,stock,3822
ISBA,Isabella Bank Corporation,NASDAQ,stock,3823
ALCO,"Alico, Inc.",NASDAQ,stock,3824
HPF,John Hancock Preferred Income Fund Ii,,stock,3825
JAKK,"JAKKS Pacific, Inc.",NASDAQ,stock,3826
UCFI,CN Healthy Food Tech Group Corp.,NASDAQ,stock,3827
FUND,"Sprott Focus Trust, Inc. - Closed End Fund",NASDAQ,stock,3828
RIV,"RiverNorth Opportunities Fund, Inc.",NYSE,stock,3829
QTTB,Q32 Bio Inc.,NASDAQ,stock,3830
SHOT,RMG ML Sports Holdings,NASDAQ,stock,3831
BRVMF,Bravo Mining Corp.,,stock,3832
OVLY,Oak Valley Bancorp (CA),NASDAQ,stock,3833
BFNH,"Bioforce Nanosciences Holdings, Inc.",,stock,3834
CUB,Lionheart Holdings,NASDAQ,stock,3835
DSC,DSC Holdings Ltd.,,stock,3836
UPB,"Upstream Bio, Inc.",NASDAQ,stock,3837
PMTS,CPI Card Group Inc.,NASDAQ,stock,3838
QNBC,QNB Corp.,NASDAQ,stock,3839
RCKT,"Rocket Pharmaceuticals, Inc.",NASDAQ,stock,3840
DUOT,"Duos Technologies Group, Inc.",NASDAQ,stock,3841
IKT,"Inhibikase Therapeutics, Inc.",NASDAQ,stock,3842
MGPI,"MGP Ingredients, Inc.",NASDAQ,stock,3843
HLXC,Helix Acquisition Corp. III,NASDAQ,stock,3844
ATLQ,JAB Acquisition Corp I,NASDAQ,stock,3845
FNRN,First Northern Community Bancorp,NASDAQ,stock,3846
FULC,"Fulcrum Therapeutics, Inc.",NASDAQ,stock,3847
TVAI,Thayer Ventures Acquisition Corporation II,NASDAQ,stock,3848
SAMO,Samos Energy Acquisition Corporation,NYSE,stock,3849
WLCO,Wilco 63 Corporation,NASDAQ,stock,3850
GONYF,GO Residential Real Estate Investment Trust,,stock,3851
RWAY,Runway Growth Finance Corp.,NASDAQ,stock,3852
XCBE,X3 Acquisition Corp. Ltd.,NASDAQ,stock,3853
SVCO,"Silvaco Group, Inc.",NASDAQ,stock,3854
NC,"NACCO Industries, Inc.",NYSE,stock,3855
RFI,"Cohen & Steers Total Return Realty Fund, Inc.",NYSE,stock,3856
TBI,"TrueBlue, Inc.",NYSE,stock,3857
BKTI,BK Technologies Corporation,NYSE American,stock,3858
FRD,Friedman Industries Inc.,NASDAQ,stock,3859
LAB,Standard BioTools Inc.,NASDAQ,stock,3860
RM,Regional Management Corp.,NYSE,stock,3861
CRLBF,Cresco Labs Inc.,,stock,3862
ALTO,"Alto Ingredients, Inc.",NASDAQ,stock,3863
TSSI,"TSS, Inc.",NASDAQ,stock,3864
FUNC,First United Corporation,NASDAQ,stock,3865
NXDT,NexPoint Diversified Real Estate Trust,NYSE,stock,3866
HWBK,"Hawthorn Bancshares, Inc.",NASDAQ,stock,3867
FRAF,Franklin Financial Services Corporation,NASDAQ,stock,3868
ATLO,Ames National Corporation,NASDAQ,stock,3869
ISNR,Snow Rothschild Acquisition Corp.,NASDAQ,stock,3870
AMRN,Amarin Corp Plc\Uk,,stock,3871
FATE,"Fate Therapeutics, Inc.",NASDAQ,stock,3872
RFMZ,"RiverNorth Flexible Municipal Income Fund II, Inc.",NYSE,stock,3873
WNEB,"Western New England Bancorp, Inc.",NASDAQ,stock,3874
ZIP,"ZipRecruiter, Inc.",NYSE,stock,3875
OPTX,"Syntec Optics Holdings, Inc.",NASDAQ,stock,3876
IFRX,InflaRx N.V.,NASDAQ,stock,3877
REFI,"Chicago Atlantic Real Estate Finance, Inc.",NASDAQ,stock,3878
KF,"Korea Fund, Inc. (The)",NYSE,stock,3879
MTAK,Market Technology Acquisition Corp,NASDAQ,stock,3880
XSLL,Xsolla SPAC 1,NASDAQ,stock,3881
MFIN,Medallion Financial Corp.,NASDAQ,stock,3882
NHIV,NewHold Investment Corp IV,NASDAQ,stock,3883
FUBO,FuboTV Inc.,NYSE,stock,3884
GPRO,"GoPro, Inc.",NASDAQ,stock,3885
CEPO,"Cantor Equity Partners I, Inc.",NASDAQ,stock,3886
EOD,Allspring Global Dividend Opportunity Fund,NYSE,stock,3887
ARDC,"Ares Dynamic Credit Allocation Fund, Inc.",NYSE,stock,3888
SY,So-Young International Inc. - American Depository Shares,NASDAQ,stock,3889
MUZE,Muzero Acquisition Corp,NASDAQ,stock,3890
SAR,Saratoga Investment Corp,NYSE,stock,3891
NEGG,"Newegg Commerce, Inc.",NASDAQ,stock,3892
GBFH,GBank Financial Holdings Inc.,NASDAQ,stock,3893
UXIN,Uxin Ltd,,stock,3894
GLSI,"Greenwich LifeSciences, Inc.",NASDAQ,stock,3895
OIA,Invesco Municipal Income Opportunities Trust,NYSE,stock,3896
LDI,"loanDepot, Inc.",NYSE,stock,3897
TSI,"TCW Strategic Income Fund, Inc.",NYSE,stock,3898
DNMX,Dynamix Corporation III,NASDAQ,stock,3899
TTGT,"TechTarget, Inc.",NASDAQ,stock,3900
FXNC,First National Corporation,NASDAQ,stock,3901
NKSH,"National Bankshares, Inc.",NASDAQ,stock,3902
USNA,"USANA Health Sciences, Inc.",NYSE,stock,3903
STRO,"Sutro Biopharma, Inc.",NASDAQ,stock,3904
XPER,Xperi Inc.,NYSE,stock,3905
MTRX,Matrix Service Company,NASDAQ,stock,3906
CNCK,Coincheck Group N.V.,NASDAQ,stock,3907
HQI,"HireQuest, Inc.",NASDAQ,stock,3908
XTER,Karman Line Acquisition Corp.,NASDAQ,stock,3909
POWW,Outdoor Holding Company,NASDAQ,stock,3910
CAN,Canaan Inc.,,stock,3911
AIBZ,Bitzero Holdings Inc.,NASDAQ,stock,3912
VCRE,Vicore Pharma Holding AB,,stock,3913
ANIK,Anika Therapeutics Inc.,NASDAQ,stock,3914
KWY,Kingsway Corporation,NYSE,stock,3915
LCNB,LCNB Corporation,NASDAQ,stock,3916
LXEO,"Lexeo Therapeutics, Inc.",NASDAQ,stock,3917
NNNN,Anbio Biotechnology,NASDAQ,stock,3918
NCZ,Virtus Convertible & Income Fund II,NYSE,stock,3919
OACC,Oaktree Acquisition Corp. III Life Sciences,NASDAQ,stock,3920
IMRX,Immuneering Corporation,NASDAQ,stock,3921
OSUR,"OraSure Technologies, Inc.",NASDAQ,stock,3922
III,"Information Services Group, Inc.",NASDAQ,stock,3923
STRT,STRATTEC SECURITY CORPORATION,NASDAQ,stock,3924
CFSU,Complete Financial Solutions Inc.,,stock,3925
PCYO,Pure Cycle Corporation,NASDAQ,stock,3926
TMCR,The Metals Royalty Company Inc.,NASDAQ,stock,3927
BCBP,"BCB Bancorp, Inc. (NJ)",NASDAQ,stock,3928
DMAA,Drugs Made In America Acquisition Corp.,NASDAQ,stock,3929
NTPIF,Nam Tai Property Inc.,,stock,3930
ESCA,"Escalade, Incorporated",NASDAQ,stock,3931
NPCT,Nuveen Core Plus Impact Fund,NYSE,stock,3932
VABK,Virginia National Bankshares Corporation,NASDAQ,stock,3933
LAW,"CS Disco, Inc.",NYSE,stock,3934
NTWO,Newbury Street II Acquisition Corp,NASDAQ,stock,3935
TII,Titan Mining Corporation,NYSE American,stock,3936
FACT,FACT II Acquisition Corp.,NASDAQ,stock,3937
TLSI,"TriSalus Life Sciences, Inc.",NASDAQ,stock,3938
WLII,Willow Lane Acquisition Corp. II,NASDAQ,stock,3939
ACMIF,Allied Critical Metals Corp.,,stock,3940
SWMR,"Swarmer, Inc",NASDAQ,stock,3941
EVI,"EVI Industries, Inc.",NYSE American,stock,3942
FDCT,"Fdctech, Inc.",,stock,3943
TRGS,TRG Latin America Acquisitions Corp.,NASDAQ,stock,3944
JACK,Jack In The Box Inc.,NASDAQ,stock,3945
ONEN,ONE Nuclear Energy Inc.,NASDAQ,stock,3946
THEO,BOA Acquisition Corp. II,NASDAQ,stock,3947
SBMT,Silver Bow Mining Corp.,NYSE American,stock,3948
CMRC,"Commerce.com, Inc. - Series 1",NASDAQ,stock,3949
PTLO,Portillo's Inc.,NASDAQ,stock,3950
PPIH,"Perma-Pipe International Holdings, Inc.",NASDAQ,stock,3951
VNME,Vendome Acquisition Corporation I,NASDAQ,stock,3952
KINS,"Kingstone Companies, Inc",NASDAQ,stock,3953
ACIU,AC Immune SA,NASDAQ,stock,3954
BCYC,Bicycle Therapeutics Plc,,stock,3955
SRV,NXG Cushing Midstream Energy Fund,NYSE,stock,3956
INFU,"InfuSystems Holdings, Inc.",NYSE American,stock,3957
SMDRF,Sierra Madre Gold & Silver Ltd.,,stock,3958
RELL,"Richardson Electronics, Ltd.",NASDAQ,stock,3959
OFLX,"Omega Flex, Inc.",NASDAQ,stock,3960
ACB,Aurora Cannabis Inc.,NASDAQ,stock,3961
AUDC,AudioCodes Ltd.,NASDAQ,stock,3962
PDYN,Palladyne AI Corp.,NASDAQ,stock,3963
CHPT,"ChargePoint Holdings, Inc.",NYSE,stock,3964
NWBO,Northwest Biotherapeutics Inc,,stock,3965
SCII,SC II Acquisition Corp.,NASDAQ,stock,3966
BRT,BRT Apartments Corp. (MD),NYSE,stock,3967
IPVV,"InterPrivate Investment Partners V, Inc.",NASDAQ,stock,3968
ACV,Virtus Diversified Income & Convertible Fund,NYSE,stock,3969
ASLE,AerSale Corporation,NASDAQ,stock,3970
HITI,High Tide Inc.,NASDAQ,stock,3971
BUKS,Butler National Corp,,stock,3972
ELTP,Elite Pharmaceuticals Inc /Nv/,,stock,3973
FGPR,Ferrellgas Partners L P,,stock,3974
AVNW,"Aviat Networks, Inc.",NASDAQ,stock,3975
GENC,"Gencor Industries, Inc.",NYSE American,stock,3976
DSM,"BNY Mellon Strategic Municipal Bond Fund, Inc.",NYSE,stock,3977
MVST,"Microvast Holdings, Inc.",NASDAQ,stock,3978
OHAC,Oceanhawk Acquisition Corp.,NASDAQ,stock,3979
IONR,ioneer Ltd,,stock,3980
VLOS,Velos Acquisition I Corp.,NASDAQ,stock,3981
PALI,"Palisade Bio, Inc.",NASDAQ,stock,3982
QADR,QDRO Acquisition Corp.,NASDAQ,stock,3983
LFCR,"Lifecore Biomedical, Inc.",NASDAQ,stock,3984
MKLY,McKinley Acquisition Corporation,NASDAQ,stock,3985
PAMT,PAMT CORP,NASDAQ,stock,3986
SLE,"Super League Enterprise, Inc.",NASDAQ,stock,3987
AZ,A2Z Cust2Mate Solutions Corp.,NASDAQ,stock,3988
PNAQ,Pinnacle Acquisition Corporation,NYSE,stock,3989
BGIN,Bgin Blockchain Limited,NASDAQ,stock,3990
BGS,"B&G Foods, Inc.",NYSE,stock,3991
AKBA,"Akebia Therapeutics, Inc.",NASDAQ,stock,3992
IVVD,"Invivyd, Inc.",NASDAQ,stock,3993
TDRRF,Tudor Gold Corp.,,stock,3994
BLND,"Blend Labs, Inc.",NYSE,stock,3995
EFSI,Eagle Financial Services Inc,NASDAQ,stock,3996
ONIT,Onity Group Inc.,NYSE,stock,3997
CAMP,CAMP4 Therapeutics Corporation,NASDAQ,stock,3998
CNDT,Conduent Incorporated,NASDAQ,stock,3999
HCKT,"The Hackett Group, Inc.",NASDAQ,stock,4000
ZNTL,"Zentalis Pharmaceuticals, Inc.",NASDAQ,stock,4001
TRDA,"Entrada Therapeutics, Inc.",NASDAQ,stock,4002
CPZ,Calamos Long/Short Equity & Dynamic Income Trust - Closed End Fund,NASDAQ,stock,4003
SIGA,SIGA Technologies Inc.,NASDAQ,stock,4004
USAU,U.S. Gold Corp.,NASDAQ,stock,4005
MCGA,Yorkville Acquisition Corp.,NASDAQ,stock,4006
TG,Tredegar Corporation,NYSE,stock,4007
SSAC,SPACSphere Acquisition Corp.,NASDAQ,stock,4008
ALMU,"Aeluma, Inc.",NASDAQ,stock,4009
BNC,BNB Standard Corporation,NASDAQ,stock,4010
SOCA,Solarius Capital Acquisition Corp.,NASDAQ,stock,4011
MGNX,"MacroGenics, Inc.",NASDAQ,stock,4012
SSP,E.W. Scripps Company (The),NASDAQ,stock,4013
IGAC,Invest Green Acquisition Corporation,NASDAQ,stock,4014
ACU,Acme United Corporation.,NYSE American,stock,4015
RDNW,"RideNow Group, Inc.",NASDAQ,stock,4016
RMM,"RiverNorth Managed Duration Municipal Income Fund, Inc.",NYSE,stock,4017
PYXS,"Pyxis Oncology, Inc.",NASDAQ,stock,4018
TDF,"Templeton Dragon Fund, Inc.",NYSE,stock,4019
FXHO,UTime Limited,NASDAQ,stock,4020
FBLA,"FB Bancorp, Inc.",NASDAQ,stock,4021
DAAQ,Digital Asset Acquisition Corp.,NASDAQ,stock,4022
IMMR,Immersion Corporation,NASDAQ,stock,4023
DYNC,Dynamix Corporation,NASDAQ,stock,4024
RMBI,"Richmond Mutual Bancorporation, Inc.",NASDAQ,stock,4025
LCTX,"Lineage Cell Therapeutics, Inc.",NYSE American,stock,4026
MACI,Melar Acquisition Corp. I,NASDAQ,stock,4027
ERC,Allspring Multi-Sector Income Fund,NYSE American,stock,4028
AIAI,AIAI Holdings Corporation,NASDAQ,stock,4029
TDWD,Tailwind 2.0 Acquisition Corp.,NASDAQ,stock,4030
UTMD,"Utah Medical Products, Inc.",NASDAQ,stock,4031
HWKE,"Hawkeye Digital, Inc.",,stock,4032
MAGH,Magnitude International Ltd,NASDAQ,stock,4033
CAMVF,Cambria Gold Mines Inc.,,stock,4034
RCS,"PIMCO Strategic Income Fund, Inc.",NYSE,stock,4035
PMM,Franklin Managed Municipal Income Trust Shares of Beneficial Interest,NYSE,stock,4036
TWLV,Twelve Seas Investment Company III,NASDAQ,stock,4037
SLGL,Sol-Gel Technologies Ltd.,NASDAQ,stock,4038
CAF,Morgan Stanley China A Share Fund Inc.,NYSE,stock,4039
YSG,Yatsen Holding Ltd,,stock,4040
ANGI,Angi Inc.,NASDAQ,stock,4041
CURV,Torrid Holdings Inc.,NYSE,stock,4042
MMT,Aberdeen Multi-Market Income Fund,NYSE,stock,4043
NAGE,"Niagen Bioscience, Inc.",NASDAQ,stock,4044
LATA,Galata Acquisition Corp. II,NASDAQ,stock,4045
AENT,Alliance Entertainment Holding Corporation,NASDAQ,stock,4046
COPL,Copley Acquisition Corp,NYSE,stock,4047
LYEL,"Lyell Immunopharma, Inc.",NASDAQ,stock,4048
SUMA,SUMA Acquisition Corporation,NASDAQ,stock,4049
DYOR,Insight Digital Partners II,NASDAQ,stock,4050
BLRK,Bluerock Acquisition Corp.,NASDAQ,stock,4051
RLTY,Cohen & Steers Real Estate Opportunities and Income Fund,NYSE,stock,4052
CFNB,California First Leasing Corp,,stock,4053
PRQR,ProQR Therapeutics N.V.,NASDAQ,stock,4054
INR,"Infinity Natural Resources, Inc.",NYSE,stock,4055
IRAB,Iris Acquisition Corp II,NYSE,stock,4056
SVCC,Stellar V Capital Corp.,NASDAQ,stock,4057
KLC,"KinderCare Learning Companies, Inc.",NYSE,stock,4058
GARLF,Roxmore Resources Inc.,,stock,4059
BIII,Black Spade Acquisition III Co,NYSE,stock,4060
DPRO,Draganfly Inc.,NASDAQ,stock,4061
ELMD,"Electromed, Inc.",NYSE American,stock,4062
VUZI,Vuzix Corporation,NASDAQ,stock,4063
SION,"Sionna Therapeutics, Inc.",NASDAQ,stock,4064
CMTV,Community Bancorp.,NASDAQ,stock,4065
LTGR,Long Table Growth Corp.,NASDAQ,stock,4066
PEBK,"Peoples Bancorp of North Carolina, Inc.",NASDAQ,stock,4067
FFPP,Fast Finance Pay Corp.,,stock,4068
GWRS,"Global Water Resources, Inc.",NASDAQ,stock,4069
CRAC,Crown Reserve Acquisition Corp. I,NASDAQ,stock,4070
NUW,Nuveen AMT-Free Municipal Value Fund,NYSE,stock,4071
TSNDF,TerrAscend Corp.,,stock,4072
INBK,First Internet Bancorp,NASDAQ,stock,4073
TBCH,Turtle Beach Corporation,NASDAQ,stock,4074
GLTK,GlobalTech Corp,,stock,4075
PLAY,"Dave & Buster's Entertainment, Inc.",NASDAQ,stock,4076
FUFU,BitFuFu Inc.,NASDAQ,stock,4077
EU,enCore Energy Corp.,NASDAQ,stock,4078
FOA,Finance of America Companies Inc.,NYSE,stock,4079
PMMCF,Pampa Metals Corp,,stock,4080
IMPP,Imperial Petroleum Inc.,NASDAQ,stock,4081
NUS,"Nu Skin Enterprises, Inc.",NYSE,stock,4082
RAIL,"Freightcar America, Inc.",NASDAQ,stock,4083
HHLKF,Hot Chili Ltd,,stock,4084
SNFCA,Security National Financial Corporation,NASDAQ,stock,4085
SMHI,SEACOR Marine Holdings Inc.,NYSE,stock,4086
MRCO,Mercator Acquisition Corp.,NASDAQ,stock,4087
OPBK,OP Bancorp,NASDAQ,stock,4088
EAF,GrafTech International Ltd.,NYSE,stock,4089
SMRT,"SmartRent, Inc.",NYSE,stock,4090
ACRE,Ares Commercial Real Estate Corporation,NYSE,stock,4091
WRLGF,West Red Lake Gold Mines Ltd.,,stock,4092
RGCO,RGC Resources Inc.,NASDAQ,stock,4093
AMWL,American Well Corporation,NYSE,stock,4094
LOVE,The Lovesac Company,NASDAQ,stock,4095
PONO,"Pono Capital Four, Inc.",NASDAQ,stock,4096
MRBK,Meridian Corporation,NASDAQ,stock,4097
KROS,"Keros Therapeutics, Inc.",NASDAQ,stock,4098
ZSQR,Z Squared Inc.,NASDAQ,stock,4099
NATR,"Nature's Sunshine Products, Inc.",NASDAQ,stock,4100
PDEX,"Pro-Dex, Inc.",NASDAQ,stock,4101
KGEI,Kolibri Global Energy Inc.,NASDAQ,stock,4102
ONCH,1RT Acquisition Corp.,NASDAQ,stock,4103
FF,FutureFuel Corp.,NYSE,stock,4104
RNAC,"Cartesian Therapeutics, Inc.",NASDAQ,stock,4105
LTBR,Lightbridge Corporation,NASDAQ,stock,4106
BXSY,Bexil Investment Trust,,stock,4107
FOTB,"First Ottawa Bancshares, Inc.",,stock,4108
LMNR,Limoneira Co,NASDAQ,stock,4109
CFBK,CF Bankshares Inc.,NASDAQ,stock,4110
MBI,MBIA Inc.,NYSE,stock,4111
DGAC,Disciplined Growth Acquisition Corporation,NYSE,stock,4112
FORR,"Forrester Research, Inc.",NASDAQ,stock,4113
LIEN,"Chicago Atlantic BDC, Inc.",NASDAQ,stock,4114
LGI,Lazard Global Total Return and Income Fund,NYSE,stock,4115
CGEN,Compugen Ltd.,NASDAQ,stock,4116
PMA,PMA Graphene Technology Group Inc.,NASDAQ,stock,4117
ASUR,Asure Software Inc,NASDAQ,stock,4118
PLX,"Protalix BioTherapeutics, Inc. (DE)",NYSE American,stock,4119
AVXL,Anavex Life Sciences Corp.,NASDAQ,stock,4120
EIC,Eagle Point Income Company,NYSE,stock,4121
FOCL,Edap Tms Sa,,stock,4122
PTAC,Patriot Acquisition Corp.,NASDAQ,stock,4123
TONX,TON Strategy Company,NASDAQ,stock,4124
SPOK,"Spok Holdings, Inc.",NASDAQ,stock,4125
OSS,"One Stop Systems, Inc.",NASDAQ,stock,4126
PFSTY,Pfisterer Holdings SE/ADR,,stock,4127
PNNT,PennantPark Investment Corporation,NYSE,stock,4128
HDSN,"Hudson Technologies, Inc.",NASDAQ,stock,4129
SCM,Stellus Capital Investment Corporation,NYSE,stock,4130
KISB,Kish Bancorp Inc,,stock,4131
PSF,"Cohen & Steers Select Preferred & Income Fund, Inc.",,stock,4132
CSBB,"CSB Bancorp, Inc.",,stock,4133
GSHR,Gesher Acquisition Corp. II,NASDAQ,stock,4134
MAMK,MaxsMaking Inc.,NASDAQ,stock,4135
AIRO,"AIRO Group Holdings, Inc.",NASDAQ,stock,4136
DHX,"DHI Group, Inc.",NYSE,stock,4137
WEWA,"Wewards, Inc.",,stock,4138
HMH,HMH Holding Inc.,NASDAQ,stock,4139
SABA,Saba Capital Income & Opportunities Fund II Shares of Beneficial Interest,NYSE,stock,4140
EXOD,"Exodus Movement, Inc.",NYSE American,stock,4141
CCAQ,Collective Acquisition Corp.,NASDAQ,stock,4142
EGHA,EGH Acquisition Corp.,NASDAQ,stock,4143
NCMI,"National CineMedia, Inc.",NASDAQ,stock,4144
AOUT,"American Outdoor Brands, Inc.",NASDAQ,stock,4145
SND,"Smart Sand, Inc.",NASDAQ,stock,4146
AESP,Aeon Acquisition I Corp.,NASDAQ,stock,4147
XPOF,"Xponential Fitness, Inc.",NYSE,stock,4148
PROF,Profound Medical Corp.,NASDAQ,stock,4149
USBC,"USBC, Inc.",NYSE American,stock,4150
GSVRF,Guanajuato Silver Co Ltd,,stock,4151
ADAG,"Adagene Inc. - ADS, each representing 1.25",NASDAQ,stock,4152
IDAC,Iron Dome Acquisition I Corp.,NASDAQ,stock,4153
HAVA,Harvard Ave Acquisition Corporation,NASDAQ,stock,4154
ZUMZ,Zumiez Inc.,NASDAQ,stock,4155
QMLS,"QumulusAI, Inc.",NASDAQ,stock,4156
RICK,"RCI Hospitality Holdings, Inc.",NASDAQ,stock,4157
WHWK,"Whitehawk Therapeutics, Inc.",NASDAQ,stock,4158
CTAA,ClearThink 1 Acquisition Corp.,NASDAQ,stock,4159
FIRY,Firy Inc.,NYSE,stock,4160
CGNRF,Copper Giant Resources Corp.,,stock,4161
PALO,Paloma Acquisition Corp I,NASDAQ,stock,4162
QSI,Quantum-Si Incorporated,NASDAQ,stock,4163
OAKC,"Oakworth Capital, Inc.",,stock,4164
TDAC,Translational Development Acquisition Corp.,NASDAQ,stock,4165
PNPNF,Power Metallic Mines Inc.,,stock,4166
NVA,Nova Minerals Corp,NYSE American,stock,4167
GSIT,"GSI Technology, Inc.",NASDAQ,stock,4168
ALEC,"Alector, Inc.",NASDAQ,stock,4169
FHTX,Foghorn Therapeutics Inc.,NASDAQ,stock,4170
OVBC,Ohio Valley Banc Corp.,NASDAQ,stock,4171
CATL,Catalyst Acquisition Corp.,NASDAQ,stock,4172
QUIK,QuickLogic Corporation,NASDAQ,stock,4173
AERG,"Applied Energetics, Inc.",,stock,4174
RC,Ready Capital Corporation,NYSE,stock,4175
PTHRF,Pantheon Resources plc,,stock,4176
REA,"Rare Earths Americas, Inc.",NYSE American,stock,4177
TVIV,Texas Ventures Acquisition IV Corp,NASDAQ,stock,4178
YARW,"Yarrow Bioscience, Inc.",NASDAQ,stock,4179
ESOA,Energy Services of America Corporation,NASDAQ,stock,4180
NGEN,NervGen Pharma Corp.,NASDAQ,stock,4181
GLND,Greenland Energy Company,NASDAQ,stock,4182
BSAI,Blusky Ai Inc.,,stock,4183
TROO,"TROOPS, Inc.",NASDAQ,stock,4184
GLDG,GoldMining Inc.,NYSE American,stock,4185
TAYD,"Taylor Devices, Inc.",NASDAQ,stock,4186
ELDN,"Eledon Pharmaceuticals, Inc.",NASDAQ,stock,4187
RILY,"BRC Group Holdings, Inc.",NASDAQ,stock,4188
XGN,Exagen Inc.,NASDAQ,stock,4189
CRDL,Cardiol Therapeutics Inc.,NASDAQ,stock,4190
FCAP,"First Capital, Inc.",NASDAQ,stock,4191
CZWI,"Citizens Community Bancorp, Inc.",NASDAQ,stock,4192
IIF,"Morgan Stanley India Investment Fund, Inc.",NYSE,stock,4193
NSLR,Neostellar Capital Corp. - Closed End Fund,NASDAQ,stock,4194
CHCI,"Comstock Holding Companies, Inc.",NASDAQ,stock,4195
CMPX,"Compass Therapeutics, Inc.",NASDAQ,stock,4196
EXFY,"Expensify, Inc.",NASDAQ,stock,4197
KTWO,K2 Capital Acquisition Corporation,NASDAQ,stock,4198
CMT,Core Molding Technologies Inc,NYSE American,stock,4199
TPVG,TriplePoint Venture Growth BDC Corp.,NYSE,stock,4200
SGC,"Superior Group of Companies, Inc.",NASDAQ,stock,4201
BEBE,TGE Value Creative Solutions Corp,NYSE,stock,4202
MFM,Aberdeen Municipal Income Fund,NYSE,stock,4203
MPAA,"Motorcar Parts of America, Inc.",NASDAQ,stock,4204
FIGX,FIGX Capital Acquisition Corp.,NASDAQ,stock,4205
RBKB,"Rhinebeck Bancorp, Inc.",NASDAQ,stock,4206
ETSS,Energy Transition Special Opportunities,NYSE,stock,4207
APMC,AmperCap Acquisition Company,NASDAQ,stock,4208
BNR,Burning Rock Biotech Ltd,,stock,4209
AIIA,AI Infrastructure Acquisition Corp.,NYSE,stock,4210
LFAC,Leapfrog Acquisition Corporation,NASDAQ,stock,4211
GGT,"Gabelli Multi-Media Trust, Inc. (The)",NYSE,stock,4212
VLN,Valens Semiconductor Ltd.,NYSE,stock,4213
KLTR,"Kaltura, Inc.",NASDAQ,stock,4214
MIAC,Meridian3 Industrials Acquisition Corp,NASDAQ,stock,4215
LCUT,"Lifetime Brands, Inc.",NASDAQ,stock,4216
SES,SES AI Corporation,NYSE,stock,4217
GDEV,GDEV Inc.,NASDAQ,stock,4218
ENHA,Enhanced Group Inc.,NYSE,stock,4219
ORMP,Oramed Pharmaceuticals Inc.,NASDAQ,stock,4220
GCTS,"GCT Semiconductor Holding, Inc.",NYSE,stock,4221
RXST,"RxSight, Inc.",NASDAQ,stock,4222
TETOF,Tectonic Metals Inc.,,stock,4223
CPSS,"Consumer Portfolio Services, Inc.",NASDAQ,stock,4224
CXDO,"Crexendo, Inc.",NASDAQ,stock,4225
FJDI,ARC Group Securities Acquisition I,NASDAQ,stock,4226
BMBN,Benchmark Bankshares Inc,,stock,4227
PERF,Perfect Corp.,NYSE,stock,4228
ALTG,Alta Equipment Group Inc.,NYSE,stock,4229
AREC,American Resources Corporation,NASDAQ,stock,4230
BANX,ArrowMark Financial Corp. - Closed End Fund,NASDAQ,stock,4231
ICTSF,Icts International N V,,stock,4232
TARA,"Protara Therapeutics, Inc.",NASDAQ,stock,4233
BETR,Better Home & Finance Holding Company,NASDAQ,stock,4234
LARK,Landmark Bancorp Inc.,NASDAQ,stock,4235
SUGRF,Sucro Ltd,,stock,4236
XYF,X Financial,,stock,4237
CNTN,"Canton Strategic Holdings, Inc.",NASDAQ,stock,4238
ANTX,"AN2 Therapeutics, Inc.",NASDAQ,stock,4239
BID,Tribeca Strategic Acquisition Corp.,NASDAQ,stock,4240
TGMPF,Tantalus Systems Holding Inc.,,stock,4241
SRI,"Stoneridge, Inc.",NYSE,stock,4242
MITT,"TPG Mortgage Investment Trust, Inc.",NYSE,stock,4243
ACOG,Alpha Cognition Inc.,NASDAQ,stock,4244
ETX,Eaton Vance Municipal Income 2028 Term Trust,NYSE,stock,4245
NKTX,"Nkarta, Inc.",NASDAQ,stock,4246
SIDU,"Sidus Space, Inc.",NASDAQ,stock,4247
ESP,Espey Mfg. & Electronics Corp.,NYSE American,stock,4248
DEFT,"Defi Technologies, Inc.",NASDAQ,stock,4249
OMSE,OMS Energy Technologies Inc.,NASDAQ,stock,4250
TYFG,"Tri-County Financial Group, Inc.",,stock,4251
CBFV,"CB Financial Services, Inc.",NASDAQ,stock,4252
ALXO,ALX Oncology Holdings Inc.,NASDAQ,stock,4253
SGLA,Sino Green Land Corp.,,stock,4254
VACI,Viking Acquisition Corp. I,NYSE,stock,4255
MSLE,Satellos Bioscience Inc.,NASDAQ,stock,4256
AOMR,"Angel Oak Mortgage REIT, Inc.",NYSE,stock,4257
HLP,Hongli Group Inc.,NASDAQ,stock,4258
VRXA,Veraxa Biotech AG,NASDAQ,stock,4259
NAUT,"Nautilus Biotechnology, Inc.",NASDAQ,stock,4260
ECBK,"ECB Bancorp, Inc.",NASDAQ,stock,4261
PSRHF,Pulsar Helium Inc.,,stock,4262
RLEA,Rubber Leaf Inc,,stock,4263
NUCL,Eagle Nuclear Energy Corp.,NASDAQ,stock,4264
SBFG,"SB Financial Group, Inc.",NASDAQ,stock,4265
CRNT,Ceragon Networks Ltd.,NASDAQ,stock,4266
IDE,"Voya Infrastructure, Industrials and Materials Fund",NYSE,stock,4267
HWAIF,Healwell AI Inc.,,stock,4268
DERM,Journey Medical Corporation,NASDAQ,stock,4269
AP,Ampco-Pittsburgh Corporation,NYSE,stock,4270
IPHA,Innate Pharma SA,,stock,4271
CIA,"Citizens, Inc.",NYSE,stock,4272
CMTG,"Claros Mortgage Trust, Inc.",NYSE,stock,4273
BAFN,BayFirst Financial Corp.,NASDAQ,stock,4274
FNWD,Finward Bancorp,NASDAQ,stock,4275
CPKF,Chesapeake Financial Shares Inc,,stock,4276
STIM,"Neuronetics, Inc.",NASDAQ,stock,4277
WHG,Westwood Holdings Group Inc,NYSE,stock,4278
OSG,"Octave Specialty Group, Inc.",NYSE,stock,4279
TORO,Toro Corp.,NASDAQ,stock,4280
UTGN,Utg Inc,,stock,4281
DFDV,DeFi Development Corp.,NASDAQ,stock,4282
CHRS,"Coherus Oncology, Inc.",NASDAQ,stock,4283
TOYO,"TOYO Co., Ltd",NASDAQ,stock,4284
GAMG,"Global Asset Management Group, Inc.",,stock,4285
AGXPF,Silver X Mining Corp.,,stock,4286
MINE,Mayfair Gold Corp.,NYSE American,stock,4287
RVLGF,Revival Gold Inc.,,stock,4288
HNVR,"Hanover Bancorp, Inc.",NASDAQ,stock,4289
ARCL,ARC Group Acquisition I Corp,NASDAQ,stock,4290
BZUN,Baozun Inc.,,stock,4291
MDWD,MediWound Ltd.,NASDAQ,stock,4292
BVFL,"BV Financial, Inc.",NASDAQ,stock,4293
CUE,"Cue Biopharma, Inc.",NASDAQ,stock,4294
PAAC,Proem Acquisition Corp I,NASDAQ,stock,4295
AMBR,Amber International Holding Ltd,,stock,4296
NPV,Nuveen Virginia Quality Municipal Income Fund,NYSE,stock,4297
GPAT,GP-Act III Acquisition Corp.,NASDAQ,stock,4298
CHEC,Chenghe Acquisition III Co.,NASDAQ,stock,4299
MRLN,"Merlin, Inc.",NASDAQ,stock,4300
BWIV,Blue Water Acquisition Corp. IV,NYSE,stock,4301
WIA,Western Asset Inflation-Linked Income Fund,NYSE,stock,4302
ORGO,Organogenesis Holdings Inc.  - Class A,NASDAQ,stock,4303
MNSB,"MainStreet Bancshares, Inc.",NASDAQ,stock,4304
RVII,Robinhood Ventures Fund II,NYSE,stock,4305
MRT,"Marti Technologies, Inc.",NYSE American,stock,4306
MSC,STUDIO CITY INTERNATIONAL HOLDINGS Ltd,,stock,4307
HSDT,Solana Company,NASDAQ,stock,4308
FTHA,Forefront Tech Holdings Acquisition Corp,NASDAQ,stock,4309
UTKN,Universal Token,,stock,4310
NAKA,Nakamoto Inc.,NASDAQ,stock,4311
LODE,Comstock Inc.,NYSE American,stock,4312
AXREF,Amarc Resources Ltd,,stock,4313
EPSN,Epsilon Energy Ltd.,NASDAQ,stock,4314
NXPGY,Mobico Group PLC/ADR,,stock,4315
NEN,New England Realty Associates Limited Partnership,,stock,4316
CURI,CuriosityStream Inc.,NASDAQ,stock,4317
AMPY,Amplify Energy Corp.,NYSE,stock,4318
OPP,"RiverNorth/DoubleLine Strategic Opportunity Fund, Inc.",NYSE,stock,4319
DMB,"BNY Mellon Municipal Bond Infrastructure Fund, Inc.",NYSE,stock,4320
ABOS,"Acumen Pharmaceuticals, Inc.",NASDAQ,stock,4321
GF,"New Germany Fund, Inc. (The)",NYSE,stock,4322
JELD,"JELD-WEN Holding, Inc.",NYSE,stock,4323
SPMC,"Sound Point Meridian Capital, Inc.",NYSE,stock,4324
LAWR,"Robot Consulting Co., Ltd. - ADS",NASDAQ,stock,4325
SDEV,Stablecoin Development Corporation,NYSE American,stock,4326
TAVI,Tavia Acquisition Corp.,NASDAQ,stock,4327
AMFN,"American Fusion, Inc.",,stock,4328
QTRX,Quanterix Corporation,NASDAQ,stock,4329
DTIL,"Precision BioSciences, Inc.",NASDAQ,stock,4330
PED,Pedevco Corp.,NYSE American,stock,4331
RDCM,Radcom Ltd.,NASDAQ,stock,4332
MRUWY,"Maruwa Co., Ltd./ADR",,stock,4333
OZ,"Belpointe PREP, LLC",,stock,4334
TBXXF,King Copper Discovery Corp.,,stock,4335
HTLM,HomesToLife Ltd,NASDAQ,stock,4336
VLTLF,Volt Lithium Corp.,,stock,4337
EBMT,"Eagle Bancorp Montana, Inc.",NASDAQ,stock,4338
FLWS,"1-800-FLOWERS.COM, Inc.",NASDAQ,stock,4339
PEPG,PepGen Inc.,NASDAQ,stock,4340
TSKFF,Talisker Resources Ltd.,,stock,4341
SNNGF,PPX Mining Corp.,,stock,4342
MPV,Barings Participation Investors,NYSE,stock,4343
GCUMF,Gunnison Copper Corp.,,stock,4344
EDRY,EuroDry Ltd.,NASDAQ,stock,4345
WW,"WW International, Inc.",NASDAQ,stock,4346
NMP,NMP Acquisition Corp.,NASDAQ,stock,4347
TNXP,Tonix Pharmaceuticals Holding Corp.,NASDAQ,stock,4348
UIS,Unisys Corporation,NYSE,stock,4349
VNJA,Vanjia Corp,,stock,4350
NRO,Neuberger Real Estate Securities Income Fund Inc.,NYSE American,stock,4351
SANG,Sangoma Technologies Corporation,NASDAQ,stock,4352
AGMRF,"Silver Mountain Resources, Inc.",,stock,4353
STLRF,STLLR Gold Inc.,,stock,4354
ONEW,OneWater Marine Inc.,NASDAQ,stock,4355
PLG,Platinum Group Metals Ltd.,NYSE American,stock,4356
ATOM,Atomera Incorporated,NASDAQ,stock,4357
EHI,Western Asset Global High Income Fund Inc,NYSE,stock,4358
SITC,SITE Centers Corp.,NYSE,stock,4359
EMYB,"Embassy Bancorp, Inc.",,stock,4360
FLC,Flaherty & Crumrine Total Return Fund Inc,NYSE,stock,4361
SEVN,Seven Hills Realty Trust,NASDAQ,stock,4362
VBF,Invesco Bond Fund,NYSE,stock,4363
DHF,BNY Mellon High Yield Strategies Fund,NYSE,stock,4364
VYGR,"Voyager Therapeutics, Inc.",NASDAQ,stock,4365
EMIS,Emmis Acquisition Corp.,NASDAQ,stock,4366
SAGU,Shreya Acquisition Group,NYSE,stock,4367
ENBP,ENB Financial Corp,,stock,4368
ECF,Ellsworth Growth and Income Fund Ltd.,NYSE American,stock,4369
EDF,Virtus Stone Harbor Emerging Markets Income Fund,NYSE,stock,4370
QRED,QuasarEdge Acquisition Corporation,NYSE,stock,4371
EARN,Ellington Credit Company,NYSE,stock,4372
WRIV,White River Bancshares Co,,stock,4373
LKSP,Lake Superior Acquisition Corp.,NASDAQ,stock,4374
AIIO,Robo.ai Inc.,NASDAQ,stock,4375
WENC,West Enclave Merger Corp.,NYSE,stock,4376
LAFA,LaFayette Acquisition Corp.,NASDAQ,stock,4377
SLBK,"Skyline Bankshares, Inc.",,stock,4378
GLED,GalaxyEdge Acquisition Corporation,NYSE,stock,4379
BRCB,"Black Rock Coffee Bar, Inc.",NASDAQ,stock,4380
NERV,"Minerva Neurosciences, Inc",NASDAQ,stock,4381
SPEG,Silver Pegasus Acquisition Corp,NASDAQ,stock,4382
STLE,Steele Bancorp Inc,,stock,4383
ACR,ACRES Commercial Realty Corp.,NYSE,stock,4384
FMAC,Future Money Acquisition Corporation,NASDAQ,stock,4385
FREVS,"First Real Estate Investment Trust Of New Jersey, Inc.",,stock,4386
NBP,NovaBridge Biosciences,,stock,4387
ADCT,ADC Therapeutics SA,NYSE,stock,4388
WPAC,White Pearl Acquisition Corp.,NYSE,stock,4389
JRVR,"James River Group Holdings, Inc.",NASDAQ,stock,4390
OPRX,OptimizeRx Corporation,NASDAQ,stock,4391
HUCK,"Huckleberry.ai, Inc.",NASDAQ,stock,4392
OCAC,Ocean Capital Acquisition Corporation,NYSE,stock,4393
PHCI,Panamera Holdings Corp,,stock,4394
FINW,FinWise Bancorp,NASDAQ,stock,4395
LUCD,Lucid Diagnostics Inc.,NASDAQ,stock,4396
HGLB,Highland Global Allocation Fund,NYSE,stock,4397
BSET,"Bassett Furniture Industries, Incorporated",NASDAQ,stock,4398
TONT,Graf Global Corp.,NYSE American,stock,4399
SCTSF,Scottie Resources Corp.,,stock,4400
OWLT,"Owlet, Inc.",NYSE,stock,4401
OTLK,"Outlook Therapeutics, Inc.",NASDAQ,stock,4402
SKYX,SKYX Platforms Corp.,NASDAQ,stock,4403
MRDN,Meridian Holdings Inc.,NASDAQ,stock,4404
TCGX,TCGX Acquisition Corp.,NASDAQ,stock,4405
INAC,Indigo Acquisition Corp.,NASDAQ,stock,4406
ELME,Elme Communities,NYSE,stock,4407
OGI,Organigram Global Inc.,NASDAQ,stock,4408
KTGDF,K2 Gold Corp,,stock,4409
MENS,Jyong Biotech Ltd.,NASDAQ,stock,4410
STEX,Streamex Corp.,NASDAQ,stock,4411
LEE,"Lee Enterprises, Incorporated",NASDAQ,stock,4412
ROSS,BPGC Acquisition Corp.,,stock,4413
CEPL,"Capstone Energy Plus, Inc.",NASDAQ,stock,4414
SSVFF,Southern Silver Exploration Corp,,stock,4415
WHF,"WhiteHorse Finance, Inc. - Closed End Fund",NASDAQ,stock,4416
YCY,AA Mission Acquisition Corp. II,NYSE,stock,4417
DLTH,Duluth Holdings Inc.,NASDAQ,stock,4418
NEOV,NeoVolta Inc.,NASDAQ,stock,4419
ZPTA,"Zapata Quantum, Inc.",,stock,4420
CDXS,"Codexis, Inc.",NASDAQ,stock,4421
HUMA,"Humacyte, Inc.",NASDAQ,stock,4422
CEPS,"Cantor Equity Partners VI, Inc.",NASDAQ,stock,4423
AURFF,Tincorp Metals Inc.,,stock,4424
NIU,Niu Technologies,,stock,4425
MOLN,Molecular Partners Ag,,stock,4426
BDCO,Blue Dolphin Energy Co,,stock,4427
NLOP,Net Lease Office Properties,NYSE,stock,4428
APUR,Aperture AC,NASDAQ,stock,4429
POLE,Andretti Acquisition Corp. II,NASDAQ,stock,4430
ALPX,Alpex Acquisition Corporation,NASDAQ,stock,4431
TRAD,APEX Tech Acquisition Inc.,NYSE,stock,4432
LANV,Lanvin Group Holdings Limited,NYSE,stock,4433
EGAN,eGain Corporation,NASDAQ,stock,4434
CLLS,Cellectis S.A.,,stock,4435
RRGB,"Red Robin Gourmet Burgers, Inc.",NASDAQ,stock,4436
DVLT,Datavault AI Inc.,NASDAQ,stock,4437
AGPU,Axe Compute Inc.,NASDAQ,stock,4438
TRAK,"ReposiTrak, Inc.",NYSE,stock,4439
NCO,Southern Cross Acquisition I Corp.,NASDAQ,stock,4440
MYX,Maywood Acquisition Corp. 2,NASDAQ,stock,4441
SSTK,"Shutterstock, Inc.",NYSE,stock,4442
PNI,Pimco New York Municipal Income Fund II,NYSE,stock,4443
SAFX,"XCF Global, Inc.",NASDAQ,stock,4444
INTT,inTest Corporation,NYSE American,stock,4445
NYXH,Nyxoah SA,NASDAQ,stock,4446
OCLT,OceanLight Acquisition Corporation,NASDAQ,stock,4447
PIM,Franklin Master Intermediate Income Trust Shares of Beneficial Interest,NYSE,stock,4448
CAAS,"China Automotive Systems, Inc.",NASDAQ,stock,4449
GNT,"GAMCO Natural Resources, Gold & Income Trust",NYSE,stock,4450
XFLH,XFLH Capital Corporation,NYSE,stock,4451
RNA,"Atrium Therapeutics, Inc.",NASDAQ,stock,4452
ZJYL,JIN MEDICAL INTERNATIONAL LTD.,NASDAQ,stock,4453
FMBM,F&M Bank Corp,,stock,4454
BYND,"Beyond Meat, Inc.",NASDAQ,stock,4455
KRRO,"Korro Bio, Inc.",NASDAQ,stock,4456
TLYS,"Tilly's, Inc.",NYSE,stock,4457
LSBK,"Lake Shore Bancorp, Inc.",NASDAQ,stock,4458
EML,Eastern Company (The),NASDAQ,stock,4459
NSAI,NorthStrive Acquisition Corp I.,NASDAQ,stock,4460
HURC,"Hurco Companies, Inc.",NASDAQ,stock,4461
ONL,Orion Properties Inc.,NYSE,stock,4462
TLAC,Three Lions Acquisition Corp.,NASDAQ,stock,4463
INGN,"Inogen, Inc",NASDAQ,stock,4464
MX,Magnachip Semiconductor Corporation,NYSE,stock,4465
BHAV,BHAV Acquisition Corp,NASDAQ,stock,4466
MSD,"Morgan Stanley Emerging Markets Debt Fund, Inc.",NYSE,stock,4467
EPM,"Evolution Petroleum Corporation, Inc.",NYSE American,stock,4468
SRGXF,Surge Copper Corp,,stock,4469
GLAI,"Global AI, Inc.",,stock,4470
GRX,The Gabelli Healthcare & Wellness Trust,NYSE,stock,4471
SPE,"Special Opportunities Fund, Inc",NYSE,stock,4472
HUHU,HUHUTECH International Group Inc.,NASDAQ,stock,4473
RFAM,RF Acquisition Corp III,NASDAQ,stock,4474
GRO,Brazil Potash Corp.,NYSE American,stock,4475
CCNB,"Coastal Carolina Bancshares, Inc.",,stock,4476
OCC,Optical Cable Corporation,NASDAQ,stock,4477
SRBK,"SR Bancorp, Inc.",NASDAQ,stock,4478
SRFM,Surf Air Mobility Inc.,NYSE,stock,4479
UAC,United Acquisition Corp. I,NYSE American,stock,4480
LFMD,"LifeMD, Inc.",NASDAQ,stock,4481
DOYU,DouYu International Holdings Ltd,,stock,4482
WYHG,Wing Yip Food Holdings Group Ltd,,stock,4483
DLNG,Dynagas LNG Partners LP,,stock,4484
SCPQ,Social Commerce Partners Corporation,NASDAQ,stock,4485
KRMD,"KORU Medical Systems, Inc.",NASDAQ,stock,4486
OXSQ,Oxford Square Capital Corp. - Closed End Fund,NASDAQ,stock,4487
GLATF,Global Atomic Corp,,stock,4488
HOFT,Hooker Furnishings Corporation,NASDAQ,stock,4489
FGBI,"First Guaranty Bancshares, Inc.",NASDAQ,stock,4490
RTB,"RTB Digital, Inc.",NASDAQ,stock,4491
CLPR,Clipper Realty Inc.,NYSE,stock,4492
TUSK,"Mammoth Energy Services, Inc.",NASDAQ,stock,4493
BRLT,"Brilliant Earth Group, Inc.",NASDAQ,stock,4494
GHI,Greystone Housing Impact Investors LP,,stock,4495
DOUG,Douglas Elliman Inc.,NYSE,stock,4496
SPRB,"Spruce Biosciences, Inc.",NASDAQ,stock,4497
PFD,Flaherty & Crumrine Preferred & Income Fund Inc,,stock,4498
PLUN,Plutonian Acquisition Corp II,NYSE,stock,4499
TNYA,"Tenaya Therapeutics, Inc.",NASDAQ,stock,4500
BMN,BlackRock 2037 Municipal Target Term Trust,NYSE,stock,4501
ENGS,Energys Group Limited,NASDAQ,stock,4502
DIBS,"1stdibs.com, Inc.",NASDAQ,stock,4503
MHF,"Western Asset Municipal High Income Fund, Inc.",NYSE,stock,4504
ZJK,"ZJK Industrial Co., Ltd.",NASDAQ,stock,4505
CTW,CTW,NASDAQ,stock,4506
NPWR,NET Power Inc.,NYSE,stock,4507
HEQ,John Hancock Diversified Income Fund,NYSE,stock,4508
UMEW,UMeWorld Inc.,,stock,4509
ARMP,"Armata Pharmaceuticals, Inc.",NYSE American,stock,4510
CRBU,"Caribou Biosciences, Inc.",NASDAQ,stock,4511
BGX,Blackstone Long Short Credit Income Fund,NYSE,stock,4512
XLAB,Exascale Labs Holdings Inc.,NASDAQ,stock,4513
FPRGF,Falco Resources Ltd.,,stock,4514
VTN,Invesco Trust for Investment Grade New York Municipals,NYSE,stock,4515
BHLL,Bunker Hill Mining Corp.,,stock,4516
CLAR,Clarus Corporation,NASDAQ,stock,4517
SMNR,"Semnur Pharmaceuticals, Inc.",,stock,4518
AIRS,"AirSculpt Technologies, Inc.",NASDAQ,stock,4519
KVHI,"KVH Industries, Inc.",NASDAQ,stock,4520
SHIM,Shimmick Corporation,NASDAQ,stock,4521
JUSH,Jushi Holdings Inc.,,stock,4522
CRBP,"Corbus Pharmaceuticals Holdings, Inc.",NASDAQ,stock,4523
MED,MEDIFAST INC,NYSE,stock,4524
VERI,"Veritone, Inc.",NASDAQ,stock,4525
AMTX,"Aemetis, Inc",NASDAQ,stock,4526
HURA,"TuHURA Biosciences, Inc.",NASDAQ,stock,4527
BRCC,BRC Inc.,NYSE,stock,4528
ENGN,enGene Therapeutics Inc.,NASDAQ,stock,4529
ACNT,Ascent Industries Co.,NASDAQ,stock,4530
FTCO,Fortitude Gold Corp,,stock,4531
VNCE,Vince Holding Corp.,NASDAQ,stock,4532
FLYX,"flyExclusive, Inc.",NYSE American,stock,4533
RGP,"Resources Connection, Inc.",NASDAQ,stock,4534
HCAT,"Health Catalyst, Inc",NASDAQ,stock,4535
BCV,"Bancroft Fund, Ltd.",NYSE American,stock,4536
ZENA,"ZenaTech, Inc.",NASDAQ,stock,4537
TISI,"Team, Inc.",NYSE,stock,4538
VECA,Vernal Capital Acquisition Corp.,NYSE,stock,4539
BETRF,BetterLife Pharma Inc.,,stock,4540
RYDE,Ryde Group Ltd.,NYSE American,stock,4541
FWAC,Futurewave Acquisition Corporation,NASDAQ,stock,4542
FXAC,FortuneX Acquisition Corporation,NASDAQ,stock,4543
EWAV,East West Ave Acquisition Corp.,NASDAQ,stock,4544
COOK,"Traeger, Inc.",NYSE,stock,4545
NRXP,"NRX Pharmaceuticals, Inc.",NASDAQ,stock,4546
NMRA,"Neumora Therapeutics, Inc.",NASDAQ,stock,4547
SUIG,Sui Group Holdings Limited,NASDAQ,stock,4548
CGO,Calamos Global Total Return Fund - Closed End Fund,NASDAQ,stock,4549
HYI,Western Asset High Yield Opportunity Fund Inc.,NYSE,stock,4550
SMID,Smith-Midland Corporation,NASDAQ,stock,4551
UNCY,"Unicycive Therapeutics, Inc.",NASDAQ,stock,4552
DFSLY,Defeng Solife Holdings Limited/ADR,,stock,4553
UFI,"Unifi, Inc.",NYSE,stock,4554
UP,Wheels Up Experience Inc.,NYSE,stock,4555
WNDW,"SolarWindow Technologies, Inc.",,stock,4556
WPGCF,West Point Gold Corp.,,stock,4557
MGYR,"Magyar Bancorp, Inc.",NASDAQ,stock,4558
MPA,Blackrock MuniYield Pennsylvania Quality Fund,NYSE,stock,4559
WALD,Waldencast plc,NASDAQ,stock,4560
BMHL,Bluemount Holdings Limited,NASDAQ,stock,4561
STXS,"Stereotaxis, Inc.",NYSE American,stock,4562
OESX,"Orion Energy Systems, Inc.",NASDAQ,stock,4563
IMUX,"Immunic, Inc.",NASDAQ,stock,4564
MXCT,"MaxCyte, Inc.",NASDAQ,stock,4565
FEAM,"5E Advanced Materials, Inc.",NASDAQ,stock,4566
APGOF,Apollo Silver Corp,,stock,4567
LENZ,"LENZ Therapeutics, Inc.",NASDAQ,stock,4568
PHD,"Pioneer Floating Rate Fund, Inc.",,stock,4569
HYNE,"Hoyne Bancorp, Inc.",NASDAQ,stock,4570
PLBY,"Playboy, Inc.",NASDAQ,stock,4571
BOTJ,"Bank of the James Financial Group, Inc.",NASDAQ,stock,4572
CODA,"Coda Octopus Group, Inc.",NASDAQ,stock,4573
VRA,"Vera Bradley, Inc.",NASDAQ,stock,4574
SPAUF,Spanish Mountain Gold Ltd.,,stock,4575
TLSA,Tiziana Life Sciences Ltd,NASDAQ,stock,4576
LGCY,Legacy Education Inc.,NYSE American,stock,4577
CBUS,"Cibus, Inc.",NASDAQ,stock,4578
BHR,Braemar Hotels & Resorts Inc.,NYSE,stock,4579
JHS,John Hancock Income Securities Trust,NYSE,stock,4580
LX,LexinFintech Holdings Ltd.,,stock,4581
SVRN,"SVRN, Inc.",NASDAQ,stock,4582
BSCL,"BILI Social International, Inc.",,stock,4583
AXR,AMREP Corporation,NYSE,stock,4584
VTVT,vTv Therapeutics Inc.,NASDAQ,stock,4585
AKA,a.k.a. Brands Holding Corp.,NYSE,stock,4586
PNBK,Patriot National Bancorp Inc.,NASDAQ,stock,4587
KGFMF,Kingfisher Metals Corp.,,stock,4588
CVGI,"Commercial Vehicle Group, Inc.",NASDAQ,stock,4589
CHAR,Charlton Aria Acquisition Corporation,NASDAQ,stock,4590
PLCI,Pelican Acquisition II Corporation,NASDAQ,stock,4591
IAF,"abrdn Australia Equity Fund, Inc.",NYSE American,stock,4592
PGAC,Pantages Capital Acquisition Corporation,NASDAQ,stock,4593
VIVO,VivoPower PLC,NASDAQ,stock,4594
RVSB,Riverview Bancorp Inc,NASDAQ,stock,4595
FLX,BingEx Ltd,,stock,4596
FKYS,First Keystone Corp,,stock,4597
HCHL,Happy City Holdings Limited,NASDAQ,stock,4598
HYDTF,Hydreight Technologies Inc.,,stock,4599
SFBC,"Sound Financial Bancorp, Inc.",NASDAQ,stock,4600
BRKH,Burtech Acquisition Corp II,NASDAQ,stock,4601
QUMS,Quantumsphere Acquisition Corp.,NASDAQ,stock,4602
AAWH,"Ascend Wellness Holdings, Inc.",,stock,4603
AARD,"Aardvark Therapeutics, Inc.",NASDAQ,stock,4604
BOOM,DMC Global Inc.,NASDAQ,stock,4605
LGCXF,Lahontan Gold Corp.,,stock,4606
COYA,"Coya Therapeutics, Inc.",NASDAQ,stock,4607
EGG,Enigmatig Limited,NYSE American,stock,4608
RDZN,"Roadzen, Inc.",NASDAQ,stock,4609
SEER,"Seer, Inc.",NASDAQ,stock,4610
ZKIN,"ZK International Group Co., Ltd",NASDAQ,stock,4611
TNYZF,Tiny Ltd.,,stock,4612
INO,"Inovio Pharmaceuticals, Inc.",NASDAQ,stock,4613
BSBK,Bogota Financial Corp.,NASDAQ,stock,4614
KULR,"KULR Technology Group, Inc.",NYSE American,stock,4615
BEEP,Mobile Infrastructure Corporation,NASDAQ,stock,4616
NWPP,New Peoples Bankshares Inc,,stock,4617
WSBK,"Winchester Bancorp, Inc.",NASDAQ,stock,4618
GGOXF,Galleon Gold Corp.,,stock,4619
PLMK,Plum Acquisition Corp. IV,NASDAQ,stock,4620
UNB,"Union Bankshares, Inc.",NASDAQ,stock,4621
HOVR,New Horizon Aircraft Ltd.,NASDAQ,stock,4622
CRCUF,Canagold Resources Ltd.,,stock,4623
PROV,"Provident Financial Holdings, Inc.",NASDAQ,stock,4624
CPIX,Cumberland Pharmaceuticals Inc.,NASDAQ,stock,4625
NINE,"Nine Energy Service, Inc.",NYSE American,stock,4626
ACRG,"American Clean Resources Group, Inc.",,stock,4627
UNIB,University Bancorp Inc /De/,,stock,4628
GRUSF,Grown Rogue International Inc.,,stock,4629
ORRCF,Oroco Resource Corp,,stock,4630
INVZ,Innoviz Technologies Ltd.,NASDAQ,stock,4631
WTF,Waton Financial Limited,NASDAQ,stock,4632
NZAUF,Rua Gold Inc.,,stock,4633
RANI,"Rani Therapeutics Holdings, Inc.",NASDAQ,stock,4634
VANI,"Vivani Medical, Inc.",NASDAQ,stock,4635
BYFC,Broadway Financial Corporation,NASDAQ,stock,4636
DRTTF,Dirtt Environmental Solutions Ltd,,stock,4637
GNLX,Genelux Corporation,NASDAQ,stock,4638
PFBX,Peoples Financial Corp /Ms/,,stock,4639
RNAQ,Rainier Acquisition Corporation,NASDAQ,stock,4640
OPHC,"OptimumBank Holdings, Inc.",NYSE American,stock,4641
QUCY,Quantum Cyber N.V.,NASDAQ,stock,4642
MWC,"Micware Co., Ltd.",,stock,4643
KZIA,Kazia Therapeutics Ltd,,stock,4644
DMRC,Digimarc Corporation,NASDAQ,stock,4645
JYNT,The Joint Corp.,NASDAQ,stock,4646
MCN,XAI Madison Equity Premium Income Fund,NYSE,stock,4647
LMRXF,Laramide Resources Ltd,,stock,4648
ULBI,Ultralife Corporation,NASDAQ,stock,4649
RACD,Research Alliance Corporation IV,NASDAQ,stock,4650
CTOR,"Citius Oncology, Inc.",NASDAQ,stock,4651
RMMZ,"RiverNorth Managed Duration Municipal Income Fund II, Inc.",NYSE,stock,4652
PTBS,Potomac Bancshares Inc,,stock,4653
DMO,Western Asset Mortgage Opportunity Fund Inc.,NYSE,stock,4654
PAI,Western Asset Investment Grade Income Fund Inc.,NYSE,stock,4655
SSTI,"SoundThinking, Inc.",NASDAQ,stock,4656
EVTL,Vertical Aerospace Ltd.,NYSE,stock,4657
QSEA,Quartzsea Acquisition Corporation,NASDAQ,stock,4658
RFL,"Rafael Holdings, Inc.",NYSE,stock,4659
PBHC,"Pathfinder Bancorp, Inc.",NASDAQ,stock,4660
PZG,Paramount Gold Nevada Corp.,NYSE American,stock,4661
PYPD,PolyPid Ltd.,NASDAQ,stock,4662
BDTX,"Black Diamond Therapeutics, Inc.",NASDAQ,stock,4663
IMDX,Insight Molecular Diagnostics Inc.,NASDAQ,stock,4664
TCX,Tucows Inc.,NASDAQ,stock,4665
VXRT,"Vaxart, Inc.",,stock,4666
SDCO,"SDR Drone, Inc.",,stock,4667
NIM,Nuveen Select Maturities Municipal Fund,NYSE,stock,4668
OKUR,"OnKure Therapeutics, Inc.",NASDAQ,stock,4669
ANNA,"AleAnna, Inc.",NASDAQ,stock,4670
CBAT,CBAK Energy Technology Limited,NASDAQ,stock,4671
NICM,Nicola Mining Inc.,,stock,4672
RSKIA,"George Risk Industries, Inc.",,stock,4673
KBLB,"Kraig Biocraft Laboratories, Inc.",,stock,4674
GLU,Gabelli Global Utility,NYSE American,stock,4675
XHG,XChange TEC.INC,,stock,4676
APYX,Apyx Medical Corporation,NASDAQ,stock,4677
ZSTK,ZeroStack Corp.,NASDAQ,stock,4678
CNXU,Conexeu Sciences Inc.,NASDAQ,stock,4679
CHPG,ChampionsGate Acquisition Corporation,NASDAQ,stock,4680
EQ,"Equillium, Inc.",NASDAQ,stock,4681
TP,Ticketplus Ltd.,NYSE American,stock,4682
FJET,"Starfighters Space, Inc.",NYSE American,stock,4683
HYSR,"Sunhydrogen, Inc.",,stock,4684
MIST,Milestone Pharmaceuticals Inc.,NASDAQ,stock,4685
AMAN,Amanat Acquisition Corp,NASDAQ,stock,4686
CBKM,Consumers Bancorp Inc /Oh/,,stock,4687
STHO,Star Holdings,NASDAQ,stock,4688
VIRC,Virco Manufacturing Corporation,NASDAQ,stock,4689
LAKE,"Lakeland Industries, Inc.",NASDAQ,stock,4690
CHMI,Cherry Hill Mortgage Investment Corporation,NYSE,stock,4691
CSTAF,Constellation Acquisition Corp I,,stock,4692
PUSA,Aureus Greenway Holdings Inc.,NASDAQ,stock,4693
UWHR,Uwharrie Capital Corp,,stock,4694
FURY,Fury Gold Mines Limited,NYSE American,stock,4695
BGM,BGM Group Ltd.,NASDAQ,stock,4696
GHG,GreenTree Hospitality Group Ltd.,,stock,4697
PAL,"Proficient Auto Logistics, Inc.",NASDAQ,stock,4698
VATE,INNOVATE Corp.,NYSE,stock,4699
PLYX,"Polaryx Therapeutics, Inc.",NASDAQ,stock,4700
ECOR,"electroCore, Inc.",NASDAQ,stock,4701
FTZFF,Fitzroy Minerals Inc.,,stock,4702
NTRB,Nutriband Inc.,NASDAQ,stock,4703
SPKL,Spark I Acquisition Corp.,NASDAQ,stock,4704
KEQU,Kewaunee Scientific Corporation,NASDAQ,stock,4705
FLNT,"Fluent, Inc.",NASDAQ,stock,4706
CSTE,Caesarstone Ltd.,NASDAQ,stock,4707
RACC,Research Alliance Corporation III,NASDAQ,stock,4708
DH,Definitive Healthcare Corp.,NASDAQ,stock,4709
ABLV,Able View Global Inc.,NASDAQ,stock,4710
NHFLF,Northfield Capital Corp,,stock,4711
HMR,Heidmar Maritime Holdings Corp.,NASDAQ,stock,4712
BUDA,"Buda Juice, Inc.",NYSE American,stock,4713
NRXS,"Neuraxis, Inc.",NYSE American,stock,4714
PARK,"Park Dental Partners, Inc.",NASDAQ,stock,4715
ANIX,"Anixa Biosciences, Inc.",NASDAQ,stock,4716
SBI,Western Asset Intermediate Muni Fund Inc,NYSE,stock,4717
NACB,ODNB Financial Corp,,stock,4718
PCF,High Income Securities Fund,NYSE,stock,4719
NTHI,"NeOnc Technologies Holdings, Inc.",NASDAQ,stock,4720
UPXI,"Upexi, Inc.",NASDAQ,stock,4721
BWEN,"Broadwind, Inc.",NASDAQ,stock,4722
XTRAF,Xtract One Technologies Inc.,,stock,4723
AMPG,"Amplitech Group, Inc.",NASDAQ,stock,4724
PMN,ProMIS Neurosciences Inc.,NASDAQ,stock,4725
JTTT,JATT III Acquisition Corp,NASDAQ,stock,4726
IGI,Western Asset Investment Grade Opportunity Trust Inc.,NYSE,stock,4727
SIREF,Sirios Resources Inc.,,stock,4728
CANG,Cango Inc.,NYSE,stock,4729
VIOT,"Viomi Technology Co., Ltd",,stock,4730
TGEN,Tecogen Inc.,NYSE American,stock,4731
USGO,U.S. GoldMining Inc.,NASDAQ,stock,4732
PGP,Pimco Global StocksPlus & Income Fund,NYSE,stock,4733
RNGE,"Range Impact, Inc.",,stock,4734
CIGL,Concorde International Group Ltd,NASDAQ,stock,4735
SUNS,"Sunrise Realty Trust, Inc.",NASDAQ,stock,4736
IAE,Voya Asia Pacific High Dividend Equity Income Fund ING Asia Pacific High Dividend Equity Income Fund,NYSE,stock,4737
ATVK,"Globaltek Ventures, Inc.",,stock,4738
FNWB,First Northwest Bancorp,NASDAQ,stock,4739
BCRD,"BlueOne Technologies, Inc.",,stock,4740
BZFD,"BuzzFeed, Inc.",NASDAQ,stock,4741
LCCC,Lakeshore Acquisition III Corp.,NASDAQ,stock,4742
RGT,"Royce Global Trust, Inc.",NYSE,stock,4743
SLNG,"Stabilis Solutions, Inc.",NASDAQ,stock,4744
GCL,GCL Global Holdings Ltd,NASDAQ,stock,4745
LINK,"Interlink Electronics, Inc.",NASDAQ,stock,4746
GRWG,GrowGeneration Corp.,NASDAQ,stock,4747
MNOV,"MediciNova, Inc.",NASDAQ,stock,4748
AUBN,"Auburn National Bancorporation, Inc.",NASDAQ,stock,4749
LQMT,Liquidmetal Technologies Inc,,stock,4750
RLYB,Rallybio Corporation,NASDAQ,stock,4751
EMPD,Empery Digital Inc.,NASDAQ,stock,4752
BDCTF,BuildDirect.com Technologies Inc.,,stock,4753
BMEA,"Biomea Fusion, Inc.",NASDAQ,stock,4754
BHM,"Bluerock Homes Trust, Inc.",NYSE American,stock,4755
LPA,Logistic Properties of the Americas,NYSE American,stock,4756
HDRN,"Hadron Energy, Inc.",NASDAQ,stock,4757
FDSB,"Fifth District Bancorp, Inc.",NASDAQ,stock,4758
SPAI,Safe Pro Group Inc.,NASDAQ,stock,4759
CRDF,"Cardiff Oncology, Inc.",NASDAQ,stock,4760
INSE,"Inspired Entertainment, Inc.",NASDAQ,stock,4761
CGTX,"Cognition Therapeutics, Inc.",NASDAQ,stock,4762
FUSB,"First US Bancshares, Inc.",NASDAQ,stock,4763
ICCC,ImmuCell Corporation,NASDAQ,stock,4764
MDIA,Mediaco Holding Inc.,NASDAQ,stock,4765
HERE,Here Group Ltd,,stock,4766
MRAI,"Marpai, Inc.",,stock,4767
MMTX,Miluna Acquisition Corp,NASDAQ,stock,4768
EP,Empire Petroleum Corporation,NYSE American,stock,4769
ORIQ,Origin Investment Corp I,NASDAQ,stock,4770
LUD,Luda Technology Group Limited,NYSE American,stock,4771
ACRV,"Acrivon Therapeutics, Inc.",NASDAQ,stock,4772
GDL,"GDL Fund, The",NYSE,stock,4773
CCLD,"CareCloud, Inc.",NASDAQ,stock,4774
BYNO,byNordic Acquisition Corp,,stock,4775
SIEB,Siebert Financial Corp.,NASDAQ,stock,4776
THMG,Thunder Mountain Gold Inc,,stock,4777
DWSN,Dawson Geophysical Company,NASDAQ,stock,4778
ATGL,Alpha Technology Group Limited,NASDAQ,stock,4779
JLS,Nuveen Mortgage and Income Fund,NYSE,stock,4780
BHIC,"BioScience Health Innovations, Inc.",,stock,4781
EVF,Eaton Vance Senior Income Trust,NYSE,stock,4782
CWGL,"Crimson Wine Group, Ltd",,stock,4783
EDVR,Endeavor Bancorp,,stock,4784
AUC,ATIF Holdings Limited,NASDAQ,stock,4785
ZVIA,Zevia PBC,NYSE,stock,4786
CNDA,Concord Acquisition Corp II,,stock,4787
HFFG,HF Foods Group Inc.,NASDAQ,stock,4788
MMLP,Martin Midstream Partners L.P.,,stock,4789
JATT,JATT II Acquisition Corp,NASDAQ,stock,4790
KSBI,Ks Bancorp Inc,,stock,4791
ALIS,Calisa Acquisition Corp,NASDAQ,stock,4792
DAVA,Endava plc,,stock,4793
MCAH,Mountain Crest Acquisition 6 Corp.,NASDAQ,stock,4794
RVRC,Revium Rx.,,stock,4795
SDHC,Smith Douglas Homes Corp.,NYSE,stock,4796
TSQ,"Townsquare Media, Inc.",NYSE,stock,4797
VENU,Venu Holding Corporation,NYSE American,stock,4798
NOBH,Nobility Homes Inc,,stock,4799
NUVR,"Nuvera Communications, Inc.",,stock,4800
LSE,"Leishen Energy Holding Co., Ltd.",NASDAQ,stock,4801
PFX,PhenixFIN Corporation,NASDAQ,stock,4802
RFIL,"RF Industries, Ltd.",NASDAQ,stock,4803
MHH,"Mastech Digital, Inc",NYSE American,stock,4804
HYPR,"Hyperfine, Inc.",NASDAQ,stock,4805
FTLF,"FitLife Brands, Inc.",NASDAQ,stock,4806
LGL,"LGL Group, Inc. (The)",NYSE American,stock,4807
GOW,GOWell Energy Technology,NASDAQ,stock,4808
JLHL,Julong Holding Limited,NASDAQ,stock,4809
MGLD,"The Marygold Companies, Inc.",NYSE American,stock,4810
ONCY,Oncolytics Biotech Inc.,NASDAQ,stock,4811
XTGRF,Xtra-Gold Resources Corp,,stock,4812
RMI,"RiverNorth Opportunistic Municipal Income Fund, Inc.",NYSE,stock,4813
JXG,JX Luxventure Group Inc.,NASDAQ,stock,4814
TRBG,TurboGen Ltd.,NASDAQ,stock,4815
UBCP,"United Bancorp, Inc.",NASDAQ,stock,4816
PECE,Peace Acquisition Corp,NASDAQ,stock,4817
LNSR,"LENSAR, Inc.",NASDAQ,stock,4818
UYSC,UY Scuti Acquisition Corp.,NASDAQ,stock,4819
ETS,Elite Express Holding Inc.,NASDAQ,stock,4820
AEYE,"AudioEye, Inc.",NASDAQ,stock,4821
FBSI,First Bancshares Inc /Mo/,,stock,4822
LUNG,Pulmonx Corporation,NASDAQ,stock,4823
BCIC,BCP Investment Corporation - Closed End Fund,NASDAQ,stock,4824
GCV,"Gabelli Convertible and Income Securities Fund, Inc. (The)",NYSE,stock,4825
GRML,Greenland Mines Ltd,NASDAQ,stock,4826
MBOT,Microbot Medical Inc.,NASDAQ,stock,4827
BSAA,BEST SPAC I Acquisition Corp.,NASDAQ,stock,4828
RPT,Rithm Property Trust Inc.,NYSE,stock,4829
WRAP,"Wrap Technologies, Inc.",NASDAQ,stock,4830
SKIN,SkinHealth Systems Inc.,NASDAQ,stock,4831
APAC,StoneBridge Acquisition II Corporation,NASDAQ,stock,4832
PTHS,Pelthos Therapeutics Inc.,NYSE American,stock,4833
NIPG,NIP Group Inc.,,stock,4834
ATRA,"Atara Biotherapeutics, Inc.",NASDAQ,stock,4835
SAMG,Silvercrest Asset Management Group Inc.,NASDAQ,stock,4836
CMCM,Cheetah Mobile Inc.,,stock,4837
MNTS,Momentus Inc.,NASDAQ,stock,4838
KNDI,"Kandi Technologies Group, Inc.",NASDAQ,stock,4839
CPHC,Canterbury Park Holding Corporation,NASDAQ,stock,4840
ARQ,"Arq, Inc.",NASDAQ,stock,4841
BTCS,BTCS Inc.,NASDAQ,stock,4842
DTI,Drilling Tools International Corporation,NASDAQ,stock,4843
SKYA,"SkyAI, Inc.",NASDAQ,stock,4844
SERA,"Sera Prognostics, Inc.",NASDAQ,stock,4845
TUNGF,American Tungsten Corp.,,stock,4846
ALDX,"Aldeyra Therapeutics, Inc.",NASDAQ,stock,4847
FSEA,"First Seacoast Bancorp, Inc.",NASDAQ,stock,4848
SWVL,Swvl Holdings Corp,NASDAQ,stock,4849
TELO,"Telomir Pharmaceuticals, Inc.",NASDAQ,stock,4850
BLNK,Blink Charging Co.,NASDAQ,stock,4851
NDLS,Noodles & Company,NASDAQ,stock,4852
WSTN,Westin Acquisition Corp,NASDAQ,stock,4853
GIBO,GIBO Holdings Limited,NASDAQ,stock,4854
SEV,Aptera Motors Corp.,NASDAQ,stock,4855
AFCG,Advanced Flower Capital Inc.,NASDAQ,stock,4856
MAYS,"J. W. Mays, Inc.",NASDAQ,stock,4857
VCUFF,Vizsla Copper Corp.,,stock,4858
QDMI,QDM International Inc.,,stock,4859
LFVN,Lifevantage Corporation,NASDAQ,stock,4860
ASRV,AmeriServ Financial Inc.,NASDAQ,stock,4861
SSEA,Starry Sea Acquisition Corp,NASDAQ,stock,4862
NCAUF,Newcore Gold Ltd.,,stock,4863
HNNA,"Hennessy Advisors, Inc.",NASDAQ,stock,4864
RENEF,Cartesian Growth Corp II,,stock,4865
YDDL,One and One Green Technologies. INC,NASDAQ,stock,4866
DTF,DTF Tax-Free Income 2028 Term Fund Inc.,NYSE,stock,4867
BYRN,"Byrna Technologies, Inc.",NASDAQ,stock,4868
CSPI,CSP Inc.,NASDAQ,stock,4869
GUTS,"Fractyl Health, Inc.",NASDAQ,stock,4870
REVFF,Gitennes Exploration Inc.,,stock,4871
INCR,Intercure Ltd.,NASDAQ,stock,4872
ZOMDF,Zomedica Corp.,,stock,4873
AZI,Autozi Internet Technology (Global) Ltd.,NASDAQ,stock,4874
JUVF,Juniata Valley Financial Corp,,stock,4875
SRL,Scully Royalty Ltd.,NYSE,stock,4876
ROC,Rank One Computing Corporation,NASDAQ,stock,4877
SMJF,SMJ International Holdings Inc.,NYSE American,stock,4878
WTG,Wintergreen Acquisition Corp.,NASDAQ,stock,4879
RFM,"RiverNorth Flexible Municipal Income Fund, Inc.",NYSE,stock,4880
KBSX,FST Corp.,NASDAQ,stock,4881
LNZA,"LanzaTech Global, Inc.",NASDAQ,stock,4882
CPBI,"Central Plains Bancshares, Inc.",NASDAQ,stock,4883
SOTK,Sono-Tek Corporation,NASDAQ,stock,4884
CHGG,"Chegg, Inc.",NYSE,stock,4885
AMCI,AMC Robotics Corporation,NASDAQ,stock,4886
VMCAF,Valuence Merger Corp. I,,stock,4887
JOCM,Jocom Holdings Corp.,,stock,4888
AIRT,"Air T, Inc.",NASDAQ,stock,4889
TDTH,Trident Digital Tech Holdings Ltd,NASDAQ,stock,4890
FMN,Federated Hermes Premier Municipal Income Fund,NYSE,stock,4891
SLQT,"SelectQuote, Inc.",NYSE,stock,4892
ARBE,Arbe Robotics Ltd.,NASDAQ,stock,4893
VRCA,Verrica Pharmaceuticals Inc.,NASDAQ,stock,4894
ISPR,Ispire Technology Inc.,NASDAQ,stock,4895
PMVP,"PMV Pharmaceuticals, Inc.",NASDAQ,stock,4896
CWBHF,"Charlotte's Web Holdings, Inc.",,stock,4897
NBRG,Newbridge Acquisition Limited,NASDAQ,stock,4898
FATN,"FatPipe, Inc.",NASDAQ,stock,4899
VGI,Virtus Global Multi-Sector Income Fund,NYSE,stock,4900
HFBL,"Home Federal Bancorp, Inc. of Louisiana",NASDAQ,stock,4901
ISRLF,Israel Acquisitions Corp,,stock,4902
CITR,CitroTech Inc.,NYSE American,stock,4903
OSTX,OS Therapies Incorporated,NYSE American,stock,4904
GLBS,Globus Maritime Limited,NASDAQ,stock,4905
ALYAF,Alithya Group inc,,stock,4906
BPAC,Blueport Acquisition Ltd,NASDAQ,stock,4907
IBIO,"iBio, Inc.",NASDAQ,stock,4908
RTGN,RetinalGenix Technologies Inc.,,stock,4909
AEAE,AltEnergy Acquisition Corp,,stock,4910
REDW,Redwood Financial Inc /Mn/,,stock,4911
SWZ,Total Return Securities Fund,NYSE,stock,4912
BARK,"BARK, Inc.",NYSE,stock,4913
NSTS,"NSTS Bancorp, Inc.",NASDAQ,stock,4914
NTIC,Northern Technologies International Corporation,NASDAQ,stock,4915
NRT,North European Oil Royality Trust,NYSE,stock,4916
IOR,"Income Opportunity Realty Investors, Inc.",NYSE American,stock,4917
WYY,WidePoint Corporation,NYSE American,stock,4918
FSI,Flexible Solutions International Inc.,NYSE American,stock,4919
MGTE,Marblegate Capital Corp,,stock,4920
ATLX,Atlas Lithium Corporation,NASDAQ,stock,4921
JRSH,"Jerash Holdings (US), Inc.",NASDAQ,stock,4922
AVAT,Avalanche Treasury Corporation,NASDAQ,stock,4923
PYYX,"Pyxus International, Inc.",,stock,4924
GANX,"Gain Therapeutics, Inc.",NASDAQ,stock,4925
BSIN,Big Sky Industrial Inc.,NASDAQ,stock,4926
LEAT,Leatt Corp,,stock,4927
OZVN,Oz Vision Inc.,,stock,4928
FVN,Future Vision II Acquisition Corporation,NASDAQ,stock,4929
JFIN,Jiayin Group Inc.,,stock,4930
OPXS,"Optex Systems Holdings, Inc.",NASDAQ,stock,4931
IEHC,IEH Corp,,stock,4932
USIO,"Usio, Inc.",NASDAQ,stock,4933
GECC,Great Elm Capital Corp. - Closed End Fund,NASDAQ,stock,4934
FBIO,"Fortress Biotech, Inc.",NASDAQ,stock,4935
MAIA,"MAIA Biotechnology, Inc.",NYSE American,stock,4936
RANG,Range Capital Acquisition Corp.,NASDAQ,stock,4937
CRT,Cross Timbers Royalty Trust,NYSE,stock,4938
WATT,Energous Corporation,NASDAQ,stock,4939
BLNC,"Balance Labs, Inc.",,stock,4940
RSSS,"Research Solutions, Inc",NASDAQ,stock,4941
GOAI,Eva Live Inc.,NASDAQ,stock,4942
DWNX,Delhi Bank Corp,,stock,4943
CLST,"Catalyst Bancorp, Inc.",NASDAQ,stock,4944
GLV,Clough Global Dividend and Income Fund,NYSE American,stock,4945
AASP,Agassi Sports Entertainment Corp.,,stock,4946
EEA,"The European Equity Fund, Inc.",NYSE,stock,4947
WSHP,WeShop Holdings Limited,NASDAQ,stock,4948
WKEY,Wisekey International Holding S.A.,,stock,4949
CPSH,CPS Technologies Corp.,NASDAQ,stock,4950
PSIG,PS International Group Ltd.,NASDAQ,stock,4951
VISK,"Viskase Holdings, Inc.",,stock,4952
CING,Cingulate Inc.,NASDAQ,stock,4953
IMTCF,Intrepid Metals Corp.,,stock,4954
SCOR,"comScore, Inc.",NASDAQ,stock,4955
SODI,Solitron Devices Inc,,stock,4956
GOSS,"Gossamer Bio, Inc.",NASDAQ,stock,4957
LCGMF,Lion Copper Corp.,,stock,4958
RGS,Regis Corporation,NASDAQ,stock,4959
OKYO,OKYO Pharma Limited,NASDAQ,stock,4960
TENX,"Tenax Therapeutics, Inc.",NASDAQ,stock,4961
CEV,Eaton Vance California Municipal Income Trust Shares of Beneficial Interest,NYSE American,stock,4962
AWLRF,Awale Resources Ltd,,stock,4963
THRY,"Thryv Holdings, Inc.",NASDAQ,stock,4964
COE,51Talk Online Education Group,,stock,4965
APLM,Apollomics Inc.,NASDAQ,stock,4966
RNXT,"RenovoRx, Inc.",NASDAQ,stock,4967
SPRO,"Spero Therapeutics, Inc.",NASDAQ,stock,4968
BSEM,"BioStem Technologies, Inc.",NASDAQ,stock,4969
AEC,Anfield Energy Inc.,NASDAQ,stock,4970
HOUR,"Hour Loop, Inc.",NASDAQ,stock,4971
CSBR,"Champions Oncology, Inc.",NASDAQ,stock,4972
NEXM,NexMetals Mining Corp.,NASDAQ,stock,4973
CVRX,"CVRx, Inc.",NASDAQ,stock,4974
IMAQ,International Media Acquisition Corp.,,stock,4975
CYCU,"Cycurion, Inc.",NASDAQ,stock,4976
HANNF,Hannan Metals Ltd.,,stock,4977
SRLZF,Salazar Resources Ltd,,stock,4978
BZAI,"Blaize Holdings, Inc.",NASDAQ,stock,4979
STKE,Sol Strategies Inc.,NASDAQ,stock,4980
AZASF,Arizona Gold & Silver Inc.,,stock,4981
KLRS,"Kalaris Therapeutics, Inc.",NASDAQ,stock,4982
MB,MasterBeef Group,NASDAQ,stock,4983
TRT,Trio-Tech International,NASDAQ,stock,4984
DTCX,"Datacentrex, Inc.",NASDAQ,stock,4985
OAKV,"Oak View Bankshares, Inc.",,stock,4986
ASPS,Altisource Portfolio Solutions S.A.,NASDAQ,stock,4987
UEIC,Universal Electronics Inc.,NASDAQ,stock,4988
INTG,The Intergroup Corporation,NASDAQ,stock,4989
HFUS,"Hartford Creative Group, Inc.",,stock,4990
GDHG,Golden Heaven Group Holdings Ltd.,NASDAQ,stock,4991
DMA,Destra Multi-Alternative Fund,NYSE,stock,4992
AIFC,AI Financial Corporation,NASDAQ,stock,4993
CVU,"CPI Aerostructures, Inc.",NYSE American,stock,4994
RNTX,"Rein Therapeutics, Inc.",NASDAQ,stock,4995
PLRX,"Pliant Therapeutics, Inc.",NASDAQ,stock,4996
NORD,Nordicus Partners Corp,,stock,4997
WBX,Wallbox N.V.,NYSE,stock,4998
AMTD,Amtd Idea Group,,stock,4999
DXR,Daxor Corporation - Closed End Fund,NASDAQ,stock,5000
OCCI,"OFS Credit Company, Inc. - Closed End Fund",NASDAQ,stock,5001
YARRF,Pirate Gold Corp.,,stock,5002
NTWK,NETSOL Technologies Inc.,NASDAQ,stock,5003
WWR,"Westwater Resources, Inc.",NYSE American,stock,5004
NVX,NOVONIX Limited - American Depository Shares,NASDAQ,stock,5005
AIRG,"Airgain, Inc.",NASDAQ,stock,5006
GNSS,Genasys Inc.,NASDAQ,stock,5007
TGLO,Theglobe Com Inc,,stock,5008
PXS,Pyxis Tankers Inc.,NASDAQ,stock,5009
XBIT,XBiotech Inc.,NASDAQ,stock,5010
PAAI,"Paradium.AI, Inc.",NYSE American,stock,5011
YIBO,Planet Image International Limited,NASDAQ,stock,5012
PRTS,"CarParts.com, Inc.",NASDAQ,stock,5013
ALPS,ALPS Group Inc,NASDAQ,stock,5014
BOF,BranchOut Food Inc.,NASDAQ,stock,5015
IPWR,Ideal Power Inc.,NASDAQ,stock,5016
DRIO,DarioHealth Corp.,NASDAQ,stock,5017
ATHE,Alterity Therapeutics Ltd,,stock,5018
CABO,"Cable One, Inc.",NYSE,stock,5019
ZTEKF,Zentek Ltd.,,stock,5020
GGR,Gogoro Inc.,NASDAQ,stock,5021
PMVC,PMV Consumer Acquisition Corp.,,stock,5022
FRMM,"Forum Markets, Incorporated",NASDAQ,stock,5023
GEG,"Great Elm Group, Inc.",NASDAQ,stock,5024
HYFT,MindWalk Holdings Corp.,NASDAQ,stock,5025
AURX,"Nuo Therapeutics, Inc.",,stock,5026
INKT,"MiNK Therapeutics, Inc.",NASDAQ,stock,5027
ZONE,Zone Frontier Inc.,NYSE American,stock,5028
AIFU,AIFU Inc.,NASDAQ,stock,5029
ACET,"Adicet Bio, Inc.",NASDAQ,stock,5030
AISP,"Airship AI Holdings, Inc",NASDAQ,stock,5031
VMXXF,Valhalla Metals Inc.,,stock,5032
PCLA,PicoCELA Inc.,,stock,5033
TYGO,"Tigo Energy, Inc.",NASDAQ,stock,5034
CNTB,Connect Biopharma Holdings Limited,NASDAQ,stock,5035
WNW,Meiwu Technology Company Limited,NASDAQ,stock,5036
SPWR,SunPower Inc.,NASDAQ,stock,5037
GEOS,Geospace Technologies Corporation,NASDAQ,stock,5038
STBI,Sturgis Bancorp Inc,,stock,5039
YTRA,"Yatra Online, Inc.",NASDAQ,stock,5040
INSG,Inseego Corp.,NASDAQ,stock,5041
PODC,"PodcastOne, Inc.",NASDAQ,stock,5042
PEW,GrabAGun Digital Holdings Inc.,NYSE,stock,5043
POSC,Positron Corp,,stock,5044
SGLD,Scorpio Gold Corporation,NASDAQ,stock,5045
ZOOZ,ZOOZ Strategy Ltd.,NASDAQ,stock,5046
MYO,Myomo Inc.,NYSE American,stock,5047
TTEC,"TTEC Holdings, Inc.",NASDAQ,stock,5048
BATL,Battalion Oil Corporation,NYSE American,stock,5049
NMS,Nuveen Minnesota Quality Municipal Income Fund,NYSE,stock,5050
FMFG,"Farmers & Merchants Bancshares, Inc.",,stock,5051
PCM,"PCM Fund, Inc.",NYSE,stock,5052
PDCC,Pearl Diver Credit Company Inc.,NYSE,stock,5053
WTHVF,Westhaven Gold Corp.,,stock,5054
SGMOQ,"Sangamo Therapeutics, Inc",,stock,5055
HYPD,"Hyperion DeFi, Inc.",NASDAQ,stock,5056
TLPH,"Talphera, Inc.",NASDAQ,stock,5057
KXIN,Kaixin Holdings,NASDAQ,stock,5058
HYOR,HyOrc Corp,,stock,5059
BSPA,"Ballston Spa Bancorp, Inc.",,stock,5060
ZYBT,Zhengye Biotechnology Holding Limited,NASDAQ,stock,5061
SLSN,"Solesence, Inc.",NASDAQ,stock,5062
NPT,Texxon Holding Limited,NASDAQ,stock,5063
NKGFF,Nevada King Gold Corp.,,stock,5064
RPMT,"Rego Payment Architectures, Inc.",,stock,5065
UAVS,"AgEagle Aerial Systems, Inc.",NYSE American,stock,5066
QXL,Quantum X Labs Inc.,NASDAQ,stock,5067
CLNN,Clene Inc.,NASDAQ,stock,5068
PGZ,Principal Real Estate Income Fund,NYSE,stock,5069
CAPN,Cayson Acquisition Corp,NASDAQ,stock,5070
PVL,Permianville Royalty Trust,,stock,5071
DOMH,Dominari Holdings Inc.,NASDAQ,stock,5072
MBAI,MBody AI Ltd.,NASDAQ,stock,5073
ROLR,"High Roller Technologies, Inc.",NYSE American,stock,5074
HRTX,"Heron Therapeutics, Inc.",NASDAQ,stock,5075
NMAD,"Nomad Power Solutions, Inc.",NASDAQ,stock,5076
KANP,Kaanapali Land Llc,,stock,5077
XLO,"Xilio Therapeutics, Inc.",NASDAQ,stock,5078
MDNC,Medinotec Inc.,,stock,5079
JZXN,"Jiuzi Holdings, Inc.",NASDAQ,stock,5080
MREO,Mereo BioPharma Group plc,,stock,5081
BOLD,"Boundless Bio, Inc.",NASDAQ,stock,5082
CTM,"Castellum, Inc.",NYSE American,stock,5083
SYHBF,Skyharbour Resources Ltd,,stock,5084
BIYA,Baiya International Group Inc.,NASDAQ,stock,5085
MOB,Mobilicom Limited,NASDAQ,stock,5086
IH,iHuman Inc.,,stock,5087
RDEXF,RPX Gold Inc.,,stock,5088
MCHX,"Marchex, Inc.",NASDAQ,stock,5089
LITB,"LightInTheBox Holding Co., Ltd.",,stock,5090
ZEPP,Zepp Health Corp,,stock,5091
SPCB,"SuperCom, Ltd.",NASDAQ,stock,5092
FLL,"Full House Resorts, Inc.",NASDAQ,stock,5093
ANTA,Antalpha Platform Holding Company,NASDAQ,stock,5094
INVE,"INVE Technologies, Inc.",NASDAQ,stock,5095
JANL,Janel Corp,,stock,5096
STI,"Solidion Technology, Inc.",NASDAQ,stock,5097
NRRSF,Norsemont Mining Inc.,,stock,5098
EXOZ,eXoZymes Inc.,NASDAQ,stock,5099
IBAC,IB Acquisition Corp.,NASDAQ,stock,5100
ANVS,"Annovis Bio, Inc.",NYSE,stock,5101
TELA,"TELA Bio, Inc.",NASDAQ,stock,5102
NCEW,New Century Logistics (BVI) Limited,NASDAQ,stock,5103
GENK,"GEN Restaurant Group, Inc.",NASDAQ,stock,5104
LOMLF,Lion One Metals Ltd.,,stock,5105
OM,"Outset Medical, Inc.",NASDAQ,stock,5106
MXE,"Mexico Equity and Income Fund, Inc. (The)",NYSE,stock,5107
SELF,"Global Self Storage, Inc.",NASDAQ,stock,5108
PGZFF,Pan Global Resources Inc.,,stock,5109
CAST,"FreeCast, Inc.",NASDAQ,stock,5110
EUBG,Entrepreneur Universe Bright Group,,stock,5111
KVACF,Keen Vision Acquisition Corp.,,stock,5112
RENT,"Rent the Runway, Inc.",NASDAQ,stock,5113
ICG,Intchains Group Ltd,,stock,5114
MKTW,"MarketWise, Inc.",NASDAQ,stock,5115
NAMM,Namib Minerals,NASDAQ,stock,5116
CUAUF,C3 Metals Inc.,,stock,5117
PLLMF,EDGE COPPER Corp,,stock,5118
TZOO,Travelzoo,NASDAQ,stock,5119
NAAS,NaaS Technology Inc.,,stock,5120
LIDR,"AEye, Inc.",NASDAQ,stock,5121
MYPS,"PLAYSTUDIOS, Inc.",NASDAQ,stock,5122
EQTRF,Altamira Gold Corp.,,stock,5123
XPL,Solitario Resources Corp.,NYSE American,stock,5124
QSEP,"QS Energy, Inc.",,stock,5125
COPR,Idaho Copper Corporation,NYSE American,stock,5126
ELBM,Electra Battery Materials Corporation,NASDAQ,stock,5127
SMOFF,Sonoro Gold Corp.,,stock,5128
ELRE,Yinfu Gold Corp.,,stock,5129
APWC,Asia Pacific Wire & Cable Corporation Limited,NASDAQ,stock,5130
ELTK,Eltek Ltd.,NASDAQ,stock,5131
GRSD,Grandstand Limited,NASDAQ,stock,5132
INMB,INmune Bio Inc.,NASDAQ,stock,5133
LFS,"LEIFRAS Co., Ltd.",,stock,5134
TOUR,Tuniu Corp,,stock,5135
SAIH,SAIHEAT Limited,NASDAQ,stock,5136
RPID,"Rapid Micro Biosystems, Inc.",NASDAQ,stock,5137
PDSB,PDS Biotechnology Corporation,NASDAQ,stock,5138
BGSF,"BGSF, Inc.",NYSE,stock,5139
MSSAF,Metal Sky Star Acquisition Corp,,stock,5140
STKS,"The ONE Group Hospitality, Inc.",NASDAQ,stock,5141
WAMFF,Alaska Silver Corp.,,stock,5142
HIT,"Health In Tech, Inc.",NASDAQ,stock,5143
COCH,"Envoy Medical, Inc.",NASDAQ,stock,5144
AVD,American Vanguard Corporation,NYSE,stock,5145
VASO,VASO Corp,,stock,5146
KAZR,Skyline Builders Group Holding Limited,NASDAQ,stock,5147
LRDC,"Laredo Oil, Inc.",,stock,5148
SKIL,Skillsoft Corp.,NYSE,stock,5149
MKDW,MKDWELL Tech Inc.,NASDAQ,stock,5150
LGO,Largo Inc.,NASDAQ,stock,5151
WFCF,"Where Food Comes From, Inc.",NASDAQ,stock,5152
TPCS,TechPrecision Corporation,NASDAQ,stock,5153
FBDT,First Breach Inc.,NASDAQ,stock,5154
HCMC,Healthier Choices Management Corp.,,stock,5155
REKR,"Rekor Systems, Inc.",NASDAQ,stock,5156
STFS,Star Fashion Culture Holdings Limited,NASDAQ,stock,5157
SGA,"Saga Communications, Inc.",NASDAQ,stock,5158
AGIG,Abundia Global Impact Group Inc.,NYSE American,stock,5159
SCWO,374Water Inc.,NASDAQ,stock,5160
APT,"Alpha Pro Tech, Ltd.",NYSE American,stock,5161
IMA,"ImageneBio, Inc.",NASDAQ,stock,5162
NXB,NextBoat Inc. Common Stcok,NYSE American,stock,5163
AUXXF,A2 Gold Corp.,,stock,5164
BRID,Bridgford Foods Corporation,NASDAQ,stock,5165
JMM,Nuveen Multi-Market Income Fund (MA),NYSE,stock,5166
RMXI,"Rmx Industries, Inc.",,stock,5167
NNOX,NANO-X IMAGING LTD,NASDAQ,stock,5168
SER,"Serina Therapeutics, Inc.",NYSE American,stock,5169
CCIF,Carlyle Credit Income Fund Shares of Beneficial Interest,NYSE,stock,5170
NCTY,The9 Limited - American Depository Shares,NASDAQ,stock,5171
SLMT,Brera Holdings PLC,NASDAQ,stock,5172
DLHC,DLH Holdings Corp.,NASDAQ,stock,5173
LEEEF,Leef Brands Inc.,,stock,5174
VHUB,"VenHub Global, Inc.",NASDAQ,stock,5175
BKHA,Black Hawk Acquisition Corporation,NASDAQ,stock,5176
MDAI,"Spectral AI, Inc.",NASDAQ,stock,5177
ELOX,"Eloxx Pharmaceuticals, Inc.",NASDAQ,stock,5178
FTEK,"Fuel Tech, Inc.",NASDAQ,stock,5179
LASE,Laser Photonics Corporation,NASDAQ,stock,5180
SORA,AsiaStrategy,NASDAQ,stock,5181
XTNT,"Xtant Medical Holdings, Inc.",NYSE American,stock,5182
MATH,Metalpha Technology Holding Limited,NASDAQ,stock,5183
NA,Nano Labs Ltd,NASDAQ,stock,5184
ACFN,"Acorn Energy, Inc.",NASDAQ,stock,5185
INV,"Innventure, Inc.",NASDAQ,stock,5186
FNUC,Frontier Nuclear and Minerals Inc.,NASDAQ,stock,5187
TGRGF,Tiger Gold Corp.,,stock,5188
SRTS,"Sensus Healthcare, Inc.",NASDAQ,stock,5189
VRM,"Vroom, Inc.",NASDAQ,stock,5190
CRGO,Freightos Limited,NASDAQ,stock,5191
ALCYF,Alchemy Investments Acquisition Corp 1,,stock,5192
TCBS,"Texas Community Bancshares, Inc.",NASDAQ,stock,5193
SOGP,Sound Group Inc.,,stock,5194
RSF,RiverNorth Capital and Income Fund,NYSE,stock,5195
BEWFF,Bewhere Holdings Inc,,stock,5196
ALSAF,Alpha Star Acquisition Corp,,stock,5197
MDXH,MDxHealth SA,NASDAQ,stock,5198
CVVUF,Canalaska Uranium Ltd,,stock,5199
ITMSF,Intermap Technologies Corp,,stock,5200
TEAD,Teads Holding Co.,NASDAQ,stock,5201
ODYS,Odysight.ai Inc.,NASDAQ,stock,5202
AVX,Avax One Technology Ltd.,NASDAQ,stock,5203
VGAS,"Verde Clean Fuels, Inc.",NASDAQ,stock,5204
ELTX,"Elicio Therapeutics, Inc.",NASDAQ,stock,5205
CULP,"Culp, Inc.",NASDAQ,stock,5206
EUDA,Euda Health Holdings Limited,NASDAQ,stock,5207
SFWL,Shengfeng Development Limited,NASDAQ,stock,5208
COLA,Columbus Acquisition Corp,NASDAQ,stock,5209
CIRC,"Circle8 Group, Inc.",NASDAQ,stock,5210
RNLXY,Renalytix plc,,stock,5211
CATO,Cato Corporation (The),NYSE,stock,5212
WATR,Air Water Ventures Limited,NASDAQ,stock,5213
DSWL,"Deswell Industries, Inc.",NASDAQ,stock,5214
YHNA,YHN Acquisition I Limited,NASDAQ,stock,5215
TIL,"Instil Bio, Inc.",NASDAQ,stock,5216
OFS,OFS Capital Corporation - Closed End Fund,NASDAQ,stock,5217
TACT,TransAct Technologies Incorporated,NASDAQ,stock,5218
SCYX,"SCYNEXIS, Inc.",NASDAQ,stock,5219
KFFB,Kentucky First Federal Bancorp,NASDAQ,stock,5220
PLCE,"Children's Place, Inc. (The)",NASDAQ,stock,5221
USPCY,China Strategic Technology Group Limited/ADR,,stock,5222
CNVS,Cineverse Corp.,NASDAQ,stock,5223
AZZTF,Aztec Minerals Corp.,,stock,5224
IDN,"Intellicheck, Inc.",NASDAQ,stock,5225
FMY,First Trust Mortgage Income Fund,NYSE,stock,5226
DWTX,"Dogwood Therapeutics, Inc.",NASDAQ,stock,5227
TKRFF,TINKA RESOURCES Ltd,,stock,5228
SNSC,SunScout Holding Limited,NYSE American,stock,5229
IBO,"Impact BioMedical, Inc.",NYSE American,stock,5230
SDA,SunCar Technology Group Inc.,NASDAQ,stock,5231
GFLT,"GenFlat Holdings, Inc.",,stock,5232
PROP,Prairie Operating Co.,NASDAQ,stock,5233
ACH,"Accendra Health, Inc.",NYSE,stock,5234
TC,Token Cat Ltd,,stock,5235
RDI,Reading International Inc - Class A Non-voting,NASDAQ,stock,5236
RYM,"RYTHM, Inc.",NASDAQ,stock,5237
POCI,"Precision Optics Corporation, Inc.",NASDAQ,stock,5238
PTLE,PTL LTD,NASDAQ,stock,5239
HGBL,Heritage Global Inc.,NASDAQ,stock,5240
MHUBF,MineHub Technologies Inc.,,stock,5241
XBP,"XBP Global Holdings, Inc.",NASDAQ,stock,5242
GROV,"Grove Collaborative Holdings, Inc.",NYSE,stock,5243
QTEX,QTREX Quantum Ltd.,NASDAQ,stock,5244
HAIN,"The Hain Celestial Group, Inc.",NASDAQ,stock,5245
MBBC,"Marathon Bancorp, Inc.",NASDAQ,stock,5246
ELWT,"Elauwit Connection, Inc.",NASDAQ,stock,5247
GRCE,"Grace Therapeutics, Inc.",NASDAQ,stock,5248
STEM,"Stem, Inc.",NYSE,stock,5249
BNAI,Brand Engagement Network Inc.,NASDAQ,stock,5250
MVIS,"MicroVision, Inc.",NASDAQ,stock,5251
SPWH,"Sportsman's Warehouse Holdings, Inc.",NASDAQ,stock,5252
GUER,"Guerrilla RF, Inc.",,stock,5253
AIOS,AIOS Tech Inc.,NASDAQ,stock,5254
KCCFF,Kutcho Copper Corp.,,stock,5255
QETA,Quetta Acquisition Corporation,NASDAQ,stock,5256
IZEA,"IZEA Worldwide, Inc.",NASDAQ,stock,5257
HOWL,"Werewolf Therapeutics, Inc.",NASDAQ,stock,5258
SOWG,Sow Good Inc.,NASDAQ,stock,5259
SACH,Sachem Capital Corp.,NYSE American,stock,5260
TVGN,Tevogen Inc.,NASDAQ,stock,5261
FLNA,"Filana Therapeutics, Inc.",NASDAQ,stock,5262
GDSRF,Gold Strike Resources Corp.,,stock,5263
LITS,"Lite Strategy, Inc.",NASDAQ,stock,5264
HRGN,"Harvard Apparatus Regenerative Technology, Inc.",,stock,5265
LOAN,"Manhattan Bridge Capital, Inc",NASDAQ,stock,5266
CRSF,Crisp Momentum Inc.,,stock,5267
VHC,VirnetX Holding Corp,NASDAQ,stock,5268
VERU,Veru Inc.,NASDAQ,stock,5269
MGX,"Metagenomi Therapeutics, Inc.",NASDAQ,stock,5270
BRKCF,Barksdale Resources Corp.,,stock,5271
OP,OpenPayd Global Holdings Ltd,,stock,5272
SEAT,Vivid Seats Inc.,NASDAQ,stock,5273
CRVO,CervoMed Inc.,NASDAQ,stock,5274
CELU,Celularity Inc.,NASDAQ,stock,5275
GPMT,Granite Point Mortgage Trust Inc.,NYSE,stock,5276
MAMO,Massimo Group,NASDAQ,stock,5277
RIBB,Ribbon Acquisition Corp,NASDAQ,stock,5278
SKFG,"Stark Focus Group, Inc.",,stock,5279
DTSQ,DT Cloud Star Acquisition Corporation,NASDAQ,stock,5280
COSM,Cosmos Health Inc.,NASDAQ,stock,5281
NSRX,Nasus Pharma Ltd.,NYSE American,stock,5282
CHUC,"Charlie's Holdings, Inc.",,stock,5283
PRPO,"Precipio, Inc.",NASDAQ,stock,5284
BTMD,Biote Corp.,NASDAQ,stock,5285
AXIL,"AXIL Brands, Inc.",NYSE American,stock,5286
AAPI,"Apple iSports Group, Inc.",,stock,5287
NMCPF,Nuvau Minerals Corp,,stock,5288
SQNS,Sequans Communications,,stock,5289
PXLW,"Pixelworks, Inc.",NASDAQ,stock,5290
NEPH,"Nephros, Inc.",NASDAQ,stock,5291
KG,"Kestrel Group, Ltd.",NASDAQ,stock,5292
DRYGF,Dryden Gold Corp.,,stock,5293
AERT,"Aeries Technology, Inc.",NASDAQ,stock,5294
CMTL,Comtech Telecommunications Corp.,NASDAQ,stock,5295
PN,PN Smart Energy Limited,NASDAQ,stock,5296
TETEF,Technology & Telecommunication Acquisition Corp,,stock,5297
INDO,Indonesia Energy Corporation Limited,NYSE American,stock,5298
IXHL,Incannex Healthcare Inc.,NASDAQ,stock,5299
ATHR,"Aether Holdings, Inc.",NASDAQ,stock,5300
RKHNF,Rockhaven Resources Ltd,,stock,5301
AURE,Aurelion Inc.,NASDAQ,stock,5302
AHMA,Ambitions Enterprise Management Co. L.L.C,NASDAQ,stock,5303
YSXT,"YSX Tech. Co., Ltd",NASDAQ,stock,5304
JETMF,Global Crossing Airlines Group Inc.,,stock,5305
PHNMF,Phenom Resources Corp.,,stock,5306
SAGGF,Sterling Metals Corp.,,stock,5307
GLXZ,"Galaxy Gaming, Inc.",,stock,5308
PHUN,"Phunware, Inc.",NASDAQ,stock,5309
DGNOF,Diagnos Inc.,,stock,5310
VTIX,Virtuix Holdings Inc.,NASDAQ,stock,5311
NWGL,CL Workshop Group Ltd,,stock,5312
SCIA,"SCI Engineered Materials, Inc.",,stock,5313
PLNH,Planet 13 Holdings Inc.,,stock,5314
TGE,The Generation Essentials Group,NYSE,stock,5315
XOS,"Xos, Inc.",NASDAQ,stock,5316
ZDGE,"Zedge, Inc.",NYSE American,stock,5317
HWAUF,Headwater Gold Inc.,,stock,5318
GAME,"GameSquare Holdings, Inc.",NASDAQ,stock,5319
SNWV,"SANUWAVE Health, Inc.",NASDAQ,stock,5320
BRAG,Bragg Gaming Group Inc.,NASDAQ,stock,5321
FSHP,Flag Ship Acquisition Corp.,NASDAQ,stock,5322
NOEM,CO2 Energy Transition Corp.,NASDAQ,stock,5323
LSF,"Laird Superfood, Inc.",NYSE American,stock,5324
OMEX,"Odyssey Marine Exploration, Inc.",NASDAQ,stock,5325
TREO,Tactical Resources Corp.,NASDAQ,stock,5326
SYPR,"Sypris Solutions, Inc.",NASDAQ,stock,5327
FSTJ,First America Resources Corp,,stock,5328
GMHS,Gamehaus Holdings Inc.,NASDAQ,stock,5329
MIND,"MIND Technology, Inc.",NASDAQ,stock,5330
SPMEF,South Pacific Metals Corp.,,stock,5331
BCHT,Birchtech Corp.,NYSE American,stock,5332
GRF,"Eagle Capital Growth Fund, Inc.",NYSE American,stock,5333
RMCO,Royalty Management Holding Corporation,NASDAQ,stock,5334
TLTFF,Theralase Technologies Inc /Fi,,stock,5335
QNTO,"Quaint Oak Bancorp, Inc.",,stock,5336
AFJK,"Aimei Health Technology Co., Ltd",NASDAQ,stock,5337
PBMLF,Pacific Booker Minerals Inc.,,stock,5338
BAER,"Bridger Aerospace Group Holdings, Inc.",NASDAQ,stock,5339
MLCI,Mount Logan Capital Inc.,NASDAQ,stock,5340
MCAG,Mountain Crest Acquisition Corp. V,,stock,5341
DCGO,DocGo Inc.,NASDAQ,stock,5342
MLSS,"Milestone Scientific, Inc.",NYSE American,stock,5343
FRFAF,Fresh Factory B.C. Ltd.,,stock,5344
IDXG,"Interpace Biosciences, Inc.",,stock,5345
KOSS,Koss Corporation,NASDAQ,stock,5346
WAVE,Eco Wave Power Global AB (publ),,stock,5347
PAVM,PAVmed Inc.,NASDAQ,stock,5348
SNT,Senstar Technologies Corporation,NASDAQ,stock,5349
WPRT,Westport Fuel Systems Inc,NASDAQ,stock,5350
PYRGF,PyroGenesis Canada Inc.,,stock,5351
HOLO,MicroCloud Hologram Inc.,NASDAQ,stock,5352
STG,Sunlands Technology Group,,stock,5353
TOON,"Kartoon Studios, Inc.",NYSE American,stock,5354
THCH,TH International Limited,NASDAQ,stock,5355
FSP,Franklin Street Properties Corp.,NYSE American,stock,5356
QTI,"QT Imaging Holdings, Inc.",NASDAQ,stock,5357
KLNG,"Koil Energy Solutions, Inc.",,stock,5358
PPSI,"Pioneer Power Solutions, Inc.",NASDAQ,stock,5359
SLND,"Southland Holdings, Inc.",NYSE American,stock,5360
MIRA,"MIRA Pharmaceuticals, Inc.",NASDAQ,stock,5361
DGNX,Diginex Limited,NASDAQ,stock,5362
STRR,"Star Equity Holdings, Inc.",NASDAQ,stock,5363
NTIP,"Network-1 Technologies, Inc.",NYSE American,stock,5364
ATNM,"Actinium Pharmaceuticals, Inc. (Delaware)",NYSE American,stock,5365
RGCCF,Relevant Gold Corp.,,stock,5366
ACCL,Acco Group Holdings Limited,NASDAQ,stock,5367
ZBAO,Zhibao Technology Inc.,NASDAQ,stock,5368
HBIO,"Harvard Bioscience, Inc.",NASDAQ,stock,5369
EAXR,"Ealixir, Inc.",,stock,5370
GROW,"U.S. Global Investors, Inc.",NASDAQ,stock,5371
RSRV,Reserve Petroleum Co,,stock,5372
BCTX,BriaCell Therapeutics Corp.,NASDAQ,stock,5373
GAIA,"Gaia, Inc.",NASDAQ,stock,5374
ELUT,"Elutia, Inc.",NASDAQ,stock,5375
AACG,ATA Creativity Global,,stock,5376
JG,Aurora Mobile Ltd,,stock,5377
PLUT,Plutus Financial Group Limited,NASDAQ,stock,5378
RMTI,"Rockwell Medical, Inc.",NASDAQ,stock,5379
MCRB,"Seres Therapeutics, Inc.",NASDAQ,stock,5380
YQ,17 Education & Technology Group Inc.,,stock,5381
RYOJ,"rYojbaba Co., Ltd.",NASDAQ,stock,5382
BRIA,BrilliA Inc,NYSE American,stock,5383
BODI,"The Beachbody Company, Inc.",NASDAQ,stock,5384
YOUL,Youlife Group Inc.,,stock,5385
SPRU,Spruce Power Holding Corporation,NYSE,stock,5386
ALGS,"Aligos Therapeutics, Inc.",NASDAQ,stock,5387
MLGO,"MicroAlgo, Inc.",NASDAQ,stock,5388
ANGH,Anghami Inc.,NASDAQ,stock,5389
GNTA,Genenta Science S.p.A.,,stock,5390
GETY,"Getty Images Holdings, Inc.",,stock,5391
ONMD,OneMedNet Corp,NASDAQ,stock,5392
IMMP,IMMUTEP Ltd,,stock,5393
HHS,"Harte Hanks, Inc.",NASDAQ,stock,5394
TIGCF,Triumph Gold Corp.,,stock,5395
ISTKF,Intellistake Technologies Corp.,,stock,5396
EDSA,"Edesa Biotech, Inc.",NASDAQ,stock,5397
ARAY,Accuray Incorporated,NASDAQ,stock,5398
FTCI,"FTC Solar, Inc.",NASDAQ,stock,5399
BHST,BioHarvest Sciences Inc.,NASDAQ,stock,5400
BIOF,"Blue Biofuels, Inc.",,stock,5401
PFSB,"PFS Bancorp, Inc.",,stock,5402
FGC,FG Communities Holdings Inc.,NASDAQ,stock,5403
BZDLF,Kincora Copper Ltd,,stock,5404
ESAUF,ESGold Corp.,,stock,5405
NFE,New Fortress Energy Inc.,NASDAQ,stock,5406
NNVC,"NanoViricides, Inc.",NYSE American,stock,5407
VGES,Vanguard Green Investment Ltd,,stock,5408
CREX,"Creative Realities, Inc.",NASDAQ,stock,5409
BOSC,B.O.S. Better Online Solutions,NASDAQ,stock,5410
JFU,9F Inc.,,stock,5411
RAVE,"Rave Restaurant Group, Inc.",NASDAQ,stock,5412
CNF,CNFinance Holdings Ltd.,,stock,5413
INVU,"Investview, Inc.",,stock,5414
UG,"United-Guardian, Inc.",NASDAQ,stock,5415
CGDCF,Carlin Gold Corp,,stock,5416
VIDA,VIDA Global Inc.,NYSE American,stock,5417
RYET,Ruanyun Edai Technology Inc.,NASDAQ,stock,5418
USGDF,American Pacific Mining Corp,,stock,5419
TAOX,Tao Synergies Inc.,NASDAQ,stock,5420
CCEL,"Cryo-Cell International, Inc.",NYSE American,stock,5421
NVGLF,NV Gold Corp,,stock,5422
LVLU,"Lulu's Fashion Lounge Holdings, Inc.",NASDAQ,stock,5423
PFAI,Pinnacle Food Group Limited,NASDAQ,stock,5424
NOMA,NOMADAR Corp.,NASDAQ,stock,5425
ARBK,Argo Blockchain Plc,,stock,5426
DYNR,"Dynaresource, Inc.",,stock,5427
CYDVF,Century Lithium Corp.,,stock,5428
VRDR,"Verde Resources, Inc.",,stock,5429
LFLRF,LaFleur Minerals Inc..,,stock,5430
SRXH,SRX Global Inc.,NYSE American,stock,5431
SRGZ,Star Gold Corp.,,stock,5432
KLXE,"KLX Energy Services Holdings, Inc.",NASDAQ,stock,5433
LVO,"LiveOne, Inc.",NASDAQ,stock,5434
XTIA,"XTI Aerospace, Inc.",NASDAQ,stock,5435
MNY,MoneyHero Limited,NASDAQ,stock,5436
WKHS,"Workhorse Group, Inc.",NASDAQ,stock,5437
NSYS,Nortech Systems Incorporated,NASDAQ,stock,5438
RDAC,Rising Dragon Acquisition Corp.,NASDAQ,stock,5439
JSDA,Jones Soda Co.,,stock,5440
EAIQ,"Fast Casual Concepts, Inc.",,stock,5441
AEI,Alset Inc.,NASDAQ,stock,5442
HERZ,"Herzfeld Credit Income Fund, Inc.  - Closed End Fund",NASDAQ,stock,5443
FTFT,Future FinTech Group Inc.,NASDAQ,stock,5444
VTSI,"VirTra, Inc.",NASDAQ,stock,5445
MF,MindForge Inc.,NASDAQ,stock,5446
ESGH,ESG Inc.,,stock,5447
DAIO,Data I/O Corporation,NASDAQ,stock,5448
COHN,Cohen & Company Inc.,NYSE American,stock,5449
CVM,Cel-Sci Corporation,NYSE American,stock,5450
ECLP,"Eclipse Bancorp, Inc.",,stock,5451
SCLX,Scilex Holding Company,NASDAQ,stock,5452
YI,"111, Inc.",,stock,5453
QNCX,"Quince Therapeutics, Inc.",NASDAQ,stock,5454
SPND,Spindletop Oil & Gas Co,,stock,5455
EHLD,Euroholdings Ltd.,NASDAQ,stock,5456
PETS,"PetMed Express, Inc.",NASDAQ,stock,5457
LONA,"LeonaBio, Inc.",NASDAQ,stock,5458
ANPA,Rich Sparkle Holdings Limited,NASDAQ,stock,5459
CLPS,CLPS Incorporation,NASDAQ,stock,5460
ZEO,Zeo Energy Corporation,NASDAQ,stock,5461
VAI,Valor Energy Incorporated,NASDAQ,stock,5462
DRK,DarkHorse Technologies Inc.,NASDAQ,stock,5463
CNTM,"ConnectM Technology Solutions, Inc.",,stock,5464
NSPR,InspireMD Inc.,NASDAQ,stock,5465
MRMD,Marimed Inc.,,stock,5466
PETV,"PetVivo Holdings, Inc.",,stock,5467
ATYR,"aTyr Pharma, Inc.",NASDAQ,stock,5468
FIEE,"FiEE, Inc",NASDAQ,stock,5469
VIPRF,Silver Viper Minerals Corp.,,stock,5470
BGDE,"Big Digital Energy, Inc.",NASDAQ,stock,5471
VAUCF,Viva Gold Corp.,,stock,5472
VIP,Vulcan Infrastructure and Power Inc.,NASDAQ,stock,5473
AUSI,Aura Systems Inc,,stock,5474
CNTY,"Century Casinos, Inc.",NASDAQ,stock,5475
WXM,WF International Limited,NASDAQ,stock,5476
HAFG,"Holistic Asset Finance Group Co., Ltd.",,stock,5477
EVAX,Evaxion A/S,,stock,5478
LFT,"Lument Finance Trust, Inc.",NYSE,stock,5479
KDKGF,Klondike Gold Corp /Fi,,stock,5480
PRKA,"Parks America, Inc",,stock,5481
CCEYF,CanCambria Energy Corp.,,stock,5482
ZLME,Zhanling International Ltd,,stock,5483
FLD,"Fold Holdings, Inc.",NASDAQ,stock,5484
CNTX,Context Therapeutics Inc.,NASDAQ,stock,5485
INIS,Radnostix Inc,,stock,5486
RAND,Rand Capital Corporation - Closed End Fund,NASDAQ,stock,5487
CVV,CVD Equipment Corporation,NASDAQ,stock,5488
KPTI,Karyopharm Therapeutics Inc.,NASDAQ,stock,5489
IGC,"IGC Pharma, Inc.",NYSE American,stock,5490
BLGO,"Biolargo, Inc.",,stock,5491
ATCH,"AtlasClear Holdings, Inc.",NYSE American,stock,5492
WNRS,"Winners, Inc.",,stock,5493
BMNM,"Bimini Capital Management, Inc.",,stock,5494
QRHC,Quest Resource Holding Corporation,NASDAQ,stock,5495
HSPOF,Horizon Space Acquisition I Corp.,,stock,5496
FKWL,Franklin Wireless Corp.,NASDAQ,stock,5497
CPHI,"China Pharma Holdings, Inc.",NYSE American,stock,5498
BLNE,"Beeline Holdings, Inc.",NASDAQ,stock,5499
BRLS,Borealis Foods Inc.,NASDAQ,stock,5500
ATCMF,ATICO MINING Corp,,stock,5501
RAPH,Raphael Pharmaceutical Inc.,,stock,5502
JGLDF,Japan Gold Corp.,,stock,5503
GNS,Genius Group Limited,NYSE American,stock,5504
IEGCF,Independence Gold Corp.,,stock,5505
RNAZ,"TransCode Therapeutics, Inc.",NASDAQ,stock,5506
ITHUF,"iANTHUS CAPITAL HOLDINGS, INC.",,stock,5507
EONR,EON Resources Inc.,NYSE American,stock,5508
SNFI,Stark Novus Financial Inc.,,stock,5509
MCRP,Micropolis AI Robotics,NYSE American,stock,5510
BIRD,"Smartbird, Inc.",NASDAQ,stock,5511
SJ,Scienjoy Holding Corporation,NASDAQ,stock,5512
ABVC,"ABVC BioPharma, Inc.",NASDAQ,stock,5513
BLIV,BeLive Holdings,NASDAQ,stock,5514
EMCGF,Embrace Change Acquisition Corp.,,stock,5515
BYSI,"BeyondSpring, Inc.",NASDAQ,stock,5516
NTRP,"NextTrip, Inc.",NASDAQ,stock,5517
KYNB,"Kyntra Bio, Inc.",NASDAQ,stock,5518
CRWS,"Crown Crafts, Inc.",NASDAQ,stock,5519
JAGU,Jaguar Uranium Corp.,NYSE American,stock,5520
MDBH,"MDB Capital Holdings, LLC - Class A common",NASDAQ,stock,5521
PDC,Perpetuals.com Ltd,,stock,5522
OPTH,Optimi Health Corp.,NASDAQ,stock,5523
CLRCF,ClimateRock,,stock,5524
AAME,Atlantic American Corporation,NASDAQ,stock,5525
KNGRF,Kingsmen Resources Ltd.,,stock,5526
FOFA,"Family Office Of America, Inc.",,stock,5527
BBGI,"Beasley Broadcast Group, Inc.",NASDAQ,stock,5528
JAYGF,Blue Jay Gold Corp.,,stock,5529
ETST,"Earth Science Tech, Inc.",,stock,5530
AIFA,"All In FutureTech Alliance, Inc.",NASDAQ,stock,5531
AIFF,"Firefly Neuroscience, Inc.",NASDAQ,stock,5532
TTIPF,"Thiogenesis Therapeutics, Corp.",,stock,5533
CLIR,ClearSign Technologies Corporation,NASDAQ,stock,5534
JOB,GEE Group Inc.,NYSE American,stock,5535
STSBF,South Star Battery Metals Corp.,,stock,5536
BEEM,Beam Global,NASDAQ,stock,5537
STCB,"Starco Brands, Inc.",,stock,5538
PLRZ,Polyrizon Ltd.,NASDAQ,stock,5539
ASPC,A SPAC III Acquisition Corp.,NASDAQ,stock,5540
MRNO,Murano Global Investments PLC,NASDAQ,stock,5541
NSFDF,NXT Energy Solutions Inc.,,stock,5542
INIKF,PopReach Corp,,stock,5543
EURK,Eureka Acquisition Corp,NASDAQ,stock,5544
VIPZ,"VIP Play, Inc.",,stock,5545
JDZG,JIADE LIMITED,NASDAQ,stock,5546
AWRE,"Aware, Inc.",NASDAQ,stock,5547
DXLG,"Destination XL Group, Inc.",NASDAQ,stock,5548
ADTI,"Adapti, Inc.",,stock,5549
PAPL,Pineapple Financial Inc.,NYSE American,stock,5550
TNMG,TNL Mediagene,NASDAQ,stock,5551
IBATF,International Battery Metals Ltd.,,stock,5552
MDRR,"Medalist Diversified, Inc.",NASDAQ,stock,5553
PRHI,"Presurance Holdings, Inc.",NASDAQ,stock,5554
QNTM,Quantum Biopharma Ltd. - Class B Subordinate Voting Shares,NASDAQ,stock,5555
ZTG,Zenta Group Company Limited,NASDAQ,stock,5556
ARLSF,Argo Graphene Solutions Corp.,,stock,5557
APAAF,Appia Rare Earths & Uranium Corp.,,stock,5558
DUO,Fangdd Network Group Ltd.,NASDAQ,stock,5559
NXPL,NextPlat Corp,NASDAQ,stock,5560
WBQNL,Woodbridge Liquidation Trust,,stock,5561
EHSI,Elite Health Systems Inc.,,stock,5562
EMGDF,Eminent Gold Corp.,,stock,5563
BDMD,Baird Medical Investment Holdings Ltd,NASDAQ,stock,5564
ABCP,AmBase Corp,,stock,5565
LOCL,Local Bounti Corporation,NYSE,stock,5566
USEA,United Maritime Corporation,NASDAQ,stock,5567
TBTC,Table Trac Inc,,stock,5568
GDGIF,"Gemdale Gold, Inc",,stock,5569
INLX,"Intellinetics, Inc.",NYSE American,stock,5570
SNNF,"Seneca Bancorp, Inc.",,stock,5571
GOVB,"Gouverneur Bancorp, Inc./MD/",,stock,5572
PVCT,"Provectus Biopharmaceuticals, Inc.",,stock,5573
SKKY,"Skkynet Cloud Systems, Inc.",,stock,5574
AXG,Solowin Holdings,NASDAQ,stock,5575
SST,"System1, Inc.",NYSE,stock,5576
PRT,PermRock Royalty Trust,,stock,5577
CGDXF,Xali Gold Corp.,,stock,5578
CAHO,Caro Holdings Inc.,,stock,5579
AYTU,"Aytu BioPharma, Inc.",NASDAQ,stock,5580
KMRK,K-Tech Solutions Company Limited,NASDAQ,stock,5581
BONXF,Bonterra Resources Inc.,,stock,5582
TXMD,"TherapeuticsMD, Inc.",NASDAQ,stock,5583
ROMJF,Rubicon Organics Inc.,,stock,5584
GPGCF,Great Pacific Gold Corp.,,stock,5585
REFR,Research Frontiers Incorporated,NASDAQ,stock,5586
CRVW,CareView Communications Inc,,stock,5587
IPM,Intelligent Protection Management Corp.,NASDAQ,stock,5588
GDST,Chi Special Acquisition Corp.,,stock,5589
LIVE,Live Ventures Incorporated,NASDAQ,stock,5590
GRDX,GridAI Technologies Corp.,NASDAQ,stock,5591
KTCC,Key Tronic Corporation,NASDAQ,stock,5592
WMLLF,Wealth Minerals Ltd.,,stock,5593
EHTH,"eHealth, Inc.",NASDAQ,stock,5594
CRMZ,Creditriskmonitor Com Inc,,stock,5595
UPC,Universe Pharmaceuticals Inc,NASDAQ,stock,5596
NXTC,"NextCure, Inc.",NASDAQ,stock,5597
SPRS,Surge Components Inc,,stock,5598
CPIVF,Captiva Verde Wellness Corp.,,stock,5599
HKIT,Hitek Global Inc.,NASDAQ,stock,5600
GPUS,"Hyperscale Data, Inc.",NYSE American,stock,5601
STLNF,Stallion Uranium Corp.,,stock,5602
RDGMF,Ridgeline Minerals Corp,,stock,5603
RADX,Radiopharm Theranostics Ltd,,stock,5604
GTEC,Greenland Technologies Holding Corporation,NASDAQ,stock,5605
FEDU,Four Seasons Education (Cayman) Inc.,,stock,5606
JVA,"Coffee Holding Co., Inc.",NASDAQ,stock,5607
RDGL,Vivos Inc,,stock,5608
ORIO,Orion Digital Corp.,NASDAQ,stock,5609
CLOQ,"Cyberloq Technologies, Inc.",,stock,5610
FTRKF,Fast Track Group,,stock,5611
UTSI,UTStarcom Holdings Corp,NASDAQ,stock,5612
BENF,Beneficient,NASDAQ,stock,5613
TCRX,"TScan Therapeutics, Inc.",NASDAQ,stock,5614
LRRIF,Lion Rock Resources Inc.,,stock,5615
SFRX,Seafarer Exploration Corp,,stock,5616
MCUJF,Medicure Inc,,stock,5617
GRAN,Grande Group Limited,NASDAQ,stock,5618
SKYQ,Sky Quarry Inc.,NASDAQ,stock,5619
BIOX,Bioceres Crop Solutions Corp.,NASDAQ,stock,5620
JSPR,"Jasper Therapeutics, Inc.",NASDAQ,stock,5621
COCP,"Cocrystal Pharma, Inc.",NASDAQ,stock,5622
ELEV,Elevation Acquisition Group Inc.,,stock,5623
PSHG,Performance Shipping Inc.,NASDAQ,stock,5624
MERC,Mercer International Inc.,NASDAQ,stock,5625
WSTRF,Western Uranium & Vanadium Corp.,,stock,5626
CKX,"CKX Lands, Inc.",NYSE American,stock,5627
ITHR,"Intelithrive, Inc.",,stock,5628
VNTG,Vantage Corp,NYSE American,stock,5629
AIXC,FF EAI Robotics Ecosystem Inc.,,stock,5630
CFOO,China Foods Holdings Ltd.,,stock,5631
GIFT,"Giftify, Inc.",NASDAQ,stock,5632
VCGMF,Visionary Copper & Gold Mines Inc.,,stock,5633
PAYD,Paid Inc,,stock,5634
RECT,Rectitude Holdings Ltd,NASDAQ,stock,5635
SNAL,"Snail, Inc.",NASDAQ,stock,5636
AKTX,Akari Therapeutics Plc,,stock,5637
TLF,"Tandy Leather Factory, Inc.",NASDAQ,stock,5638
SOAR,"Volato Group, Inc.",NYSE American,stock,5639
BGAVF,Bravada Gold Corp,,stock,5640
WFF,WF Holding Limited,NASDAQ,stock,5641
LOOP,"Loop Industries, Inc.",NASDAQ,stock,5642
STAK,STAK Inc.,NASDAQ,stock,5643
BNGO,"Bionano Genomics, Inc.",NASDAQ,stock,5644
MSGM,Motorsport Games Inc.,NASDAQ,stock,5645
RVP,"Retractable Technologies, Inc.",NYSE American,stock,5646
WHLT,Chase Packaging Corp,,stock,5647
AZIO,"Azio AI Holdings, Inc.",NASDAQ,stock,5648
ATOS,"Atossa Therapeutics, Inc.",NASDAQ,stock,5649
AAUAF,Almaden Minerals Ltd,,stock,5650
MNDO,MIND C.T.I. Ltd.,NASDAQ,stock,5651
LIQT,"LiqTech International, Inc.",NASDAQ,stock,5652
GNOLF,Genoil Inc,,stock,5653
HSCS,HeartSciences Inc.,NASDAQ,stock,5654
MWYN,"Marwynn Holdings, Inc.",NASDAQ,stock,5655
CCG,Cheche Group Inc.,NASDAQ,stock,5656
SPPL,SIMPPLE LTD.,NASDAQ,stock,5657
TRSG,Tungray Technologies Inc,NASDAQ,stock,5658
ESLA,"Estrella Immunopharma, Inc.",NASDAQ,stock,5659
TGHL,The GrowHub Limited,NASDAQ,stock,5660
ALGRF,Kenadyr Metals Corp,,stock,5661
CHOW,ChowChow Cloud International Holdings Limited,NYSE American,stock,5662
AAQL,Antiaging Quantum Living Inc.,,stock,5663
RSGLF,Rocky Shore Gold Ltd.,,stock,5664
EXHI,Exlites Holdings International Inc,,stock,5665
PMEC,Primech Holdings Ltd.,NASDAQ,stock,5666
CTRM,Castor Maritime Inc.,NASDAQ,stock,5667
CFND,C1 Fund Inc.,NYSE,stock,5668
GNVR,Genvor Inc,,stock,5669
BCG,"Binah Capital Group, Inc.",NASDAQ,stock,5670
LFWD,Lifeward Ltd.,NASDAQ,stock,5671
BMR,Beamr Imaging Ltd.,NASDAQ,stock,5672
NYC,American Strategic Investment Co.,NYSE,stock,5673
NEUP,Neuphoria Therapeutics Inc.,NASDAQ,stock,5674
MAPPF,Prostar Holdings Inc. /Bc,,stock,5675
NNUP,Nocopi Technologies Inc/Md/,,stock,5676
MPU,Mega Matrix Inc.,NYSE American,stock,5677
ILAL,International Land Alliance Inc.,,stock,5678
HTCO,High-Trend International Group,NASDAQ,stock,5679
QZMRF,Quartz Mountain Resources Ltd,,stock,5680
MTWO,"M2i Global, Inc.",,stock,5681
KSCP,"Knightscope, Inc.",NASDAQ,stock,5682
ESYN,EnerSyn Global Inc.,NASDAQ,stock,5683
TRCK,"Track Group, Inc.",,stock,5684
QNME,"Quanome Technologies, Inc.",NASDAQ,stock,5685
AVAI,"Avai Bio, Inc.",,stock,5686
BTCT,BTC Digital Ltd.,NASDAQ,stock,5687
TRGXF,Terra Rossa Gold Ltd.,,stock,5688
LEDS,SemiLEDS Corporation,NASDAQ,stock,5689
VRHI,"Veri MedTech Holdings, Inc.",,stock,5690
UONE,"Urban One, Inc.",NASDAQ,stock,5691
DYAI,"Dyadic International, Inc.",NASDAQ,stock,5692
PSQH,"PSQ Holdings, Inc.",NYSE,stock,5693
SHPH,"Shuttle Pharmaceuticals Holdings, Inc.",NASDAQ,stock,5694
CHKR,Chesapeake Granite Wash Trust,,stock,5695
YAAS,Youxin Technology Ltd,NASDAQ,stock,5696
IRVRF,Irving Resources Inc.,,stock,5697
GRNL,Greenlite Ventures Inc,,stock,5698
COGDF,Compass Gold Corp,,stock,5699
IDAI,T Stamp Inc.,NASDAQ,stock,5700
AIJTY,Jianpu Technology Inc.,,stock,5701
VUECF,Verdera Energy Corp.,,stock,5702
STQN,Strategic Acquisitions Inc /Nv/,,stock,5703
GTHP,Guided Therapeutics Inc,,stock,5704
MRKR,"Marker Therapeutics, Inc.",NASDAQ,stock,5705
DUKR,DUKE Robotics Corp.,NASDAQ,stock,5706
SKK,SKK Holdings Limited,NASDAQ,stock,5707
RKTO,Rocket One Inc.,NASDAQ,stock,5708
CDLX,"Cardlytics, Inc.",NASDAQ,stock,5709
TRXA,T-REX Acquisition Corp.,,stock,5710
MFDB,"MFB Bancorp, Inc.",,stock,5711
SSGC,SafeSpace Global Corp,,stock,5712
ACCS,ACCESS Newswire Inc.,NYSE American,stock,5713
PLCKF,Plurilock Security Inc.,,stock,5714
RAFX,Rafex Gold Corp.,,stock,5715
FOXX,Foxx Development Holdings Inc.,NASDAQ,stock,5716
SGRP,"SPAR Group, Inc.",,stock,5717
PRZO,ParaZero Technologies Ltd.,NASDAQ,stock,5718
GRLMF,GreenLight Metals Inc.,,stock,5719
TWOSF,T2 Metals Corp.,,stock,5720
NPRFF,Nepra Foods Inc.,,stock,5721
MAUUF,AERO ENERGY Ltd,,stock,5722
CCHH,CCH Holdings Ltd,NASDAQ,stock,5723
PPURF,Ucore Rare Metals Inc.,,stock,5724
INTZ,Intrusion Inc.,NASDAQ,stock,5725
FEMY,Femasys Inc.,NASDAQ,stock,5726
STLY,"HG Holdings, Inc.",,stock,5727
LPCN,Lipocine Inc.,NASDAQ,stock,5728
TVRD,"Tvardi Therapeutics, Inc.",NASDAQ,stock,5729
NALG,North America Lithium & Gold Corp,,stock,5730
EXYN,"Exyn Technologies, Inc.",NASDAQ,stock,5731
INTI,"Inhibitor Therapeutics, Inc.",,stock,5732
CLRB,"Cellectar Biosciences, Inc.",NASDAQ,stock,5733
ASFH,Asiafin Holdings Corp.,,stock,5734
DQWS,DSwiss Inc,,stock,5735
BHSIF,Bayhorse Silver Inc.,,stock,5736
EFOI,"Energy Focus, Inc.",NASDAQ,stock,5737
LTAFF,Lithium Africa Corp.,,stock,5738
HLRTF,Hillcrest Energy Technologies Ltd.,,stock,5739
DSY,Big Tree Cloud Holdings Limited,NASDAQ,stock,5740
JL,J-Long Group Limited,NASDAQ,stock,5741
ACTU,"Actuate Therapeutics, Inc.",NASDAQ,stock,5742
EDTK,Skillful Craftsman Education Technology Limited,NASDAQ,stock,5743
LHAI,Linkhome Holdings Inc.,NASDAQ,stock,5744
PRKR,Parkervision Inc,,stock,5745
EMBYF,Nexera Energy Inc.,,stock,5746
CMGHF,Chaoda Modern Agriculture Holdings Ltd /Fi,,stock,5747
FOFO,"Hang Feng Technology Innovation Co., Ltd.",NASDAQ,stock,5748
FENG,Phoenix New Media Ltd,,stock,5749
GRAPF,First Canadian Graphite Inc.,,stock,5750
MDWK,"MDWerks, Inc.",,stock,5751
EPSM,Epsium Enterprise Limited,NASDAQ,stock,5752
LICN,Lichen International Limited,NASDAQ,stock,5753
LGPS,LogProstyle Inc.,NYSE American,stock,5754
TLIH,Ten-League International Holdings Limited,NASDAQ,stock,5755
FTHM,Fathom Holdings Inc.,NASDAQ,stock,5756
GRNQ,Greenpro Capital Corp.,NASDAQ,stock,5757
PRNCF,Prince Silver Corp.,,stock,5758
LPSIF,Legend Power Systems Inc.,,stock,5759
PTN,"Palatin Technologies, Inc.",NASDAQ,stock,5760
JF,J & Friends Holdings Ltd,,stock,5761
KTTA,Pasithea Therapeutics Corp.,NASDAQ,stock,5762
AHT,Ashford Hospitality Trust Inc,NYSE,stock,5763
GEBRF,Greenbriar Sustainable Living Inc.,,stock,5764
ARTW,"Art's-Way Manufacturing Co., Inc.",NASDAQ,stock,5765
AIEV,"Thunder Power Holdings, Inc.",,stock,5766
YXT,YXT.COM GROUP HOLDING LIMITED - American Depository Shares,NASDAQ,stock,5767
BFRI,Biofrontera Inc.,NASDAQ,stock,5768
ICU,SeaStar Medical Holding Corporation,NASDAQ,stock,5769
BESS,Bimergen Energy Corporation,NYSE American,stock,5770
NCEL,NewcelX Ltd.,NASDAQ,stock,5771
ONEG,OneConstruction Group Limited,NASDAQ,stock,5772
HLEO,Helio Corp /FL/,,stock,5773
ARKR,Ark Restaurants Corp.,NASDAQ,stock,5774
TARSF,Silver North Resources Ltd.,,stock,5775
LSTA,"Lisata Therapeutics, Inc.",NASDAQ,stock,5776
SCAG,Scage Future,,stock,5777
FABC,"Fabric.AI, Inc.",NASDAQ,stock,5778
MODD,"Modular Medical, Inc.",NASDAQ,stock,5779
UPYY,Upay,,stock,5780
MGIH,Millennium Group International Holdings Limited,NASDAQ,stock,5781
ATCX,Atlas Critical Minerals Corporation,NASDAQ,stock,5782
OPAD,Offerpad Solutions Inc.,NASDAQ,stock,5783
DOGZ,Dogness (International) Corporation,NASDAQ,stock,5784
YTFD,"Yale Transaction Finders, Inc.",,stock,5785
DARE,"Dare Bioscience, Inc.",NASDAQ,stock,5786
CJMB,Callan JMB Inc.,NASDAQ,stock,5787
HYEX,Healthy Extracts Inc.,,stock,5788
GSIW,Garden Stage Limited,NASDAQ,stock,5789
GLOH,"Glow Holdings, Inc.",,stock,5790
TMDE,TMD Energy Limited,NYSE American,stock,5791
ALLR,"Allarity Therapeutics, Inc.",NASDAQ,stock,5792
BCDA,"BioCardia, Inc.",NASDAQ,stock,5793
NEON,Neonode Inc.,NASDAQ,stock,5794
GTIM,Good Times Restaurants Inc.,NASDAQ,stock,5795
BNKK,"Bonk, Inc.",NASDAQ,stock,5796
FUSE,Fusemachines Inc.,NASDAQ,stock,5797
ATTT,Atlas Trinity Tech Limited,NASDAQ,stock,5798
LDDD,Longduoduo Co Ltd,,stock,5799
MOGU,MOGU Inc.,,stock,5800
IHT,InnSuites Hospitality Trust Shares of Beneficial Interest,NYSE American,stock,5801
PASW,"Ping An Biomedical Co., Ltd.",NASDAQ,stock,5802
CTXR,"Citius Pharmaceuticals, Inc.",NASDAQ,stock,5803
GIGM,GigaMedia Limited,NASDAQ,stock,5804
UFG,Uni-Fuels Holdings Limited,NASDAQ,stock,5805
SDOT,Sadot Group Inc.,NASDAQ,stock,5806
LRE,"Lead Real Estate Co., Ltd",,stock,5807
SUNE,"SUNation Energy, Inc.",NASDAQ,stock,5808
LGVT,"Longevity Diversified Holdings, Inc.",,stock,5809
VRRCF,VR Resources Ltd.,,stock,5810
MOBX,"Mobix Labs, Inc.",NASDAQ,stock,5811
NGTF,"NightFood Holdings, Inc.",,stock,5812
HTOO,Fusion Fuel Green PLC,NASDAQ,stock,5813
SMSI,"Smith Micro Software, Inc.",NASDAQ,stock,5814
RLBY,Reliability Inc,,stock,5815
HODO,House of Doge Inc.,NASDAQ,stock,5816
PASG,"Passage Bio, Inc.",NASDAQ,stock,5817
ASTC,Astrotech Corporation,NASDAQ,stock,5818
RYOOF,Rio Silver Inc.,,stock,5819
CNTMF,Fluent Corp.,,stock,5820
NZERF,New Zealand Energy Corp.,,stock,5821
FGI,FGI Industries Ltd.,NASDAQ,stock,5822
CRTD,"Creatd, Inc.",,stock,5823
CCM,Concord Medical Services Holdings Ltd,,stock,5824
AWCA,"Awaysis Capital, Inc.",,stock,5825
MTEX,"Mannatech, Incorporated",NASDAQ,stock,5826
MYND,"Mynd.ai, Inc.",,stock,5827
FNFI,First Niles Financial Inc,,stock,5828
HIND,"Vyome Holdings, Inc.",NASDAQ,stock,5829
SFCX,SUPA Consolidated Inc.,,stock,5830
DGCOF,Daura Capital Corp.,,stock,5831
NXXT,"NextNRG, Inc.",NASDAQ,stock,5832
CUPR,Cuprina Holdings (Cayman) Limited,NASDAQ,stock,5833
CNSY,"Cerenome, Inc.",NASDAQ,stock,5834
YQAI,"Youneeqai Technical Services, Inc.",,stock,5835
NRIS,"Norris Industries, Inc.",,stock,5836
LTRN,Lantern Pharma Inc.,NASDAQ,stock,5837
EQS,"Equus Total Return, Inc.",NYSE,stock,5838
SYBX,"Synlogic, Inc.",,stock,5839
PCSV,"PCS Edventures!, Inc.",,stock,5840
PBK,PowerBank Corporation,NASDAQ,stock,5841
TULP,"Bloomia Holdings, Inc.",NASDAQ,stock,5842
ZDAI,"DirectBooking Technology Co., Ltd.",NASDAQ,stock,5843
MOBQ,"Mobiquity Technologies, Inc.",,stock,5844
RCT,RedCloud Holdings plc,NASDAQ,stock,5845
COOT,Australian Oilseeds Holdings Limited,NASDAQ,stock,5846
DLPN,"Dolphin Entertainment, Inc.",NASDAQ,stock,5847
TURB,"Turbo Energy, S.A.",,stock,5848
KARX,Karbon-X Corp.,,stock,5849
BLTH,"American Battery Materials, Inc.",,stock,5850
SAGT,SAGTEC GLOBAL LIMITED,NASDAQ,stock,5851
TPST,"Tempest Therapeutics, Inc.",NASDAQ,stock,5852
SINT,"SiNtx Technologies, Inc.",NASDAQ,stock,5853
WETH,Wetouch Technology Inc.,NASDAQ,stock,5854
BRFH,Barfresh Food Group Inc.,NASDAQ,stock,5855
QMCI,Quotemedia Inc,,stock,5856
BRN,"Barnwell Industries, Inc.",NYSE American,stock,5857
SNTL,Sentinel Holdings Ltd.,,stock,5858
GARWF,Golden Arrow Resources Corp,,stock,5859
WIMI,WiMi Hologram Cloud Inc.,NASDAQ,stock,5860
PLSM,Pulsenmore Ltd.,NASDAQ,stock,5861
PETZ,"TDH Holdings, Inc.",NASDAQ,stock,5862
KLGDF,Kalo Gold Corp.,,stock,5863
EBON,Ebang International Holdings Inc.,NASDAQ,stock,5864
AUST,Austin Gold Corp.,NYSE American,stock,5865
HUIZ,Huize Holding Ltd,,stock,5866
NUR,Nuran Wireless Inc.,NASDAQ,stock,5867
BKUCF,Blue Sky Uranium Corp.,,stock,5868
ADIA,"Adia Nutrition, Inc.",,stock,5869
MIMI,Mint Incorporation Limited,NASDAQ,stock,5870
RGNT,Regentis Biomaterials Ltd.,NYSE American,stock,5871
KDOZF,Kidoz Inc.,,stock,5872
VTGN,"Vistagen Therapeutics, Inc.",NASDAQ,stock,5873
ALAR,Alarum Technologies Ltd.,,stock,5874
CTSO,Cytosorbents Corporation,NASDAQ,stock,5875
XCH,XCHG Limited - ADS,NASDAQ,stock,5876
DFLI,Dragonfly Energy Holdings Corp,NASDAQ,stock,5877
BIVI,BioVie Inc.,NASDAQ,stock,5878
RYES,Rise Gold Corp.,,stock,5879
AEON,"AEON Biopharma, Inc.",NYSE American,stock,5880
RPGL,Republic Power Group Limited,NASDAQ,stock,5881
GEDC,"TerraVolt Holdings, Inc.",,stock,5882
CABR,"Caring Brands, Inc.",NASDAQ,stock,5883
OHCFF,Light AI Inc.,,stock,5884
FXBY,Foxby Corp.,,stock,5885
REBN,"Reborn Coffee, Inc.",NASDAQ,stock,5886
PFHO,Pacific Health Care Organization Inc,,stock,5887
CLEV,Concrete Leveling Systems Inc,,stock,5888
AIRI,Air Industries Group,NYSE American,stock,5889
NEWH,"NewHydrogen, Inc.",,stock,5890
IAALF,IBC Advanced Alloys Corp.,,stock,5891
INAB,"IN8bio, Inc.",NASDAQ,stock,5892
PEXZF,Pacific Ridge Exploration Ltd,,stock,5893
LMED,LataMed AI Corp.,,stock,5894
PBSV,"Pharma-Bio Serv, Inc.",,stock,5895
TRUFF,Red Light Holland Corp.,,stock,5896
CLRO,"ClearOne, Inc.",NASDAQ,stock,5897
NROM,Noble Romans Inc,,stock,5898
FRTT,Fort Technology Inc.,NASDAQ,stock,5899
OPTT,"Ocean Power Technologies, Inc.",NYSE American,stock,5900
SLGB,Smart Logistics Global Limited,NASDAQ,stock,5901
ICMB,"Investcorp Credit Management BDC, Inc.",NASDAQ,stock,5902
ADIL,"Adial Pharmaceuticals, Inc",NASDAQ,stock,5903
GTBP,"GT Biopharma, Inc.",NASDAQ,stock,5904
GMVMF,GMV Minerals Inc.,,stock,5905
BTLN,"Brightline Interactive, Inc.",NASDAQ,stock,5906
ALTUF,Altura Energy Corp.,,stock,5907
PLUR,Pluri Inc.,NASDAQ,stock,5908
UCL,uCloudlink Group Inc.,,stock,5909
CVAT,"Cavitation Technologies, Inc.",,stock,5910
DETX,"Liberty Defense Holdings, Ltd.",NASDAQ,stock,5911
CHEV,Charging Robotics Inc.,,stock,5912
PHIO,Phio Pharmaceuticals Corp.,NASDAQ,stock,5913
CEXYF,Giant Mining Corp.,,stock,5914
MEDS,"DataMeds AI, Inc.",NASDAQ,stock,5915
OXBR,Oxbridge Re Holdings Limited,NASDAQ,stock,5916
BLRX,BioLineRx Ltd.,,stock,5917
ALRTF,ALR Technologies SG Ltd.,,stock,5918
GIXI,Gix Internet Ltd.,NASDAQ,stock,5919
FRECF,Frequency Exchange Corp.,,stock,5920
CETY,"Clean Energy Technologies, Inc.",NASDAQ,stock,5921
ASBP,"Aspire-Lakewood Holdings, Inc.",NASDAQ,stock,5922
CMMB,Chemomab Therapeutics Ltd.,,stock,5923
HPAI,Helport AI Limited,NASDAQ,stock,5924
BFRG,"Bullfrog AI Holdings, Inc.",NASDAQ,stock,5925
CSRVF,Scotia Metals Corp.,,stock,5926
DDC,DDC Enterprise Limited,NYSE American,stock,5927
SYRA,Syra Health Corp,,stock,5928
GFTFF,Grafton Resources Inc.,,stock,5929
LCTC,"Lifeloc Technologies, Inc",,stock,5930
FMST,Foremost Clean Energy Ltd.,NASDAQ,stock,5931
VNOV,VitaNova Life Sciences Corp,,stock,5932
KPRX,"Kiora Pharmaceuticals, Inc.",NASDAQ,stock,5933
ZEOX,"Zeo ScientifiX, Inc.",,stock,5934
YFOR,YYForce Inc.,NASDAQ,stock,5935
ATER,"Aterian, Inc.",NASDAQ,stock,5936
CALC,"CalciMedica, Inc.",NASDAQ,stock,5937
SEED,Origin Agritech Limited,NASDAQ,stock,5938
MDCX,Medicus Pharma Ltd.,NASDAQ,stock,5939
CCOOF,Core Silver Corp.,,stock,5940
BITTF,Bitterroot Resources Ltd,,stock,5941
CYN,Cyngn Inc.,NASDAQ,stock,5942
IRIX,IRIDEX Corporation,NASDAQ,stock,5943
EDUC,Educational Development Corporation,NASDAQ,stock,5944
ARAI,Arrive AI Inc.,NASDAQ,stock,5945
RSMXF,Regency Silver Corp.,,stock,5946
NTZ,Natuzzi S P A,,stock,5947
BTBD,"BT Brands, Inc.",NASDAQ,stock,5948
CENN,Cenntro Inc.,NASDAQ,stock,5949
BBBMF,Lux Metals Corp.,,stock,5950
OTLC,"Oncotelic Therapeutics, Inc.",,stock,5951
ENDMF,Enduro Metals Corp.,,stock,5952
INTS,"Intensity Therapeutics, Inc.",NASDAQ,stock,5953
BTOC,Armlogi Holding Corp.,NASDAQ,stock,5954
TOMZ,"TOMI Environmental Solutions, Inc.",NASDAQ,stock,5955
ICGSF,ICG Silver & Gold Ltd.,,stock,5956
MTVA,MetaVia Inc.,NASDAQ,stock,5957
NVNI,Nvni Group Limited,NASDAQ,stock,5958
NGLD,Nevada Canyon Gold Corp.,,stock,5959
MBRX,"Moleculin Biotech, Inc.",NASDAQ,stock,5960
SCNX,"Scienture Holdings, Inc.",NASDAQ,stock,5961
VRME,"VerifyMe, Inc.",,stock,5962
NMTC,NeuroOne Medical Technologies Corporation,NASDAQ,stock,5963
AWHL,Aspira Women's Health Inc.,,stock,5964
ADVB,Advanced Biomed Inc.,NASDAQ,stock,5965
IQST,iQSTEL Inc.,NASDAQ,stock,5966
ELECF,Electric Royalties Ltd.,,stock,5967
SMXT,Solarmax Technology Inc.,NASDAQ,stock,5968
MTTAF,Meta Critical Minerals Inc.,,stock,5969
VWAV,"VisionWave Holdings, Inc.",NASDAQ,stock,5970
BMRA,"Biomerica, Inc.",NASDAQ,stock,5971
MMA,Mixed Martial Arts Group Limited,NYSE American,stock,5972
PMI,"Picard Medical, Inc.",NYSE American,stock,5973
NYMXF,Nymox Pharmaceutical Corp,,stock,5974
FNGR,"FingerMotion, Inc.",NASDAQ,stock,5975
LILIF,Argentina Lithium & Energy Corp.,,stock,5976
RDUFF,Radius Gold Inc.,,stock,5977
BCLI,Brainstorm Cell Therapeutics Inc.,,stock,5978
GYRO,"Gyrodyne , LLC",NASDAQ,stock,5979
HUDI,"Huadi International Group Co., Ltd.",NASDAQ,stock,5980
EWSB,"EWSB Bancorp, Inc. /MD/",,stock,5981
PRPL,"Purple Innovation, Inc.",NASDAQ,stock,5982
QH,Quhuo Limited,NASDAQ,stock,5983
GFAI,"Guardforce AI Co., Limited",NASDAQ,stock,5984
JCTC,Jewett-Cameron Trading Company,NASDAQ,stock,5985
CLWT,Euro Tech Holdings Company Limited,NASDAQ,stock,5986
BLIN,"Bridgeline Digital, Inc.",NASDAQ,stock,5987
GLE,Global Engine Group Holding Limited,NASDAQ,stock,5988
QNRX,Quoin Pharmaceuticals Ltd.,,stock,5989
COPAF,Copaur Minerals Inc.,,stock,5990
MSAI,"MultiSensor AI Holdings, Inc.",NASDAQ,stock,5991
PLAG,Planet Green Holdings Corp.,NYSE American,stock,5992
BIOT,Instinct Bio Technical Company Holdings Inc.,NASDAQ,stock,5993
OST,"Ostin Technology Group Co., Ltd.",NASDAQ,stock,5994
GYGY,"Game Your Game, Inc.",NASDAQ,stock,5995
LZMH,LZ Technology Holdings Limited,NASDAQ,stock,5996
BNET,Bion Environmental Technologies Inc,,stock,5997
VPLM,Voip-pal.com Inc,,stock,5998
MMCP,"Mag Mile Capital, Inc.",,stock,5999
JBDI,JBDI Holdings Limited,NASDAQ,stock,6000
AWX,Avalon Holdings Corporation,NYSE American,stock,6001
AEHL,Antelope Enterprise Holdings Limited,NASDAQ,stock,6002
NCPL,Netcapital Inc.,NASDAQ,stock,6003
NAII,"Natural Alternatives International, Inc.",NASDAQ,stock,6004
THURF,Thunderstruck Resources Ltd.,,stock,6005
SUND,"Sundance Strategies, Inc.",,stock,6006
KALA,"KALA BIO, Inc.",NASDAQ,stock,6007
HCTI,"Healthcare Triangle, Inc.",NASDAQ,stock,6008
TOVX,"Theriva Biologics, Inc.",NYSE American,stock,6009
IOTR,iOThree Limited,NASDAQ,stock,6010
BANL,CBL International Limited,NASDAQ,stock,6011
FLUX,"Flux Power Holdings, Inc.",NASDAQ,stock,6012
AIMD,"Ainos, Inc.",NASDAQ,stock,6013
UEEC,"United Health Products, Inc.",,stock,6014
AETN,"Aeternum Health, Inc.",,stock,6015
CVR,Chicago Rivet & Machine Co.,NYSE American,stock,6016
APCX,AppTech Payments Corp.,,stock,6017
CLIK,Click Holdings Limited,NASDAQ,stock,6018
WLFFF,Wolfden Resources Corp,,stock,6019
INEO,INNEOVA Holdings Limited,NASDAQ,stock,6020
ROYL,"Royale Energy, Inc.",,stock,6021
MILIF,Military Metals Corp.,,stock,6022
AMS,American Shared Hospital Services,NYSE American,stock,6023
KPEA,Kun Peng International Ltd.,,stock,6024
FBLG,"FibroBiologics, Inc.",NASDAQ,stock,6025
KNRX,KNOREX LTD.,NYSE American,stock,6026
GDTC,CytoMed Therapeutics Limited,NASDAQ,stock,6027
APRE,"Aprea Therapeutics, Inc.",NASDAQ,stock,6028
MGRX,"Mangoceuticals, Inc.",NASDAQ,stock,6029
TANH,Tantech Holdings Ltd.,NASDAQ,stock,6030
NAMI,Jinxin Technology Holding Co,,stock,6031
SKTG,Skytech Orion Global Corp.,,stock,6032
TRGEF,Targa Exploration Corp.,,stock,6033
BRRN,Bryn Inc.,,stock,6034
SNTI,"Senti Biosciences Holdings, Inc.",NASDAQ,stock,6035
IMRN,Immuron Ltd,,stock,6036
NSURF,North Shore Uranium Ltd.,,stock,6037
UPLD,"Upland Software, Inc.",NASDAQ,stock,6038
MYSE,"Myseum.AI, Inc.",NASDAQ,stock,6039
SFHG,Samfine Creation Holdings Group Limited,NASDAQ,stock,6040
TRAW,"Traws Pharma, Inc.",NASDAQ,stock,6041
ZCRMF,Golden Cross Resources Inc.,,stock,6042
CISO,"CISO Global, Inc.",NASDAQ,stock,6043
AUGCF,AU Gold Corp.,,stock,6044
INUV,"Inuvo, Inc.",NYSE American,stock,6045
XERI,"Xeriant, Inc.",,stock,6046
SPFX,"Standard Premium Finance Holdings, Inc.",,stock,6047
GULTU,Gulf Coast Ultra Deep Royalty Trust,,stock,6048
IVFH,Innovative Food Holdings Inc,,stock,6049
NIXX,"Nixxy, Inc.",NASDAQ,stock,6050
RAIN,"Rain Enhancement Technologies Holdco, Inc.",NASDAQ,stock,6051
XCRT,"Xcelerate, Inc.",,stock,6052
NDRA,ENDRA Life Sciences Inc.,NASDAQ,stock,6053
TPET,Trio Petroleum Corp.,NYSE American,stock,6054
SNTW,Summit Networks Inc.,,stock,6055
HEPA,"Hepion Pharmaceuticals, Inc.",,stock,6056
BURU,"Nuburu, Inc.",NYSE American,stock,6057
SCND,Scientific Industries Inc,,stock,6058
OCLN,"Originclear, Inc.",,stock,6059
TBLLF,Tombill Mines Ltd,,stock,6060
MSGY,Masonglory Limited,NASDAQ,stock,6061
ALZN,"Alzamend Neuro, Inc.",NASDAQ,stock,6062
WVVI,"Willamette Valley Vineyards, Inc.",NASDAQ,stock,6063
IVDN,Innovative Designs Inc,,stock,6064
DTSS,Datasea Intelligent Technology Ltd.,NASDAQ,stock,6065
AQMS,"Aqua Metals, Inc.",NASDAQ,stock,6066
ECTM,ECA Marcellus Trust I,,stock,6067
DROR,"Dror Ortho-Design, Inc.",,stock,6068
EEIQ,EpicQuest Education Group International Limited,NASDAQ,stock,6069
BGL,Blue Gold Limited,NASDAQ,stock,6070
XHLD,"TEN Holdings, Inc.",NASDAQ,stock,6071
EDHL,Everbright Digital Holding Limited,NASDAQ,stock,6072
NRSN,NeuroSense Therapeutics Ltd.,NASDAQ,stock,6073
MTEK,Maris-Tech Ltd.,NASDAQ,stock,6074
CRMT,"America's Car-Mart, Inc.",NASDAQ,stock,6075
NHTC,Natural Health Trends Corp.,NASDAQ,stock,6076
LGVN,Longeveron Inc.,NASDAQ,stock,6077
MARPS,Marine Petroleum Trust,,stock,6078
PCMC,Public Co Management Corp,,stock,6079
NCL,Northann Corp.,,stock,6080
MGNC,Mag Magna Corp,,stock,6081
ENLV,Enlivex Ltd.,NASDAQ,stock,6082
WBSR,Webstar Technology Group Inc.,,stock,6083
LTHIF,InZinc Mining Ltd.,,stock,6084
RVSN,Rail Vision Ltd.,NASDAQ,stock,6085
MSN,Emerson Radio Corporation,NYSE American,stock,6086
JPOTF,Jackpot Digital Inc.,,stock,6087
EPOW,E-Power Inc.,NASDAQ,stock,6088
CMHSF,Comprehensive Healthcare Systems Inc. (Canada),,stock,6089
YJ,Yunji Inc. - American Depository Shares,NASDAQ,stock,6090
CRWE,"Crown Equity Holdings, Inc.",,stock,6091
IFBD,"Infobird Co., Ltd",NASDAQ,stock,6092
DCX,Digital Currency X Technology Inc.,NASDAQ,stock,6093
POM,POMDOCTOR Ltd,,stock,6094
GMM,Global Mofy AI Limited,NASDAQ,stock,6095
YNVYF,Ynvisible Interactive Inc.,,stock,6096
ARBB,ARB IOT Group Limited,NASDAQ,stock,6097
LRHC,La Rosa Holdings Corp.,NASDAQ,stock,6098
AIRE,reAlpha Tech Corp.,NASDAQ,stock,6099
VEEA,Veea Inc.,NASDAQ,stock,6100
ALDS,APPlife Digital Solutions Inc,,stock,6101
CNET,ZW Data Action Technologies Inc.,NASDAQ,stock,6102
ENSC,"Ensysce Biosciences, Inc.",NASDAQ,stock,6103
LNAI,Lunai Bioworks Inc.,NASDAQ,stock,6104
SMX,SMX (Security Matters) Public Limited Company,NASDAQ,stock,6105
LOBO,LOBO TECHNOLOGIES LTD.,NASDAQ,stock,6106
WOK,WORK Medical Technology Group LTD,NASDAQ,stock,6107
SEGG,Sports Entertainment Gaming Global Corporation,NASDAQ,stock,6108
TRBMF,Torq Resources Inc.,,stock,6109
SNGX,"Soligenix, Inc.",NASDAQ,stock,6110
CURX,Curanex Pharmaceuticals Inc,NASDAQ,stock,6111
LHSW,Lianhe Sowell International Group Ltd,NASDAQ,stock,6112
AZTR,Azitra Inc,NYSE American,stock,6113
ZCMD,Zhongchao Inc.,NASDAQ,stock,6114
FFAI,Faraday Future Intelligent Electric Inc.,NASDAQ,stock,6115
ALP,Alpha Compute Corp,NASDAQ,stock,6116
SURG,"SurgePays, Inc.",NASDAQ,stock,6117
GITS,"Global Interactive Technologies, Inc.",NASDAQ,stock,6118
BAOS,Baosheng Media Group Holdings Limited,NASDAQ,stock,6119
INHD,Inno Holdings Inc.,NASDAQ,stock,6120
PURE,"Pure Bioscience, Inc.",,stock,6121
DEVSF,DevvStream Corp.,,stock,6122
THH,TryHard Holdings Limited,NASDAQ,stock,6123
MTEN,Mingteng International Corporation Inc.,NASDAQ,stock,6124
OSRH,"OSR Health, Inc.",,stock,6125
VNRX,VolitionRX Limited,NYSE American,stock,6126
INM,InMed Pharmaceuticals Inc.,NASDAQ,stock,6127
VEEE,Twin Vee PowerCats Co.,NASDAQ,stock,6128
NXTT,Next Technology Holding Inc.,NASDAQ,stock,6129
LOTT,Techlott Inc.,,stock,6130
RMCF,"Rocky Mountain Chocolate Factory, Inc.",NASDAQ,stock,6131
DTST,Data Storage Corporation,NASDAQ,stock,6132
CEIN,"Viking Global Technologies, Inc.",,stock,6133
GXAI,Gaxos.ai Inc.,NASDAQ,stock,6134
XCUR,"Exicure, Inc.",NASDAQ,stock,6135
FFLO,"Free Flow USA, Inc.",,stock,6136
AMOD,"Alpha Modus Holdings, Inc.",NASDAQ,stock,6137
APUS,"Apimeds Pharmaceuticals US, Inc.",NYSE American,stock,6138
VYND,"Vynleads, Inc.",,stock,6139
HAMRF,Silver Hammer Mining Corp,,stock,6140
XWEL,"XWELL, Inc.",NASDAQ,stock,6141
WYGC,Wenyuan Group Corp.,,stock,6142
IMNN,"Imunon, Inc.",NASDAQ,stock,6143
JCSE,JE Cleantech Holdings Limited,NASDAQ,stock,6144
RITE,MINERALRITE Corp,,stock,6145
BCUFF,Bell Copper Corp,,stock,6146
CODX,"Co-Diagnostics, Inc.",NASDAQ,stock,6147
VPRB,"VPR Brands, LP.",,stock,6148
DLXY,Delixy Holdings Limited,NASDAQ,stock,6149
CHAI,"Core AI Holdings, Inc.",NASDAQ,stock,6150
LSEB,LSEB Creative Corp.,,stock,6151
OBAI,"Our Bond, Inc.",NASDAQ,stock,6152
MOJO,EQUATOR Beverage Co,,stock,6153
JYD,Jayud Global Logistics Limited,NASDAQ,stock,6154
GWH,"ESS Tech, Inc.",NYSE,stock,6155
URZEF,Urz3 Energy Corp.,,stock,6156
REED,"Reed's, Inc.",NYSE American,stock,6157
AMIX,"Autonomix Medical, Inc.",NASDAQ,stock,6158
ICCM,IceCure Medical Ltd.,NASDAQ,stock,6159
PRSO,Peraso Inc.,NASDAQ,stock,6160
CLGN,CollPlant Biotechnologies Ltd.,NASDAQ,stock,6161
INNPF,INNOCAN PHARMA Corp,,stock,6162
APMCF,Morien Resources Corp.,,stock,6163
SBDS,"Solo Brands, Inc.",,stock,6164
UCAR,U Power Limited,NASDAQ,stock,6165
AHNRF,Athena Gold Corp,,stock,6166
CNSP,"CNS Pharmaceuticals, Inc.",NASDAQ,stock,6167
CELZ,"Creative Medical Technology Holdings, Inc.",NASDAQ,stock,6168
TDIC,Dreamland Limited,NASDAQ,stock,6169
SPST,Superstar Platforms Inc.,,stock,6170
GLGI,"Greystone Logistics, Inc.",,stock,6171
SDCH,"SideChannel, Inc.",,stock,6172
KLYG,"Kelyniam Global, Inc.",,stock,6173
AUUD,Auddia Inc.,NASDAQ,stock,6174
TWG,Top Wealth Group Holding Limited,NASDAQ,stock,6175
ONEI,OneMeta Inc.,,stock,6176
UK,Ucommune International Ltd,NASDAQ,stock,6177
FEBO,Fenbo Holdings Limited,NASDAQ,stock,6178
ACON,"Aclarion, Inc.",NASDAQ,stock,6179
SKYE,"Skye Bioscience, Inc.",NASDAQ,stock,6180
QUTX,Quantum X Inc.,,stock,6181
BOLT,"Bolt Biotherapeutics, Inc.",NASDAQ,stock,6182
WKSP,"Worksport, Ltd.",NASDAQ,stock,6183
GCDT,Green Circle Decarbonize Technology Limited,NYSE American,stock,6184
DAIC,"CID HoldCo, Inc.",NASDAQ,stock,6185
DFNS,T3 Defense Inc.,NASDAQ,stock,6186
YHGJ,Yunhong Green CTI Ltd.,NASDAQ,stock,6187
SYNX,Silynxcom Ltd.,NYSE American,stock,6188
BRQL,DYNAMIC AEROSPACE SYSTEMS Corp,,stock,6189
CGTL,Creative Global Technology Holdings Limited,NASDAQ,stock,6190
SOS,SOS Limited,NYSE,stock,6191
AIM,AIM ImmunoTech Inc.,NYSE American,stock,6192
TKLF,"Tokyo Lifestyle Co., Ltd.",,stock,6193
ELOG,Eastern International Ltd.,NASDAQ,stock,6194
MFBI,"Monroe Federal Bancorp, Inc.",,stock,6195
MMTIF,Micromem Technologies Inc,,stock,6196
QWTR,"Quest Water Global, Inc.",,stock,6197
ENVB,"Enveric Biosciences, Inc.",NASDAQ,stock,6198
GWTI,"Greenway Technologies, Inc. & Subsidiaries",,stock,6199
DSNY,Destiny Media Technologies Inc,,stock,6200
AMLM,"American Lithium Minerals, Inc.",,stock,6201
AMST,Amesite Inc.,NASDAQ,stock,6202
CCTG,CCSC Technology International Holdings Limited,NASDAQ,stock,6203
EVGN,Evogene Ltd.,NASDAQ,stock,6204
ITOC,iTonic Holdings Ltd,NASDAQ,stock,6205
LEXX,Lexaria Bioscience Corp.,NASDAQ,stock,6206
QCLS,"Q/C Technologies, Inc.",NASDAQ,stock,6207
VS,Versus Systems Inc.,NASDAQ,stock,6208
AITTF,Trenchant Technologies Capital Corp.,,stock,6209
FCHDF,Fairchild Gold Corp.,,stock,6210
LTUM,Lithium Corp,,stock,6211
SONM,"DNA X, Inc.",NASDAQ,stock,6212
MMTRS,Mills Music Trust,,stock,6213
TRLEF,Dune Oil Corp.,,stock,6214
BTTC,Black Titan Corp,NASDAQ,stock,6215
PMNT,Perfect Moment Ltd.,,stock,6216
TRRFF,Trifecta Gold Ltd,,stock,6217
CWD,CaliberCos Inc.,NASDAQ,stock,6218
ADMQ,"Adm Endeavors, Inc.",,stock,6219
DXST,Decent Holding Inc.,NASDAQ,stock,6220
SKAS,"Saker Aviation Services, Inc.",,stock,6221
WAFU,Wah Fu Education Group Limited,NASDAQ,stock,6222
YMAT,"J-Star Holding Co., Ltd.",NASDAQ,stock,6223
IMIMF,Interra Copper Corp.,,stock,6224
RWAX,"Tap Real Estate Technologies, Inc.",,stock,6225
JWEL,Jowell Global Ltd.,NASDAQ,stock,6226
VSA,VisionSys AI Inc,,stock,6227
KIQSF,Kelso Technologies Inc,,stock,6228
RVPH,"Reviva Pharmaceuticals Holdings, Inc.",,stock,6229
CMCT,Creative Media,NASDAQ,stock,6230
BGMS,"Bio Green Med Solution, Inc.",NASDAQ,stock,6231
AUID,authID Inc.,NASDAQ,stock,6232
GRHI,"Gold Rock Holdings, Inc.",,stock,6233
TWAV,"TaoWeave, Inc.",NASDAQ,stock,6234
SPTY,"Specificity, Inc.",,stock,6235
BRWC,Birdie Win Corp,,stock,6236
GP,GreenPower Motor Company Inc.,NASDAQ,stock,6237
SNOA,"Sonoma Pharmaceuticals, Inc.",NASDAQ,stock,6238
NVNO,enVVeno Medical Corporation,NASDAQ,stock,6239
MHUAF,"Meihua International Medical Technologies Co., Ltd.",,stock,6240
GAUZ,Gauzy Ltd.,NASDAQ,stock,6241
BICX,BioCorRx Inc.,,stock,6242
HXHX,Haoxin Holdings Limited,NASDAQ,stock,6243
KRKR,36Kr Holdings Inc.,,stock,6244
FWFW,"Flywheel Advanced Technology, Inc.",,stock,6245
CXAI,CXApp Inc.,NASDAQ,stock,6246
BQ,Boqii Holding Limited,NYSE American,stock,6247
RENX,RenX Enterprises Corp.,NASDAQ,stock,6248
NAPD,"NAPC Defense, Inc.",,stock,6249
HCAI,"Huachen AI Parking Management Technology Holding Co., Ltd.",NASDAQ,stock,6250
GURE,"Gulf Resources, Inc.",NASDAQ,stock,6251
APHP,American Picture House Corp,,stock,6252
AWLIF,Ameriwest Critical Metals Inc.,,stock,6253
HLYK,HealthLynked Corp,,stock,6254
GLXG,Galaxy Payroll Group Limited,NASDAQ,stock,6255
PULM,"Pulmatrix, Inc.",NASDAQ,stock,6256
GELS,Gelteq Limited,NASDAQ,stock,6257
ILAG,Intelligent Living Application Group Inc.,NASDAQ,stock,6258
GDC,GD Culture Group Limited,NASDAQ,stock,6259
BABB,"Bab, Inc.",,stock,6260
NMEX,Northern Minerals & Exploration Ltd.,,stock,6261
CBLO,"C2 Blockchain, Inc.",,stock,6262
KAPA,"Kairos Pharma, Ltd.",NYSE American,stock,6263
MEGL,Magic Empire Global Limited,NASDAQ,stock,6264
GLNS,Golden Star Resource Corp.,,stock,6265
ORKT,Orangekloud Technology Inc.,NASDAQ,stock,6266
AMBO,Ambow Education Holding Ltd. American Depository Shares (each representing twenty (20),NYSE American,stock,6267
DRMA,"Dermata Therapeutics, Inc.",NASDAQ,stock,6268
ACXP,"Acurx Pharmaceuticals, Inc.",NASDAQ,stock,6269
ZDPY,"Zoned Properties, Inc.",,stock,6270
CDIO,Cardio Diagnostics Holdings Inc.,NASDAQ,stock,6271
DKI,DarkIris Inc.,NASDAQ,stock,6272
QURT,"Quarta-Rad, Inc.",,stock,6273
DXYN,Dixie Group Inc,,stock,6274
BGICF,Birks Group Inc.,,stock,6275
AIDX,"20/20 Biolabs, Inc.",NASDAQ,stock,6276
MITQ,"Moving iMage Technologies, Inc.",NYSE American,stock,6277
SPHL,Springview Holdings Ltd,NASDAQ,stock,6278
INBS,Intelligent Bio Solutions Inc.,NASDAQ,stock,6279
LYTHF,Lytus Technologies Holdings PTV. Ltd.,,stock,6280
UUUFF,Recharge Resources Ltd.,,stock,6281
NWTG,"Newton Golf Company, Inc.",NASDAQ,stock,6282
WBUY,WEBUY GLOBAL LTD.,NASDAQ,stock,6283
XTLB,Xtl Biopharmaceuticals Ltd,,stock,6284
ILXP,Ecominas Corp.,,stock,6285
HKPD,"Cellyan Biotechnology Co., Ltd",NASDAQ,stock,6286
LIMN,"Liminatus Pharma, Inc.",NASDAQ,stock,6287
ORESF,Orestone Mining Corp.,,stock,6288
MRM,Medirom Healthcare Technologies Inc.,,stock,6289
TRIB,Trinity Biotech Plc,,stock,6290
LCFY,Locafy Limited,NASDAQ,stock,6291
XBIO,"Xenetic Biosciences, Inc.",NASDAQ,stock,6292
BRGX,"Bioregenx, Inc.",,stock,6293
INBP,Integrated Biopharma Inc,,stock,6294
ELVG,"Elvictor Group, Inc.",,stock,6295
YDKG,Yueda Digital Holding,NASDAQ,stock,6296
CNFN,CFN Enterprises Inc.,,stock,6297
INLF,INLIF LIMITED,NASDAQ,stock,6298
EGMCF,Emergent Metals Corp.,,stock,6299
AMSS,AMASS Brands Inc.,NASDAQ,stock,6300
OBULF,One Bullion Ltd,,stock,6301
NCNA,NuCana plc,,stock,6302
ILLR,Triller Group Inc.,NASDAQ,stock,6303
POAS,Phaos Technology Holdings (Cayman) Limited,NYSE American,stock,6304
YCBD,"cbdMD, Inc.",NYSE American,stock,6305
CRE,Cre8 Enterprise Limited,NASDAQ,stock,6306
FBGL,FBS Global Limited,NASDAQ,stock,6307
PCSA,"Processa Pharmaceuticals, Inc.",NASDAQ,stock,6308
POLA,"Polar Power, Inc.",NASDAQ,stock,6309
ZPHYF,Zephyr Minerals Ltd.,,stock,6310
PRSI,Portsmouth Square Inc,,stock,6311
NBLXF,Noble Plains Uranium Corp.,,stock,6312
VEST,Loan Artificial Intelligence Corp.,,stock,6313
ADXN,Addex Therapeutics Ltd.,,stock,6314
VMAR,Vision Marine Technologies Inc.,NASDAQ,stock,6315
BMGL,Basel Medical Group Ltd,NASDAQ,stock,6316
EXCBF,Excalibur Metals Corp.,,stock,6317
DEFG,Grayscale Decentralized Finance (DeFi) Fund LLC,,stock,6318
CHNR,"China Natural Resources, Inc.",NASDAQ,stock,6319
SNTG,Sentage Holdings Inc.,NASDAQ,stock,6320
FAMI,"Farmmi, Inc.",NASDAQ,stock,6321
EMRH,Emerging Holdings Inc,,stock,6322
SVRE,SaverOne 2014 Ltd.,,stock,6323
RMSG,Real Messenger Corporation,NASDAQ,stock,6324
ROIUF,Route1 Inc.,,stock,6325
PMHS,"Polomar Health Services, Inc.",,stock,6326
NVSGF,Nevada Sunrise Metals Corp.,,stock,6327
USAQ,"QHSLab, Inc.",,stock,6328
SRRE,Sunrise Real Estate Group Inc,,stock,6329
AQB,"AquaBounty Technologies, Inc.",NASDAQ,stock,6330
FRSX,Foresight Autonomous Holdings Ltd.,,stock,6331
OLB,"The OLB Group, Inc.",NASDAQ,stock,6332
FASLF,First Andes Silver Ltd.,,stock,6333
EZGO,EZGO Technologies Ltd.,NASDAQ,stock,6334
XELB,"Xcel Brands, Inc",NASDAQ,stock,6335
INTJ,Intelligent Group Limited,NASDAQ,stock,6336
SABOF,Sabio Holdings Inc.,,stock,6337
GHST,GHST World Inc.,,stock,6338
TOPS,"TOP Ships, Inc.",NYSE American,stock,6339
NRGFF,AE Fuels Corp,,stock,6340
CRCW,Crypto Co,,stock,6341
STME,Stimcell Energetics Inc.,,stock,6342
CANF,Can-Fite BioPharma Ltd.,,stock,6343
LIMX,Limitless X Holdings Inc.,,stock,6344
ZSPC,"zSpace, Inc.",,stock,6345
EMMA,"Emmaus Life Sciences, Inc.",,stock,6346
HYFM,"Hydrofarm Holdings Group, Inc.",NASDAQ,stock,6347
PMCB,"PharmaCyte  Biotech, Inc.",NASDAQ,stock,6348
TAOP,Taoping Inc.,NASDAQ,stock,6349
MTR,Mesa Royalty Trust,NYSE,stock,6350
SRCO,"Sparta Commercial Services, Inc.",,stock,6351
TCRI,"TechCom, Inc.",,stock,6352
MGN,Megan Holdings Limited,NASDAQ,stock,6353
UZX,Linkage Global Inc,NASDAQ,stock,6354
BKYI,"BIO-key International, Inc.",NASDAQ,stock,6355
AEMD,"Aethlon Medical, Inc.",NASDAQ,stock,6356
CPOP,"Pop Culture Group Co., Ltd",NASDAQ,stock,6357
KOGDF,KO Gold Inc.,,stock,6358
GRI,"GRI Bio, Inc.",NASDAQ,stock,6359
PWDY,"Powerdyne International, Inc.",,stock,6360
NTRX,"Entrex Carbon Market, Inc.",,stock,6361
NTCL,NETCLASS TECHNOLOGY INC,NASDAQ,stock,6362
SXTP,"60 Degrees Pharmaceuticals, Inc.",NASDAQ,stock,6363
XPON,"Expion Energy, Inc.",NASDAQ,stock,6364
SGLY,Singularity Future Technology Ltd.,NASDAQ,stock,6365
ADTX,"Aditxt, Inc.",,stock,6366
OMH,Ohmyhome Limited,NASDAQ,stock,6367
LVRLF,CordovaCann Corp.,,stock,6368
NCI,Neo-Concept International Group Holdings Limited,NASDAQ,stock,6369
INEOF,INEO Tech Corp.,,stock,6370
HIHO,Highway Holdings Limited,NASDAQ,stock,6371
NCRA,"Nocera, Inc.",NASDAQ,stock,6372
EJH,E-Home Household Service Holdings Limited,NASDAQ,stock,6373
BIAF,"bioAffinity Technologies, Inc.",NASDAQ,stock,6374
SVBL,"Silver Bull Resources, Inc.",,stock,6375
BGLC,BioNexus Gene Lab Corp,NASDAQ,stock,6376
BOXL,Boxlight Corporation,NASDAQ,stock,6377
EHGO,Eshallgo Inc.,NASDAQ,stock,6378
BMXI,Brookmount Explorations Inc,,stock,6379
ATXG,Addentax Group Corp.,NASDAQ,stock,6380
AUMN,Golden Minerals Co,,stock,6381
YYAI,AiRWA Inc.,NASDAQ,stock,6382
BRNX,BrenX Ltd.,NASDAQ,stock,6383
CVKD,"Cadrenal Therapeutics, Inc.",NASDAQ,stock,6384
ABTS,Abits Group Inc,NASDAQ,stock,6385
CUEN,Cuentas Inc.,,stock,6386
NIKI,"Niki BioSolutions, Inc.",NASDAQ,stock,6387
HVGDF,Harvest Gold Corp,,stock,6388
TGNT,"Totaligent, Inc.",,stock,6389
CHR,"Cheer Holding, Inc.",NASDAQ,stock,6390
SCKT,"Socket Mobile, Inc.",NASDAQ,stock,6391
GBR,"New Concept Energy, Inc",NYSE American,stock,6392
IBG,Innovation Beverage Group Limited,NASDAQ,stock,6393
CDTG,CDT Environmental Technology Investment Holdings Limited,NASDAQ,stock,6394
CETI,"Cyber Enviro-Tech, Inc.",,stock,6395
IVDA,"Iveda Solutions, Inc.",NASDAQ,stock,6396
DFSC,DEFSEC Technologies Inc.,NASDAQ,stock,6397
RHEP,"Regional Health Properties, Inc",,stock,6398
LGCL,Lucas GC Limited,NASDAQ,stock,6399
BUDZ,"Weed, Inc.",,stock,6400
MBIO,"Mustang Bio, Inc.",NASDAQ,stock,6401
NXL,"Nexalin Technology, Inc.",NASDAQ,stock,6402
ERNA,Ernexa Therapeutics Inc.,NASDAQ,stock,6403
CTNT,Cheetah Net Supply Chain Service Inc.,NASDAQ,stock,6404
WLDS,Wearable Devices Ltd.,NASDAQ,stock,6405
AGRZ,Agroz Inc.,NASDAQ,stock,6406
BRQSF,"Borqs Technologies, Inc.",,stock,6407
FLZH,"Flash Sports & Media Holdings, Inc.",,stock,6408
SXTC,"China SXT Pharmaceuticals, Inc.",NASDAQ,stock,6409
MLEC,Moolec Science SA,NASDAQ,stock,6410
CYAB,"Cyabra, Inc.",NASDAQ,stock,6411
KUST,"Kustom Entertainment, Inc.",NASDAQ,stock,6412
CETX,Cemtrex Inc.,NASDAQ,stock,6413
SNES,"SenesTech, Inc.",NASDAQ,stock,6414
PAVS,Paranovus Entertainment Technology Ltd.,NASDAQ,stock,6415
KCRD,"Kindcard, Inc.",,stock,6416
IONI,I-ON Digital Corp.,,stock,6417
PMAX,Powell Max Limited,NASDAQ,stock,6418
VNTXF,Vanta Holdings Inc.,,stock,6419
TRNR,Interactive Strength Inc.,NASDAQ,stock,6420
VIIQ,VisitIQ Corp.,,stock,6421
FMFC,Kandal M Venture Limited,NASDAQ,stock,6422
KTEL,"KonaTel, Inc.",,stock,6423
HGYN,Hong Yuan Holding Group,,stock,6424
APVO,Aptevo Therapeutics Inc.,NASDAQ,stock,6425
EUEMF,European Energy Metals Corp.,,stock,6426
ADMT,"Adm Tronics Unlimited, Inc.",,stock,6427
FCUV,Focus Universal Inc.,NASDAQ,stock,6428
ICON,Icon Energy Corp.,NASDAQ,stock,6429
ONCO,"Onconetix, Inc.",NASDAQ,stock,6430
RIME,"Algorhythm Holdings, Inc.",NASDAQ,stock,6431
PRFX,PRF Technologies Ltd.,NASDAQ,stock,6432
CTTH,"Ctt Pharmaceutical Holdings, Inc.",,stock,6433
NXAT,Nexus Advanced Technologies Inc.,NASDAQ,stock,6434
REVB,"Revelation Biosciences, Inc.",NASDAQ,stock,6435
ADGM,"Adagio Medical Holdings, Inc",NASDAQ,stock,6436
TOPP,Toppoint Holdings Inc.,NYSE American,stock,6437
MITI,"Mitesco, Inc.",,stock,6438
LXEH,Lixiang Education Holding Co. Ltd.,,stock,6439
HCWB,HCW Biologics Inc.,NASDAQ,stock,6440
PLTYF,"Plastec Technologies, Ltd.",,stock,6441
PPCB,"Propanc Biopharma, Inc.",NASDAQ,stock,6442
GOVX,"GeoVax Labs, Inc.",NASDAQ,stock,6443
RECX,"Recreatives Industries, Inc.",,stock,6444
RETO,"ReTo Eco-Solutions, Inc. - Class A Shares",NASDAQ,stock,6445
TOGI,"TurnOnGreen, Inc.",,stock,6446
JUNS,"Jupiter Neurosciences, Inc.",NASDAQ,stock,6447
CAPS,Capstone Holding Corp.,NASDAQ,stock,6448
BRTX,"BioRestorative Therapies, Inc.",NASDAQ,stock,6449
CNEY,CN Energy Group Inc.,NASDAQ,stock,6450
RBNE,Robin Energy Ltd.,NASDAQ,stock,6451
CIMG,CIMG Inc.,,stock,6452
CPCPF,CopperCorp Resources Inc.,,stock,6453
CRUCF,Colibri Resource Corp,,stock,6454
XRTX,XORTX Therapeutics Inc.,NASDAQ,stock,6455
SBFM,Sunshine Biopharma Inc.,NASDAQ,stock,6456
CDIX,Cardiff Lexington Corp,,stock,6457
ISPC,iSpecimen Inc.,NASDAQ,stock,6458
CYAN,Cyanotech Corp,,stock,6459
VERTF,Vertiqal Studios Corp.,,stock,6460
HTCR,"Heartcore Enterprises, Inc.",NASDAQ,stock,6461
SYGCF,Sylla Gold Corp.,,stock,6462
ELAB,PMGC Holdings Inc.,NASDAQ,stock,6463
VVOS,"Vivos Therapeutics, Inc.",NASDAQ,stock,6464
MASK,3 E Network Technology Group Ltd,NASDAQ,stock,6465
RDHL,RedHill Biopharma Ltd.,,stock,6466
MKZR,"MacKenzie Realty Capital, Inc.",NASDAQ,stock,6467
IZM,ICZOOM Group Inc.,NASDAQ,stock,6468
OCG,Oriental Culture Holding LTD,NASDAQ,stock,6469
XAIR,"Beyond Air, Inc.",NASDAQ,stock,6470
TGL,Treasure Global Inc.,NASDAQ,stock,6471
SILO,"Silo Pharma, Inc.",NASDAQ,stock,6472
ESSI,"Eco Science Solutions, Inc.",,stock,6473
JAGX,"Jaguar Health, Inc.",NASDAQ,stock,6474
MTNB,"Matinas Biopharma Holdings, Inc.",NYSE American,stock,6475
HGTXU,Hugoton Royalty Trust,,stock,6476
GVH,Globavend Holdings Limited - Ord Shares,NASDAQ,stock,6477
CLDI,"Calidi Biotherapeutics, Inc.",NYSE American,stock,6478
RDGT,"Ridgetech, Inc.",NASDAQ,stock,6479
ATMH,"All Things Mobile Analytic, Inc.",,stock,6480
ELPW,Elong Power Holding Limited,NASDAQ,stock,6481
SPRC,SciSparc Ltd.,NASDAQ,stock,6482
VIVS,"VivoSim Labs, Inc.",NASDAQ,stock,6483
BIXT,"Bioxytran, Inc",,stock,6484
FMHS,"Farmhouse, Inc. /Nv",,stock,6485
KWIK,"KwikClick, Inc.",,stock,6486
PGOL,Patriot Gold Corp,,stock,6487
SCDA,"B-Scada, Inc.",,stock,6488
CMND,Clearmind Medicine Inc.,NASDAQ,stock,6489
NIOMF,First American Uranium Inc.,,stock,6490
OVTZ,Oculus Inc.,,stock,6491
PIAC,Princeton Capital Corp,,stock,6492
BCAB,"BioAtla, Inc.",,stock,6493
ISCO,International Stem Cell CORP,,stock,6494
PW,Power REIT (MD),NYSE American,stock,6495
CIIT,"Tianci International, Inc.",NASDAQ,stock,6496
CYDX,"CYduct Diagnostics, Inc.",,stock,6497
DBGI,"Digital Brands Group, Inc.",NASDAQ,stock,6498
CMBMF,Cambium Networks Corp,,stock,6499
KRFG,"King Resources, Inc.",,stock,6500
VBIO,"Valion Bio, Inc.",NASDAQ,stock,6501
SVUHF,SRIVARU Holding Ltd,,stock,6502
VSME,VS Media Holdings Limited,NASDAQ,stock,6503
CHSN,Chanson International Holding,NASDAQ,stock,6504
AGMH,AGM Group Holdings Inc.,NASDAQ,stock,6505
JEM,707 Cayman Holdings Limited,NASDAQ,stock,6506
TCRT,"Alaunos Therapeutics, Inc.",NASDAQ,stock,6507
MEXGF,Platauro Metals Corp.,,stock,6508
ALDA,Atlantica Inc,,stock,6509
PSYCF,Psyched Wellness Ltd.,,stock,6510
GTCH,GBT Technologies Inc.,,stock,6511
ZHDM,Ainnova Tech,,stock,6512
AREB,American Rebel Holdings Inc,,stock,6513
CSAI,"Cloudastructure, Inc.",NASDAQ,stock,6514
ONFO,Onfolio Holdings Inc.,NASDAQ,stock,6515
EDBL,Edible Garden AG Incorporated,NASDAQ,stock,6516
PARA,"Banzai International, Inc.",NASDAQ,stock,6517
MAGE,MAGELLAN COPPER & GOLD Corp,,stock,6518
IPDN,"Professional Diversity Network, Inc.",NASDAQ,stock,6519
PPBT,Purple Biotech Ltd.,,stock,6520
NUWE,"Nuwellis, Inc.",NASDAQ,stock,6521
GMEX,GMEX ROBOTICS CORPORATION,NASDAQ,stock,6522
CASIF,"CASI Pharmaceuticals, Inc.",,stock,6523
GNPX,"Genprex, Inc.",NASDAQ,stock,6524
LBSR,Liberty Star Uranium & Metals Corp.,,stock,6525
KITT,"Nauticus Robotics, Inc.",NASDAQ,stock,6526
CBIH,"Cannabis Bioscience International Holdings, Inc.",,stock,6527
LABT,Lakewood-Amedex Biotherapeutics Inc.,NASDAQ,stock,6528
ITP,"IT Tech Packaging, Inc.",NYSE American,stock,6529
IVF,"INVO Fertility, Inc.",NASDAQ,stock,6530
ONAR,Onar Holding Corp,,stock,6531
IWSH,"Wright Investors Service Holdings, Inc.",,stock,6532
RMSL,RemSleep Holdings Inc.,,stock,6533
CVSI,"CV Sciences, Inc.",,stock,6534
FLYE,"Fly-E Group, Inc.",NASDAQ,stock,6535
ARTL,"Artelo Biosciences, Inc.",NASDAQ,stock,6536
VYCO,Vycor Medical Inc,,stock,6537
MMEX,MMEX Resources Corp,,stock,6538
EZRA,"Reliance Global Group, Inc.",NASDAQ,stock,6539
GSUN,Golden Sun Technology Group Limited,NASDAQ,stock,6540
SSEBF,Silver Spruce Resources Inc.,,stock,6541
JTAI,Jet.AI Inc.,NASDAQ,stock,6542
ACUT,Accustem Sciences Inc.,,stock,6543
KIDZ,KIDZ AI Inc.,NASDAQ,stock,6544
IPST,"IP Strategy Holdings, Inc.",NASDAQ,stock,6545
OGEN,Oragenics Inc.,NYSE American,stock,6546
CHGA,Change Agents Corporation,NASDAQ,stock,6547
ATPC,Agape ATP Corporation,NASDAQ,stock,6548
LESL,"Leslie's, Inc.",NASDAQ,stock,6549
ABPO,"Abpro Holdings, Inc.",,stock,6550
HNOI,"HNO International, Inc.",,stock,6551
LUVU,"Luvu Brands, Inc.",,stock,6552
GWAV,"Greenwave Technology Solutions, Inc.",NASDAQ,stock,6553
TUTH,Standard Dental Labs Inc.,,stock,6554
CLRI,"Cleartronic, Inc.",,stock,6555
CRIS,"Curis, Inc.",NASDAQ,stock,6556
NCT,Intercont (Cayman) Limited,NASDAQ,stock,6557
NXTS,Nexentis Technologies Inc.,NASDAQ,stock,6558
RUBI,Rubico Inc.,NASDAQ,stock,6559
HUBC,Hub Cyber Security Ltd.,NASDAQ,stock,6560
VYST,Vystar Corp,,stock,6561
RAYA,Erayak Power Solution Group Inc.,NASDAQ,stock,6562
GNLN,"Greenlane Holdings, Inc.",NASDAQ,stock,6563
BYAH,"Park Ha Biological Technology Co., Ltd.",NASDAQ,stock,6564
CRCE,"Circle Energy, Inc./NV",,stock,6565
ALTX,Altex Industries Inc,,stock,6566
KSEZ,Kinetic Seas Inc.,,stock,6567
FUST,Fuse Group Holding Inc.,,stock,6568
SQFT,"Presidio Property Trust, Inc.",NASDAQ,stock,6569
ABCFF,Abacus Mining & Exploration Corp,,stock,6570
WHLR,"Wheeler Real Estate Investment Trust, Inc.",NASDAQ,stock,6571
SNRG,SusGlobal Energy Corp.,,stock,6572
YBGJ,Yubo International Biotech Ltd,,stock,6573
TNON,"Tenon Medical, Inc.",NASDAQ,stock,6574
GCTK,"GlucoTrack, Inc.",NASDAQ,stock,6575
IPTNF,Impact Analytics Inc.,,stock,6576
REOS,ReoStar Energy CORP,,stock,6577
GPOX,"GPO Plus, Inc.",,stock,6578
SLXN,Silexion Therapeutics Corp,NASDAQ,stock,6579
VRAX,Virax Biolabs Group Limited,NASDAQ,stock,6580
PWCM,"PowerCompute, Inc.",NASDAQ,stock,6581
YHC,LQR House Inc.,NASDAQ,stock,6582
EEGI,"Eline Entertainment Group, Inc.",,stock,6583
IMTE,Integrated Media Technology Limited,NASDAQ,stock,6584
SMTK,"SmartKem, Inc.",NASDAQ,stock,6585
LINMF,Linear Minerals Corp,,stock,6586
LUDG,"Ludwig Enterprises, Inc.",,stock,6587
STKH,Steakholder Foods Ltd.,,stock,6588
AGNPF,Grey Matters Health Inc.,,stock,6589
BRVO,Bravo Multinational Inc.,,stock,6590
SRKZF,Sky Gold Corp.,,stock,6591
TOFB,Tofutti Brands Inc,,stock,6592
CYCL,"Cycclone, Inc.",,stock,6593
FECOF,FEC Resources Inc.,,stock,6594
SSM,Sono Group N.V.,NASDAQ,stock,6595
NXGL,"NexGel, Inc",NASDAQ,stock,6596
MSS,Maison Solutions Inc.,NASDAQ,stock,6597
DXF,Eason Technology Ltd,,stock,6598
IMCC,IM Cannabis Corp.,NASDAQ,stock,6599
CLDVF,Cloud3 Ventures Inc.,,stock,6600
CAPC,"Capstone Companies, Inc.",,stock,6601
ABVEF,Above Food Ingredients Inc.,,stock,6602
FBCD,"FBC Holding, Inc.",,stock,6603
ARRT,"Artisan Consumer Goods, Inc.",,stock,6604
SDST,Stardust Power Inc.,NASDAQ,stock,6605
MNDR,Mobile-health Network Solutions,NASDAQ,stock,6606
LNKS,Linkers Industries Limited,NASDAQ,stock,6607
CNRCF,Canter Resources Corp.,,stock,6608
LIFD,Lftd Partners Inc.,,stock,6609
AGSS,"Ameriguard Security Services, Inc.",,stock,6610
NVVE,Nuvve Holding Corp.,,stock,6611
FDXTF,Fendx Technologies Inc.,,stock,6612
CPMD,"Cannapharmarx, Inc.",,stock,6613
PTIX,"Protagenic Therapeutics, Inc.\new",,stock,6614
VIVK,"Vivakor, Inc.",NASDAQ,stock,6615
OMQS,OMNIQ Corp.,,stock,6616
BTCY,Biotricity Inc.,,stock,6617
AKAN,Akanda Corp.,NASDAQ,stock,6618
SHFS,"SHF Holdings, Inc.",NASDAQ,stock,6619
SNBH,Sentient Brands Holdings Inc.,,stock,6620
MDLK,ModuLink Inc.,,stock,6621
IPW,iPower Inc.,NASDAQ,stock,6622
HIGR,Hi-Great Group Holding Co,,stock,6623
OLOX,Olenox Industries Inc.,NASDAQ,stock,6624
OFAL,OFA Group,NASDAQ,stock,6625
DCOY,Decoy Therapeutics Inc.,NASDAQ,stock,6626
QPRC,Quest Patent Research Corp,,stock,6627
BBLG,Bone Biologics Corp,NASDAQ,stock,6628
ATXI,"Avenue Therapeutics, Inc.",,stock,6629
ZNB,Zeta Network Group,NASDAQ,stock,6630
SLAIY,SOLAI Ltd,,stock,6631
ESMC,Escalon Medical Corp,,stock,6632
DRCT,"Direct Digital Holdings, Inc.",NASDAQ,stock,6633
FCHL,Fitness Champs Holdings Limited,NASDAQ,stock,6634
SGRX,SANGRIX INC.,NASDAQ,stock,6635
SUGP,SU Group Holdings Limited,NASDAQ,stock,6636
PTOS,"P2 Solar, Inc.",,stock,6637
PFSA,"Profusa, Inc.",NASDAQ,stock,6638
NUMD,"Nu-Med Plus, Inc.",,stock,6639
ASNS,Actelis Networks Inc,,stock,6640
AVPMF,Avrupa Minerals Ltd.,,stock,6641
WETO,Wetour Robotics Limited,NASDAQ,stock,6642
VSEE,"Vsee Health, Inc.",,stock,6643
AIBT,"Aibotics, Inc.",,stock,6644
EDVA,"Endovia Health Sciences, Inc.",NYSE American,stock,6645
CDT,CDT Equity Inc.,NASDAQ,stock,6646
GENN,Genneia S.A.,,stock,6647
DPLS,"DarkPulse, Inc.",,stock,6648
AITX,Artificial Intelligence Technology Solutions Inc.,,stock,6649
ASFT,"Appsoft Technologies, Inc.",,stock,6650
PREM,Premier Air Charter Holdings Inc.,,stock,6651
EARI,"Entertainment Arts Research, Inc.",,stock,6652
MYSZ,"My Size, Inc.",NASDAQ,stock,6653
MECPF,Mustang Energy Corp.,,stock,6654
GIPR,Generation Income Properties Inc.,NASDAQ,stock,6655
SKVI,"Skinvisible, Inc.",,stock,6656
DOGP,"Dogecoin Cash, Inc.",,stock,6657
ALLN,Allarity Acquisition Corp.,,stock,6658
JZ,Jianzhi Education Technology Group Co Ltd,,stock,6659
ALUR,"Allurion Technologies, Inc.",,stock,6660
EVFM,"Evofem Biosciences, Inc.",,stock,6661
ODYY,"Odyssey Health, Inc.",,stock,6662
HAO,Haoxi Health Technology Limited - Class A Ord Share,NASDAQ,stock,6663
VCIG,VCI Global Limited,NASDAQ,stock,6664
NATNF,Nation Gold Corp.,,stock,6665
BJDX,"Bluejay Diagnostics, Inc.",NASDAQ,stock,6666
SCNI,Scinai Immunotherapeutics Ltd.,,stock,6667
NEXR,Nexera Technologies Ltd,NASDAQ,stock,6668
SATT,Sativus Tech Corp.,,stock,6669
SETO,Seto Holdings Inc,,stock,6670
LGMK,"LogicMark, Inc.",,stock,6671
NOTE,"FiscalNote Holdings, Inc.",,stock,6672
MNTR,"Mentor Capital, Inc.",,stock,6673
LITSF,Lithos Group Ltd.,,stock,6674
CONC,Conectisys Corp,,stock,6675
WCUFF,World Copper Ltd.,,stock,6676
ZICX,Zicix Corp,,stock,6677
HSTA,Hestia Insight Inc.,,stock,6678
YMT,Yimutian Inc.,,stock,6679
BNBX,Bnb Plus Corp.,,stock,6680
AMZE,"Amaze Holdings, Inc.",,stock,6681
BMTM,"Bright Mountain Media, Inc.",,stock,6682
MRPT,Macreport Net Inc,,stock,6683
RMTG,Regenerative Medical Technology Group Inc.,,stock,6684
ZVSA,"ZyVersa Therapeutics, Inc.",,stock,6685
AGTX,Agentix Corp.,,stock,6686
GRXXF,Critical Reagent Processing Corp.,,stock,6687
ZCAR,"Zoomcar Holdings, Inc.",,stock,6688
CERO,"Cero Therapeutics Holdings, Inc.",,stock,6689
LNTO,Lelantos Holdings Inc.,,stock,6690
DBMM,"Digital Brand Media & Marketing Group, Inc.",,stock,6691
GNTOF,Gentor Resources Inc.,,stock,6692
TRWD,Tradewinds Universal,,stock,6693
INKW,"Greene Concepts, Inc",,stock,6694
FUNI,"Hypha Labs, Inc.",,stock,6695
PNYG,Pony Group Inc.,,stock,6696
QSJC,"Tancheng Group Co., Ltd.",,stock,6697
NPHC,Nutra Pharma Corp,,stock,6698
MVNC,Marvion Inc.,,stock,6699
SKYI,"Sky Century Investment, Inc.",,stock,6700
RKDA,"Arcadia Biosciences, Inc.",NASDAQ,stock,6701
BDRX,Biodexa Pharmaceuticals Plc,,stock,6702
DDDX,"3DX Industries, Inc.",,stock,6703
SBIG,"SBIG Holdings, Inc.",,stock,6704
CBDL,CBD Life Sciences Inc.,,stock,6705
SLDC,"Solidus Communications, Inc.",,stock,6706
IPSI,"Innovative Payment Solutions, Inc.",,stock,6707
TLSS,"Transportation & Logistics Systems, Inc.",,stock,6708
CBMJ,"Conservative Broadcast Media & Publishing, Inc.",,stock,6709
KAVL,"Kaival Brands Innovations Group, Inc.",,stock,6710
XXII,"22nd Century Group, Inc",NASDAQ,stock,6711
QIND,Quality Industrial Corp.,,stock,6712
TRUG,"TruGolf Holdings, Inc.",NASDAQ,stock,6713
RCON,"Recon Technology, Ltd.",NASDAQ,stock,6714
GFMH,Goliath Film & Media Holdings,,stock,6715
NIHK,"Video River Networks, Inc.",,stock,6716
BIOM,"Biomolecular Life Holdings, Inc.",,stock,6717
WTER,ALKALINE WATER Co INC,,stock,6718
GTIC,"Greentech Innovations, Inc.",,stock,6719
GGLXF,Ggl Resources Corp.,,stock,6720
VTAK,"Catheter Precision, Inc.",NYSE American,stock,6721
MI,NFT Limited,NYSE American,stock,6722
BABYF,Else Nutrition Holdings Inc.,,stock,6723
ENRT,Enertopia Corp.,,stock,6724
GMER,"Good Gaming, Inc.",,stock,6725
NSTM,NovelStem International Corp.,,stock,6726
CSUI,Cannabis Suisse Corp.,,stock,6727
NRHI,"Natural Resource Holdings, Inc.",,stock,6728
TSEOQ,Trinseo PLC,,stock,6729
DTCKF,DAVIS COMMODITIES Ltd,,stock,6730
REEAF,REE Automotive Ltd.,,stock,6731
RBOT,Vicarious Surgical Inc.,,stock,6732
GREH,Green Rain Energy Holdings Inc.,,stock,6733
DGTEF,Eat & Beyond Global Holdings Inc.,,stock,6734
WAST,Waste Energy Corp.,,stock,6735
CPMV,Mosaic ImmunoEngineering Inc.,,stock,6736
CREG,Smart Powerr Corp.,,stock,6737
CBDY,Target Group Inc.,,stock,6738
FMTOF,Femto Technologies Inc.,,stock,6739
XAGE,"Longevity Health Holdings, Inc.",,stock,6740
CWPE,CW Petroleum Corp,,stock,6741
ECPL,Ecoplus Inc,,stock,6742
HGAS,Global Gas Corp,,stock,6743
TAAG,"Awareness Group, Inc.",,stock,6744
NMHI,Nature's Miracle Holding Inc.,,stock,6745
AERA,AI Era Corp.,,stock,6746
ITOX,"IIOT-OXYS, Inc.",,stock,6747
SOBR,"SOBR Safe, Inc.",,stock,6748
EPWKF,EPWK Holdings Ltd.,,stock,6749
UOKAF,Mdjm Ltd,,stock,6750
JFIL,"Jubilant Flame International, Ltd",,stock,6751
MDCE,Medical Care Technologies Inc.,,stock,6752
MEHA,Functional Brands Inc.,,stock,6753
PTCO,PetroGas Co,,stock,6754
GCAN,"Trafalgar International, Inc.",,stock,6755
CYTOF,Altamira Therapeutics Ltd.,,stock,6756
WORX,SCWorx Corp.,,stock,6757
STEK,Stemtech Corp,,stock,6758
VIVC,Vivic Corp.,,stock,6759
FEED,"ENvue Medical, Inc.",,stock,6760
FCHS,"First Choice Healthcare Solutions, Inc.",,stock,6761
CISS,C3is Inc.,NASDAQ,stock,6762
GRVE,Groove Botanicals Inc.,,stock,6763
ORISF,ORIENTAL RISE HOLDINGS Ltd,,stock,6764
MTLK,Metalink Ltd,,stock,6765
BFCH,"UNLOCKD, Inc.",,stock,6766
AOXY,Advanced Oxygen Technologies Inc,,stock,6767
RITRF,Reitar Logtech Holdings Ltd,,stock,6768
LGHL,Lion Group Holding Ltd,,stock,6769
GLG,GLGHK Ltd,,stock,6770
OMTK,Omnitek Engineering Corp,,stock,6771
FOXO,Foxo Technologies Inc.,,stock,6772
AIXI,Xiao-I Corp,,stock,6773
SNYRQ,Synergy CHC Corp.,,stock,6774
SPOWF,Strata Power Corp,,stock,6775
OCEA,"Ocean Biomedical, Inc.",,stock,6776
GRPS,"Trans American Aquaculture, Inc",,stock,6777
GPLB,Green Planet Bio Engineering Co. Ltd.,,stock,6778
NIVF,NewGenIvf Group Limited,NASDAQ,stock,6779
LEEN,"Leopard Energy, Inc.",,stock,6780
PTPI,"Petros Pharmaceuticals, Inc.",,stock,6781
RGBP,Regen BioPharma Inc,,stock,6782
FRGT,"Freight Technologies, Inc.",NASDAQ,stock,6783
PRPH,"ProPhase Labs, Inc.",,stock,6784
CNBX,CNBX Pharmaceuticals Inc.,,stock,6785
BSFC,Blue Star Foods Corp.,,stock,6786
GTLL,Global Technologies Ltd,,stock,6787
GBUX,"Givbux, Inc.",,stock,6788
CBDW,1606 Corp.,,stock,6789
ATDS,"Data443 Risk Mitigation, Inc.",,stock,6790
SPQS,"SportsQuest, Inc.",,stock,6791
CIRX,Cirtran Corp,,stock,6792
BBLR,Bubblr Inc.,,stock,6793
AVCRF,Avricore Health Inc.,,stock,6794
OWPC,"One World Products, Inc.",,stock,6795
CMLS,Cumulus Media Inc,,stock,6796
PNXP,PINEAPPLE EXPRESS CANNABIS Co,,stock,6797
BOTY,"Lingerie Fighting Championships, Inc.",,stock,6798
PKTX,"ProtoKinetix, Inc.",,stock,6799
GVHGF,Visionary Holdings Inc.,,stock,6800
SVVC,"Firsthand Technology Value Fund, Inc.",,stock,6801
GRLF,Green Leaf Innovations Inc,,stock,6802
TMGI,"Transglobal Management Group, Inc.",,stock,6803
KUBR,Kuber Resources Corp,,stock,6804
FGL,Founder Group Limited,NASDAQ,stock,6805
ALCE,Aedis Energy Inc.,,stock,6806
OZSC,"Ozop Energy Solutions, Inc.",,stock,6807
HWNI,"High Wire Networks, Inc.",,stock,6808
LBGJ,Li Bang International Corporation Inc.,NASDAQ,stock,6809
BDPT,"Bioadaptives, Inc.",,stock,6810
RAKR,Rainmaker Worldwide Inc.,,stock,6811
BINI,"Bollinger Innovations, Inc.",,stock,6812
PCGC,"Hydro Power Technologies, Inc.",,stock,6813
VSTD,Vestand Inc.,,stock,6814
BSPK,"Bespoke Extracts, Inc.",,stock,6815
WINT,Windtree Therapeutics Inc /De/,,stock,6816
BMPA,"BMP AI Technologies, Inc.",,stock,6817
USAM,Ares Strategic Mining Inc.,,stock,6818
AMBIQ,Ambipar Emergency Response,,stock,6819
SELXF,Semilux International Ltd.,,stock,6820
SOPAQ,Society Pass Incorporated.,,stock,6821
RTCJF,Baijiayun Group Ltd,,stock,6822
MAXNQ,"Maxeon Solar Technologies, Ltd.",,stock,6823
LIPO,Lipella Pharmaceuticals Inc.,,stock,6824
STAI,ScanTech AI Systems Inc.,,stock,6825
MSPR,"MSP Recovery, Inc.",,stock,6826
PEVM,Phoenix Motor Inc.,,stock,6827
ADNH,"Advent Technologies Holdings, Inc.",,stock,6828
BHATF,Blue Hat Interactive Entertainment Technology,,stock,6829
VISM,"Visium Technologies, Inc.",,stock,6830
STRG,"Starguide Group, Inc.",,stock,6831
BAGZ,Cryptex Digital Market Cap ETF,,stock,6832
GLIV,Grayscale Livepeer Trust (LPT),,stock,6833
OBNK,Osprey BONK Trust,,stock,6834
STCK,Grayscale Stacks Trust (STX),,stock,6835
NGL,NGL Energy Partners LP,,stock,6836
ETCG,Grayscale Ethereum Classic Trust (ETC),,stock,6837
PNSB,"PSB Financial, Inc.",,stock,6838
JCE,Nuveen Core Equity Alpha Fund,NYSE,stock,6839
GXLM,Grayscale Stellar Lumens Trust (XLM),,stock,6840
ETHE,Grayscale Ethereum Staking ETF Shares,NYSE Arca,etf,6841
BIREY,Birchcliff Energy Ltd./ADR,,stock,6842
DRIL,Lannister Mining Corp.,,stock,6843
CVCPY,CVC Capital Partners plc/ADR,,stock,6844
ZGJLY,"Zhejiang Leapmotor Technology Co., Ltd./ADR",,stock,6845
NPIXY,Northland Power Inc./ADR,,stock,6846
CHXIY,Chuangxin Industries Holdings Limited/ADR,,stock,6847
GSMT,Global-Smart.Tech Inc.,,stock,6848
UNCJY,Unicaja Banco S.A/ADR,,stock,6849
MOGMF,Mogotes Metals Inc.,,stock,6850
PGBCY,"PegBio Co., Ltd/ADR",,stock,6851
HQH,abrdn Healthcare Investors Shares of Beneficial Interest,NYSE,stock,6852
SKHY,SK hynix Inc.,,stock,6853
NMT,Nuveen Massachusetts Quality Municipal Income Fund,NYSE,stock,6854
AXM,"Archer SpinCo, Inc.",,stock,6855
LPNE,LiPower New Energy Holdings Ltd,,stock,6856
GRVT,GreenVector Holdings Ltd,,stock,6857
MXC,Mexco Energy Corporation,NYSE American,stock,6858
SCIP,Snowdrift Parent Corp,,stock,6859
WYTC,Wytec International Inc,,stock,6860
TSUI,21Shares Sui Staking ETF,NASDAQ,etf,6861
VAVX,VanEck Avalanche ETF,NASDAQ,etf,6862
QETH,Invesco Galaxy Ethereum ETF,Cboe BZX,etf,6863
LSBA,Law's Business Group Holding Ltd,,stock,6864
BREZ,Breeze Acquisition Corp. II,NASDAQ,stock,6865
CBAGY,Carabao Group Public Co Limited/ADR,,stock,6866
OBBCY,"OBIC Business Consultants Co., Ltd./ADR",,stock,6867
BEMPY,Bangkok Expressway & Metro Public Co Limited/ADR,,stock,6868
GBNXY,Gibson Energy Inc/ADR,,stock,6869
BSUDY,Bradsaude S.A./ADR,,stock,6870
MLIZY,Meliuz S.A.,,stock,6871
HRBAY,"Horiba, Ltd./ADR",,stock,6872
USO,United States Oil Fund,NYSE Arca,etf,6873
GLDM,SPDR Gold MiniShares Trust,NYSE Arca,etf,6874
BITW,Common Shares of Beneficial Interest,NYSE Arca,etf,6875
FGDL,Franklin Responsibly Sourced Gold ETF,NYSE Arca,etf,6876
MPJPY,Metaplanet Inc.,,stock,6877
IDPEY,IDP Education Ltd./ADR,,stock,6878
AGYXY,Agilyx Asa / Adr,,stock,6879
SZWOY,"Shenzhen Woer Heat-Shrinkable Material Co., Ltd/ADR",,stock,6880
MMTZF,MindMaze Therapeutics Holding SA,,stock,6881
CUPPF,Super Copper Corp.,,stock,6882
SAPUY,Saputo Inc./ADR,,stock,6883
DNCLY,"DeNA Co., Ltd./ADR",,stock,6884
SOR,"Source Capital, Inc. Cmn Shs of BI",NYSE,stock,6885
CZZLF,Cizzle Brands Corp,,stock,6886
ITIA,Star Integratia Ltd,,stock,6887
UELMO,Union Electric Co,,stock,6888
PC,Premium Catering (Holdings) Limited,NASDAQ,stock,6889
BIPH,Brookfield Infrastructure Partners L.P.,,stock,6890
NBKBY,Noba Bank Group AG/ADR,,stock,6891
BXRLY,Boxer Retail Limited/ADR,,stock,6892
JTGEY,"Citibank,N.A./ADR",,stock,6893
RCWBY,Rockwool A/S/ADR,,stock,6894
PHAX,Phalanx Acquisition Corp I,,stock,6895
AMRO,Amaero Inc.,,stock,6896
VTNMF,V Ten Metals Corp.,,stock,6897
NBB,Nuveen Taxable Municipal Income Fund,NYSE,stock,6898
VCRDX,Harrison Street Infrastructure Income Fund,,stock,6899
HCPC,HengHong Technology Inc.,,stock,6900
BPYPP,Brookfield Property Partners L.P.,,stock,6901
YLUZ,YPF Energia Electrica S.A.,,stock,6902
KHOBF,KHEOBA Ltd,,stock,6903
FXC,Invesco CurrencyShares Canadian Dollar Trust,NYSE Arca,etf,6904
FHFFY,Foshan Haitian Flavouring & Food Co Ltd./ADR,,stock,6905
WEA,Western Asset Bond Fund Share of Beneficial Interest,NYSE,stock,6906
JSTYY,JOST Werke SE/ADR,,stock,6907
ARTC,Art Technology Acquisition Corp.,NASDAQ,stock,6908
STNF,"Santa Ana Global Enterprises, S.A.",,stock,6909
PDT,John Hancock Premium Dividend Fund,NYSE,stock,6910
LND,Brasilagro Brazilian Agric Real Estate Co Sponsored ADR (Brazil),NYSE,stock,6911
VKQ,Invesco Municipal Trust,NYSE,stock,6912
OMGCY,Omai Gold Mines Corp./ADR,,stock,6913
LXSPY,"Luxshare Precision Industry Co., Ltd./ADR",,stock,6914
PSTEY,Poste Italiane S.p.A./ADR,,stock,6915
FXA,Invesco CurrencyShares Australian Dollar Trust,NYSE Arca,etf,6916
ITHEY,Ithaca Energy PLC/ADR,,stock,6917
ELC,"Entergy Louisiana, Inc. Collateral Trust Mortgage Bonds, 4.875 % Series due September 1, 2066",NYSE,stock,6918
SGPIY,"Seres Group Co., Ltd./ADR",,stock,6919
SVICY,StorageVault Canada Inc./ADR,,stock,6920
PPT,Franklin Premier Income Trust Shares of Beneficial Interest,NYSE,stock,6921
PBRRY,PT Barito Renewables Energy Tbk/ADR,,stock,6922
TSOL,21Shares Solana ETF,Cboe BZX,etf,6923
TIWD,Timwood Holdings Ltd,,stock,6924
NNY,Nuveen New York Municipal Value Fund,NYSE,stock,6925
MRX,Marex Group Limited,NASDAQ,stock,6926
NUOX,"NuvOx Therapeutics, Inc.",,stock,6927
MGLBY,Momenta Global Ltd/Adr,,stock,6928
KVLT,"CoVolt Power, Inc.",,stock,6929
ICL,ICL Group Ltd.,NYSE,stock,6930
TARX,Tarsier Pharma Ltd.,,stock,6931
WQEY,WISeKey International Corp.,,stock,6932
MCFN,"McCarthy Finney, Inc.",,stock,6933
IQI,Invesco Quality Municipal Income Trust,NYSE,stock,6934
VGTHY,"Victory Giant Technology (HuiZhou) Co., Ltd./ADR",,stock,6935
ELFTY,Element Fleet Management Corp./ADR,,stock,6936
BIAI,Bitari Inc,,stock,6937
RGKUY,Rigaku Holdings Corporation/ADR,,stock,6938
LNFGY,Lion Finance Group PLC/ADR,,stock,6939
NWCYY,North West Co Inc./ADR,,stock,6940
CDTHY,Conduit Holdings Ltd/Adr,,stock,6941
BWOW,Bitwise Dogecoin ETF,NYSE Arca,etf,6942
ASKRY,Asker Healthcare Group AB/ADR,,stock,6943
ZABKY,Zabka Group S.A./ADR,,stock,6944
NGCOY,"Nagase & Co., Ltd./ADR",,stock,6945
MDKGY,Merdeka Gold Resources Tbk PT/ADR,,stock,6946
SXTEY,"Shenzhen Xunce Technology Co., Ltd./ADR",,stock,6947
HQL,abrdn Life Sciences Investors Shares of Beneficial Interest,NYSE,stock,6948
GIGDY,GigaDevice Semiconductor Inc./ADR,,stock,6949
MHD,"Blackrock MuniHoldings Fund, Inc.",NYSE,stock,6950
BHK,Blackrock Core Bond Trust,NYSE,stock,6951
WNHK,"Winning Catering Group, Inc.",,stock,6952
PSBTY,PT Sumber Alfaria Trijaya Tbk/ADR,,stock,6953
TKNZ,T. Rowe Price Active Crypto ETF,NYSE Arca,etf,6954
SSHBY,"SBI Shinsei Bank, Limited/ADR",,stock,6955
NHKSY,NHK Spring Co. Ltd/ADR,,stock,6956
ODKUY,"Odakyu Electric Railway Co., Ltd./ADR",,stock,6957
NRDMF,NordX Metals Corp.,,stock,6958
CPXXY,Capital Power Corp/ADR,,stock,6959
STJNY,Stella-Jones Inc./ADR,,stock,6960
TEICY,Tosei Corp/Adr,,stock,6961
ATZIY,Aritzia Inc./ADR,,stock,6962
MIMDF,MiMedia Holdings Inc.,,stock,6963
CSEA,Calm Seas Acquisition Corp.,,stock,6964
CNYGF,Canary Gold Corp.,,stock,6965
TCXB,TCGX Acquisition Corp. II,,stock,6966
KYTFY,Kyoto Financial Group Inc/ADR,,stock,6967
SSRLY,Sienna Senior Living Inc./ADR,,stock,6968
PML,Pimco Municipal Income Fund II,NYSE,stock,6969
EULLY,European Lithium Ltd/Adr,,stock,6970
SHILY,Shanghai Iluvatar CoreX Semiconductor Co Ltd/ADR,,stock,6971
HGZDY,"Hangzhou Diagens Biotechnology Co., Ltd./ADR",,stock,6972
CLYD,"Beacon Topco, Inc.",,stock,6973
NTVRY,Nativo Resources plc /ADR,,stock,6974
EVON,EvoNexus Group LTD,,stock,6975
TDGGF,TDG Gold Corp.,,stock,6976
EMI,"Encore Medical, Inc.",,stock,6977
SRALY,Stadler Rail AG/ADR,,stock,6978
ALEUY,Allegro.Eu Sa/Adr,,stock,6979
EIIA,Eagle Point Institutional Income Fund,,stock,6980
JRWP,Jingrui Wang Pu Holdings Group Ltd.,,stock,6981
TKCYY,"Tokyo Ohka Kogyo Co., Ltd./ADR",,stock,6982
ZSICY,"Zhejiang Sanhua Intelligent Controls Co., Ltd./ADR",,stock,6983
BHTGY,"Beijing Haizhi Technology Group Co., Ltd./ADR",,stock,6984
GTLRY,Greatland Resources Limited/ADR,,stock,6985
SIGEY,"Sigenergy Technology Co., Ltd./ADR",,stock,6986
UATCY,"Unisound AI Technology Co., Ltd./ADR",,stock,6987
SXZTY,"Shanghai Xizhi Technology Co., Ltd./ADR",,stock,6988
PRBRY,PREMIUM BRANDS HOLDINGS Corp,,stock,6989
RIOYY,Rio2 Ltd,,stock,6990
HLNK,Hualink Tech Inc,,stock,6991
GLQ,Clough Global Equity Fund Clough Global Equity Fund,NYSE American,stock,6992
ONWRY,Onward Medical N.V./ADR,,stock,6993
UNIU,"RiverNorth Long Prime Unicorn Fund I, Inc.",,stock,6994
LDP,"Cohen & Steers Ltd Duration Preferred & Income Fund, Inc.",,stock,6995
HPI,John Hancock Preferred Income Fund,,stock,6996
DPDSY,Dpc Dash Ltd/Adr,,stock,6997
AKCLY,Aica Kogyo Co Limited/ADR,,stock,6998
CMPLY,Com7 PCL/ADR,,stock,6999
OPNHY,Open House Group Co. Ltd/ADR,,stock,7000
NMRRY,"Nomura Real Estate Holdings, Inc./ADR",,stock,7001
FRLCY,Freelancer Ltd,,stock,7002
VIRMF,Viridian Metals Inc.,,stock,7003
SCBXY,SCB X Public Co Ltd,,stock,7004
PGIM,PGIM Private Credit Fund,,stock,7005
BEJRY,Beijer Ref AB/ADR,,stock,7006
GSL,Global Ship Lease Inc,NYSE,stock,7007
OURA,Oura Inc.,,stock,7008
TRXS,Canary Staked TRX ETF,Cboe BZX,etf,7009
STA,"Starton Holdings, Inc.",,stock,7010
NIAA,New Iceland Arctic Acquisition Corp.,,stock,7011
UNL,United States 12 Month Natural Gas Fund,NYSE Arca,etf,7012
OTAI,Starlink AI Acquisition Corporation,NYSE,stock,7013
GJR,"Synthetic Fixed-Income Securities, Inc. STRATS Trust for Procter&Gamble Securities, Series 2006-1",NYSE,stock,7014
GJP,"Synthetic Fixed-Income Securities, Inc. on behalf of STRATS (SM) Trust for Dominion Resources, Inc. Securities, Series 2005-6, Floating Rate Structured Repackaged Asset-Backed Trust Securities (STRATS) Certificates",NYSE,stock,7015
GJS,"Goldman Sachs Group Securities STRATS Trust for Goldman Sachs Group Securities, Series 2006-2",NYSE,stock,7016
GDLC,Grayscale CoinDesk Crypto 5 ETF,NYSE Arca,etf,7017
GSUI,Grayscale Sui Staking ETF,NYSE Arca,etf,7018
UUP,Invesco DB USD Index Bullish Fund ETF,NYSE Arca,etf,7019
DAC,Danaos Corporation,NYSE,stock,7020
IDXMF,Idex Metals Corp.,,stock,7021
BVGLY,Bellevue Gold Ltd./ADR,,stock,7022
DBL,DoubleLine Opportunistic Credit Fund,NYSE,stock,7023
NAC,Nuveen California Quality Municipal Income Fund,NYSE,stock,7024
NCA,Nuveen California Municipal Value Fund,NYSE,stock,7025
USA,Liberty All-Star Equity Fund,NYSE,stock,7026
TPZEY,Topaz Energy Corp./ADR,,stock,7027
GLVPY,Glenveagh Properties Plc/Adr,,stock,7028
NCV,Virtus Convertible & Income Fund,NYSE,stock,7029
FNIGY,Finning International Inc./ADR,,stock,7030
PMO,Franklin Municipal Opportunities Trust Shares of Beneficial Interest,NYSE,stock,7031
SCQC,SPACCircle Acquisition Corp.,,stock,7032
POCH,"POCHE TECHNOLOGY CO., Ltd",,stock,7033
SCAT,Southern Cross Acquisition II Corp.,,stock,7034
METRY,Metro Inc./Adr,,stock,7035
GJH,Synthetic Fixed-Income Securities Inc 6.375% (STRATS) Cl A-1,NYSE,stock,7036
AAAU,Goldman Sachs Physical Gold ETF Shares,Cboe BZX,etf,7037
CLNK,Common Shares of Beneficial Interest of Bitwise Chainlink ETF,NYSE Arca,etf,7038
AGKO,Aggreko Inc.,,stock,7039
CTY,"City Therapeutics, Inc.",,stock,7040
BOGD,Bogd FT Ltd,,stock,7041
NHLTY,Nightingale Health Plc,,stock,7042
GRCPY,Canal Plus SA/ADR,,stock,7043
HRIA,Harbour Island Acquisition Corp. I,,stock,7044
GJO,"Synthetic Fixed-Income Securities, Inc. on behalf of STRATS(SM) Trust for Wal-Mart Stores, Inc. Securities, Series 2004-5",NYSE,stock,7045
UNID,"RiverNorth Short Prime Unicorn Fund I, Inc",,stock,7046
KGBMY,Kongsberg Maritime ASA/ADR,,stock,7047
KOF,Coca Cola Femsa Sab De Cv,,stock,7048
MSGR,"MSGS Spinco, Inc.",,stock,7049
TCLXY,TCL Electronics Holdings Limited/ADR,,stock,7050
BMF,Bang Mai Fang Holdings,,stock,7051
WXILY,"Wuxi Lead Intelligent Equipment Co., Ltd./ADR",,stock,7052
UNIC,Unlimited Unicorn Opportunities Fund I,,stock,7053
CLBZ,Collab Z Inc.,,stock,7054
TOXR,21Shares XRP ETF,Cboe BZX,etf,7055
ALFUU,Centurion Acquisition Corp.,,stock,7056
VII,Viking Acquisition Corp. II,NYSE,stock,7057
SBXDF,SilverBox Corp IV,,stock,7058
FBTC,Fidelity Wise Origin Bitcoin Fund,Cboe BZX,etf,7059
SOLC,Canary Marinade Solana ETF,NASDAQ,etf,7060
ETHV,VanEck Ethereum ETF,Cboe BZX,etf,7061
BITA,iShares Bitcoin Premium Income ETF,NASDAQ,etf,7062
EZET,Franklin Ethereum ETF,Cboe BZX,etf,7063
SUIS,Canary Staked SUI ETF,NASDAQ,etf,7064
USL,United States 12 Month Oil,NYSE Arca,etf,7065
MSSE,Morgan Stanley Ethereum Trust,NYSE Arca,etf,7066
XRP,Bitwise XRP ETF,NYSE Arca,etf,7067
EZBC,Franklin Templeton Digital Holdings Trust Shares of Franklin Bitcoin ETF,Cboe BZX,etf,7068
ERH,Allspring Utilities and High Income Fund,NYSE American,stock,7069
JHI,John Hancock Investors Trust,NYSE,stock,7070
VGZ,Vista Gold Corp,NYSE American,stock,7071
BMOK,BM Acquisition Corp.,,stock,7072
BMB,"Bamboo Insurance Services, Inc.",,stock,7073
SBMW,"Security Midwest Bancorp, Inc.",,stock,7074
KRYCY,Koryx Copper Inc.,,stock,7075
SKUB,Skubbs Holdings Ltd,,stock,7076
FIT,Fitness Fanatics Ltd,,stock,7077
MSBT,Morgan Stanley Bitcoin Trust,,stock,7078
SKG,SMART KREATE GROUP Ltd,,stock,7080
MUYNY,Muyuan Foods Co. Ltd/ADR,,stock,7081
PBM,Psyence Biomedical Ltd.,NASDAQ,stock,7082
IAUM,iShares Gold Trust Micro Shares,NYSE Arca,etf,7083
GOSC,Giant Oak Acquisition Corp,,stock,7084
NYB,NYB Holdings Ltd,,stock,7085
MCY,Mercury General Corporation,NYSE,stock,7086
SYTN,Syntiant Corp.,,stock,7087
SPY,State Street SPDR S&P 500 ETF Trust,NYSE Arca,etf,7088
GPJA,Georgia Power Co,,stock,7089
GGRPY,GPT Group/ADR,,stock,7090
MROSY,Melrose Industries Plc/ADR,,stock,7091
ORCRY,Organo Corporation/ADR,,stock,7092
WDSP,"World Scan Project, Inc.",,stock,7093
EDN,Edenor,,stock,7094
IDT,IDT Corporation,NYSE,stock,7095
ATAYY,American Tungsten & Antimony Ltd,,stock,7096
SICCY,"SICC Co., Ltd./ADR",,stock,7097
JXIRY,Jiaxin International Resources Investment Limited/ADR,,stock,7098
CTNKY,Capital Tankers Corp./ADR,,stock,7099
LEDR,Leader's Advantage Acquisition Corp.,,stock,7100
HZEN,Grayscale Horizen Trust (ZEN),,stock,7101
ETH,Grayscale Ethereum Staking Mini ETF Shares,NYSE Arca,etf,7102
GOTV,"FullPAC, Inc.",,stock,7103
RGNA,Regenlab USA Inc.,,stock,7104
KPL,Kepler Group Ltd,,stock,7105
MTRL,Material Resource Acquisition Corp.,,stock,7106
FXE,Invesco CurrencyShares Euro Currency Trust,NYSE Arca,etf,7107
FXF,Invesco CurrencyShares Swiss Franc Trust,NYSE Arca,etf,7108
ETHA,iShares Ethereum Trust ETF,NASDAQ,etf,7109
EOT,Eaton Vance Municipal Income Trust EATON VANCE NATIONAL MUNICIPAL OPPORTUNITIES TRUST,NYSE,stock,7110
UTF,"Cohen & Steers Infrastructure Fund, Inc",NYSE,stock,7111
MMXGY,Minimax Group Inc./ADR,,stock,7112
SWBKY,Shawbrook Group plc/ADR,,stock,7113
DIA,State Street SPDR Dow Jones Industrial Average ETF Trust,NYSE Arca,etf,7114
GJT,"Synthetic Fixed-Income Securities, Inc. Floating Rate Structured Repackaged Asset-Backed Trust Securities Certificates, Series 2006-3",NYSE,stock,7115
GLEI,Galaxy Enterprises Inc. /WY/,,stock,7116
CTWO,Cotwo Advisors Physical European Carbon Allowance Trust,,stock,7117
SDSYA,South Dakota Soybean Processors Llc,,stock,7118
HUAQY,Huaqin Co. LTD/ADR,,stock,7119
THARY,Tharisa plc,,stock,7120
JNGDY,"Jingdong Industrials, Inc./ADR",,stock,7121
ULIT,US Elemental Inc.,,stock,7122
MREGY,Meridian Energy Ltd/ADR,,stock,7123
BRVUY,Bravura Solutions Ltd,,stock,7124
CBPHF,"Clover Biopharmaceuticals, Ltd.",,stock,7125
MGNO,"Magnolia Bancorp, Inc.",,stock,7127
GLTR,abrdn Physical Precious Metals Basket Shares ETF,NYSE Arca,etf,7128
ADBT,"Advasa Holdings, Inc.",NASDAQ,stock,7129
BHYP,Common Shares of Beneficial Interest of Bitwise Hyperliquid ETF,NYSE Arca,etf,7130
MW,"Tailored Brands, Inc. / DE",,stock,7131
RZAI,Roze AI Inc.,NASDAQ,stock,7132
ACCV,Accelevation Holdings Corp.,NASDAQ,stock,7133
HCAX,Hall Chadwick Acquisition Corp II,,stock,7134
AFNX,AfterNext Acquisition I Corp.,,stock,7135
IBIT,iShares Bitcoin Trust ETF,NASDAQ,etf,7136
APTN,"Adaptin Bio, Inc.",,stock,7137
ODRS,"Outdoor Specialty Products, Inc.",,stock,7138
LTCN,Grayscale Litecoin Trust (LTC),,stock,7139
USDW,Made In Usa Inc.,,stock,7140
TX,Ternium S.A.,,stock,7141
EBF,"Ennis, Inc.",NYSE,stock,7142
BAVA,Common Shares of Beneficial Interest of Bitwise Avalanche ETF,NYSE Arca,etf,7143
NCIQ,Hashdex Nasdaq CME Crypto Index ETF,NASDAQ,etf,7144
STSUF,Satsuma Technology PLC,,stock,7145
FBLL,Football Manager SPAC Inc.,,stock,7146
BYOP,"KiNRG, Inc.",,stock,7147
GGTKY,PT GoTo Gojek Tokopedia Tbk/ADR,,stock,7148
SKBBY,"Sichuan Kelun-Biotech Biopharmaceutical Co., Ltd./ADR",,stock,7149
MTMTY,Metlen Energy & Metals PLC/ADR,,stock,7150
PLTM,GraniteShares Platinum Shares ETF,NYSE Arca,etf,7151
DBE,Invesco DB Energy Fund,NYSE Arca,etf,7152
OUNZ,VanEck Merk Gold ETF,NYSE Arca,etf,7153
SEQC,"SeeQC, Inc.",,stock,7154
TFP,TFP Group Ltd,,stock,7155
BRRR,Coinshares Bitcoin ETF,NASDAQ,etf,7156
PSUS,"Pershing Square USA, Ltd.",NYSE,stock,7157
QSOL,Invesco Galaxy Solana ETF,Cboe BZX,etf,7158
BWG,BrandywineGLOBAL Global Income Opportunities Fund Inc.,NYSE,stock,7159
DSRNY,DiaSorin SpA/ADR,,stock,7160
PDSRX,Principal Real Asset Fund,,stock,7161
HLSQ,Tessera Defense and Homeland Security Inc.,NYSE American,stock,7162
BOE,Blackrock Enhanced Global Dividend Trust,NYSE,stock,7163
TSM,Taiwan Semiconductor Manufacturing Company Ltd.,NYSE,stock,7164
DPU,Top KingWin Ltd,NASDAQ,stock,7165
FSOL,Fidelity Solana Fund,NYSE Arca,etf,7166
PCPGY,PC Partner Group Ltd/ADR,,stock,7167
GVAC,Gravity Acquisition Corp.,,stock,7168
FT,Franklin Universal Trust,NYSE,stock,7169
CHW,Calamos Global Dynamic Income Fund - Closed End Fund,NASDAQ,stock,7170
GDO,Western Asset Global Corporate Opportunity Fund Inc.,NYSE,stock,7171
PHI,PLDT Inc. Sponsored ADR,NYSE,stock,7172
MADL,Man Ahl Diversified I Lp,,stock,7173
DBO,Invesco DB Oil Fund,NYSE Arca,etf,7174
AILIH,Ameren Illinois Co,,stock,7175
NNPEF,Ninepoint Energy Fund,,stock,7176
CTVHY,CT Vision S.L. (International) Holdings Limited/ADR,,stock,7177
UAN,"Cvr Partners, Lp",,stock,7178
ZOAR,Zoar Ltd,,stock,7179
SJT,San Juan Basin Royalty Trust,NYSE,stock,7180
ARL,"American Realty Investors, Inc.",NYSE,stock,7182
UDN,Invesco DB USD Index Bearish ETF,NYSE Arca,etf,7183
BTZ,BlackRock Credit Allocation Income Trust,NYSE,stock,7184
SOEZ,Franklin Solana ETF,NYSE Arca,etf,7185
TETH,21Shares Ethereum ETF,Cboe BZX,etf,7186
MWG,Multi Ways Holdings Limited,NYSE American,stock,7187
GDMT,Gold Mountain Acquisition Corp.,,stock,7188
CEE,"The Central and Eastern Europe Fund, Inc. (The)",NYSE,stock,7189
BPRE,Bluerock Private Real Estate Fund,NYSE,stock,7190
DBC,Invesco DB Commodity Index Tracking Fund,NYSE Arca,etf,7191
TEO,Telecom Argentina SA,NYSE,stock,7192
PPLT,abrdn Physical Platinum Shares ETF,NYSE Arca,etf,7193
ETY,Eaton Vance Tax-Managed Diversified Equity Income Fund,NYSE,stock,7194
EFT,Eaton Vance Floating Rate Income Trust,NYSE,stock,7195
NARA,"Narragansett Bancorp, Inc.",,stock,7196
KCAC-UN,Kensington Capital Acquisition Corp. VI,,stock,7197
OSAC,Orange Street Acquisition Corp,,stock,7198
AELKY,ASELSAN Elektronik Sanayi ve Ticaret Anonim Sirketi/ADR,,stock,7199
EVG,Eaton Vance Short Diversified Income Fund Eaton Vance Short Duration Diversified Income Fund,NYSE,stock,7200
EVV,Eaton Vance Limited Duration Income Fund,NYSE American,stock,7201
EYUBY,Electricity Generating Public Co Limited/ADR,,stock,7202
FTRA,FutureCorp Space Acquisition 1,NYSE,stock,7203
AIB,AIB Data Centers Inc.,NYSE American,stock,7204
TTMSF,Titiminas Silver Inc.,,stock,7205
HFE,Hao Feng Group Ltd.,,stock,7206
MSM,"MSC Industrial Direct Company, Inc.",NYSE,stock,7208
SHNTY,"Shanghai Top Numerical Control Technology Co., Ltd./ADR",,stock,7209
VMO,Invesco Municipal Opportunity Trust,NYSE,stock,7210
SINI,Sierra International Network Inc,,stock,7211
SIF,"SIFCO Industries, Inc.",NYSE American,stock,7212
HOST,Host Digital Inc.,NYSE American,stock,7213
HZRBY,"Horizon Robotics, Inc./ADR",,stock,7214
NL,"NLI Holdings, Inc.",NYSE,stock,7215
HODL,VanEck Bitcoin Trust,Cboe BZX,etf,7216
SLV,iShares Silver Trust,NYSE Arca,etf,7217
SGIHY,"Sugi Holdings Co., Ltd./ADR",,stock,7218
TRCX,Tracx Logis Ltd.,,stock,7219
LKYLY,Locksley Resources Limited/ADR,,stock,7220
ZHJIY,"Zhongji Innolight Co., Ltd./ADR",,stock,7221
GHRTF,Greenheart Gold Inc.,,stock,7222
NTCMY,Natura Cosmeticos S.A./ADR,,stock,7223
TMKVY,Tamarack Valley Energy Ltd./ADR,,stock,7224
CNGMY,"CNGR Advanced Material Co., Ltd/ADR",,stock,7225
ANJFY,"Anjoy Foods Group Co., Ltd./ADR",,stock,7226
EMP,"Entergy Mississippi, LLC First Mortgage Bonds, 4.90% Series Due October 1, 2066",NYSE,stock,7227
BCLGY,Baltic Classifieds Group Plc/Adr,,stock,7228
NHS,Neuberger High Yield Strategies Fund Inc.,NYSE American,stock,7229
MSOL,Morgan Stanley Solana Trust,NYSE Arca,etf,7230
NXNT,"Nexscient, Inc.",,stock,7231
VSOL,VanEck Solana ETF,NASDAQ,etf,7232
BSOL,Bitwise Solana Staking ETF,NYSE Arca,etf,7233
UVIX,2x Long VIX Futures ETF,Cboe BZX,etf,7234
GGN,"GAMCO Global Gold, Natural Resources & Income Trust",NYSE American,stock,7235
EXG,Eaton Vance Tax-Managed Global Diversified Equity Income Fund,NYSE,stock,7236
CYD,China Yuchai International Limited,NYSE,stock,7237
RHDTY,Ruihe Data Technology Holdings Limited/ADR,,stock,7238
TDOG,21shares Dogecoin ETF,NASDAQ,etf,7239
EZPZ,Franklin Crypto Index ETF,Cboe BZX,etf,7240
MUJ,"Blackrock MuniHoldings New Jersey Quality Fund, Inc.",NYSE,stock,7241
WODO,World Road Inc.,,stock,7242
NXP,Nuveen Select Tax Free Income Portfolio,NYSE,stock,7243
JRS,Nuveen Real Estate Income Fund,NYSE,stock,7244
YGSHY,Yangzijiang Shipbuilding Holdings Ltd/ADR,,stock,7245
RCG,"RENN Fund, Inc",NYSE American,stock,7246
FC,Franklin Covey Company,NYSE,stock,7247
APGH,AleeanPeace Group Holdings Ltd,,stock,7248
TKDG,3KNIGHTS DYNAMICS GROUP Ltd,,stock,7249
SAIQ,WISeSat.Space Holdings Corp.,,stock,7250
VLT,Invesco High Income Trust II,NYSE,stock,7251
WIW,Western Asset Inflation-Linked Opportunities & Income Fund,NYSE,stock,7252
PCQ,PIMCO California Municipal Income Fund,NYSE,stock,7253
TYOEY,Toyo Engineering Corporation/ADR,,stock,7254
DYBTY,Duality Biotherapeutics Inc/ADR,,stock,7255
FRTRY,"Fortior Technology (Shenzhen) Co., Ltd./ADR",,stock,7256
VSGRY,VusionGroup,,stock,7257
RECCY,Reece Limited/ADR,,stock,7258
CSCCY,Capstone Copper Corp./ADR,,stock,7259
VCCG,V Capital Consulting Group Ltd,,stock,7260
IVHI,"Invech Holdings, Inc.",,stock,7261
GAIN,Gladstone Investment Corporation - Business Development Company,NASDAQ,stock,7262
BST,BlackRock Science and Technology Trust,NYSE,stock,7263
VRMK,Erp Operating Ltd Partnership,,stock,7264
UUU,"Universal Safety Products, Inc.",NYSE American,stock,7265
ITRE,"IntriEnergy, Inc.",,stock,7266
ZJGIY,Zijin Gold International Co Limited/ADR,,stock,7267
SOUD,Hacker Interstellar Inc.,,stock,7268
GMNHY,Guming Holdings Ltd/ADR,,stock,7269
MTGLY,Mininglamp Technology Group Limited/ADR,,stock,7270
CMBY,Cumberland Farms Ltd,,stock,7271
TKOMY,"Tokio Marine Holdings, Inc.",,stock,7272
ADRX,"ADARx Pharmaceuticals, Inc.",NASDAQ,stock,7273
SVA,"Sinovac Biotech, Ltd.",NASDAQ,stock,7274
NEPRY,NEPI Rockcastle plc/ADR,,stock,7275
CPPBY,Central Pattana Public Co Limited/ADR,,stock,7276
THM,"International Tower Hill Mines, Ltd.",NYSE American,stock,7277
CMC,Commercial Metals Company,NYSE,stock,7278
UGA,United States Gasoline Fund LP,NYSE Arca,etf,7279
NONE.,"EBR Systems, Inc.",,stock,7280
KTH,Structured Products Corp Corts Tr For Peco Energy Cap Tr Iii,,stock,7281
PYT,PPlus Tr GSC-2 Tr Ctf Fltg Rate,NYSE,stock,7282
IPB,"Merrill Lynch & Co., Inc. 6.0518% Index Plus Trust Certificates Series 2003-1",NYSE,etf,7283
KTN,Structured Products Corp 8.205% CorTS 8.205% Corporate Backed Trust Securities (CorTS),NYSE,stock,7284
MNYCY,Manycore Tech Inc./ADR,,stock,7285
ENT,"Entrata, Inc.",,stock,7287
RGC,Regencell Bioscience Holdings Limited,NASDAQ,stock,7288
BRRK,Bluerock Acquisition Corp. II,,stock,7289
BDI,"Blockfusion Digital Infrastructure, Inc.",,stock,7290
DBB,Invesco DB Base Metals Fund,NYSE Arca,etf,7291
DBA,Invesco DB Agriculture Fund,NYSE Arca,etf,7292
ININ,Sin Lian Seng Construction,,stock,7293
PTMSY,PT MDS Retailing Tbk/ADR,,stock,7294
BTCW,WisdomTree Bitcoin Fund,Cboe BZX,etf,7295
THYP,21shares Hyperliquid Staking ETF,NASDAQ,etf,7296
PALL,abrdn Physical Palladium Shares ETF,NYSE Arca,etf,7297
WMK,"Weis Markets, Inc.",NYSE,stock,7298
BME,Blackrock Health Sciences Trust,NYSE,stock,7299
VOC,VOC Energy Trust,,stock,7300
IVAI,Ives Ultra AI Opportunities Inc.,NYSE,stock,7301
LSHGY,Louis Hachette Group/ADR,,stock,7302
CHSCP,Chs Inc,,stock,7303
MSB,Mesabi Trust,NYSE,stock,7304
ASR,"Grupo Aeroportuario del Sureste, S.A. de C.V.",NYSE,stock,7305
KEN,Kenon Holdings Ltd.,NYSE,stock,7306
BSL,Blackstone Senior Floating Rate 2027 Term Fund,NYSE,stock,7307
BGB,Blackstone Strategic Credit 2027 Term Fund,NYSE,stock,7308
MDY,State Street SPDR S&P MIDCAP 400 ETF Trust,NYSE Arca,etf,7309
FTF,Franklin Limited Duration Income Trust,NYSE American,stock,7310
VAT,"Varsal Tech, Inc.",,stock,7311
DSS,"DSS, Inc.",NYSE American,stock,7312
XRPZ,Franklin XRP ETF,NYSE Arca,etf,7313
ETHB,iShares Staked Ethereum Trust ETF,NASDAQ,etf,7314
OSOL,Osprey Solana Trust,,stock,7315
MNZLY,Mercury NZ Ltd./ADR,,stock,7316
HNPHY,Hansoh Pharmaceutical Group Co Limited/ADR,,stock,7317
VYLR,Vylor Inc.,NYSE,stock,7318
BDL,"Flanigan's Enterprises, Inc.",NYSE American,stock,7319
SNEVY,Sunevision Holdings/Adr,,stock,7321
DTRSY,Dateline Resources Ltd/Adr,,stock,7322
VBNB,VanEck BNB ETF,NASDAQ,etf,7323
BDRY,Breakwave Dry Bulk Shipping ETF,NYSE Arca,etf,7324
MNTGY,"Montage Technology Co., Ltd./ADR",,stock,7325
ETHW,Bitwise Ethereum ETF,NYSE Arca,etf,7326
QSP,Restaurant Brands International Limited Partnership,,stock,7327
IPHX,Inflection Point Acquisition Corp. VIII,,stock,7328
SPCX,Space Exploration Technologies Corp.,NASDAQ,stock,7329
YRD,Yiren Digital Ltd.,,stock,7330
SCOP,Sprott Physical Copper Trust,,stock,7331
LARS,Laris Growth Acquisition Corp.,,stock,7332
SMPHY,SM Prime Holdings Inc./ADR,,stock,7333
THCLY,"Toho Co., Ltd./ADR",,stock,7334
BKPOY,Bank Pekao S.A./ADR,,stock,7335
PRLG,Prologium Holding Inc.,,stock,7336
KUBE,CubeBio Holdings Ltd,,stock,7337
NRP,Natural Resource Partners LP Limited Partnership,NYSE,stock,7338
BLX,"Bladex, Inc.",NYSE,stock,7339
SIVR,abrdn Physical Silver Shares ETF,NYSE Arca,etf,7340
CCU,"Compania Cervecerias Unidas, S.A.",NYSE,stock,7341
LTM,Latam Airlines Group S.A.,,stock,7342
ODC,Oil-Dri Corporation Of America,NYSE,stock,7343
DBP,Invesco DB Precious Metals Fund,NYSE Arca,etf,7344
XSIAX,Voya Credit Income Fund,,stock,7345
NBH,Neuberger Municipal Fund Inc.,NYSE American,stock,7346
PMT,PennyMac Mortgage Investment Trust,NYSE,stock,7347
ARKB,ARK 21Shares Bitcoin ETF,Cboe BZX,etf,7348
AFB,AllianceBernstein National Municipal Income Fund Inc,NYSE,stock,7349
MMD,NYLIM MacKay DefinedTerm Muni Opportunities Fund,NYSE,stock,7350
GGZ,Gabelli Global Small and Mid Cap Value Trust (The),NYSE,stock,7351
MWAI,"MedWellAI, Inc.",,stock,7352
MGF,Aberdeen Government Markets Income Fund,NYSE,stock,7353
BHV,BlackRock Virginia Municipal Bond Trust,NYSE,stock,7354
AGD,abrdn Global Dynamic Dividend Fund,NYSE,stock,7355
GLD,SPDR Gold Shares,NYSE Arca,etf,7356
BITB,Bitwise Bitcoin ETF,NYSE Arca,etf,7357
OBTC,Osprey Bitcoin Trust,NASDAQ,etf,7358
SGOL,abrdn Physical Gold Shares ETF,NYSE Arca,etf,7359
CET,Central Securities Corporation,NYSE American,stock,7360
EMD,Western Asset Emerging Markets Debt Fund Inc,NYSE,stock,7361
MIN,Aberdeen Intermediate Income Fund,NYSE,stock,7362
EDD,"Morgan Stanley Emerging Markets Domestic Debt Fund, Inc.",NYSE,stock,7363
CIK,"UBS Asset Management Income Fund, Inc.",NYSE American,stock,7364
AVK,Advent Convertible and Income Fund,NYSE,stock,7365
WDS,Woodside Energy Group Ltd,,stock,7366
GLO,Clough Global Opportunities Fund,NYSE American,stock,7367
DHY,UBS Asset Management High Yield Credit Fund,NYSE American,stock,7368
MYI,"Blackrock MuniYield Quality Fund III, Inc",NYSE,stock,7369
FRA,Blackrock Floating Rate Income Strategies Fund Inc,NYSE,stock,7370
HNAMY,Hana Microelectronics Public Co Ltd /Adr/,,stock,7371
IHD,Voya Emerging Markets High Income Dividend Equity Fund,NYSE,stock,7372
IGA,Voya Global Advantage and Premium Opportunity Fund,NYSE,stock,7373
JBK,Lehman ABS 3.50 3.50% Adjustable Corp Backed Tr Certs GS Cap I,NYSE,stock,7374
UNG,United States Natural Gas Fund LP,NYSE Arca,etf,7375
BAR,GraniteShares Gold Trust Shares of Beneficial Interest,NYSE Arca,stock,7376
ASTI,"Ascent Solar Technologies, Inc",NASDAQ,stock,7377
USCI,United States Commodity Index Fund ETV,NYSE Arca,etf,7378
VPV,Invesco Pennsylvania Value Municipal Income Trust,NYSE,stock,7379
FCT,First Trust Senior Floating Rate Income Fund Ii,,stock,7380
GSG,iShares GSCI Commodity-Indexed Trust Fund,NYSE Arca,etf,7381
BNO,"United States Brent Oil Fund, LP ETV",NYSE Arca,etf,7382
PFO,Flaherty & Crumrine PREFERRED & INCOME OPPORTUNITY FUND INC,,stock,7383
EMO,ClearBridge Energy Midstream Opportunity Fund Inc.,NYSE,stock,7384
DIT,AMCON Distributing Company,NYSE American,stock,7385
SIMAU,SIM Acquisition Corp. I,,stock,7386
JOF,Japan Smaller Capitalization Fund Inc,NYSE,stock,7387
HIO,"Western Asset High Income Opportunity Fund, Inc.",NYSE,stock,7388
EBGCY,Eastroc Beverage Group Co. Ltd/ADR,,stock,7389
CAPI,"Capstone 72, Inc.",,stock,7390
CLRLY,Central Retail Corp Public Co Limited/ADR,,stock,7391
CSCM,Crestone Strategic Capital Acquisition Corp,,stock,7392
TCRG,Cannaisseur Group Inc.,,stock,7393
PRSKY,PrairieSky Royalty Ltd/ADR,,stock,7394
BGH,Barings Global Short Duration High Yield Fund,NYSE,stock,7395
GDOG,Grayscale Dogecoin Trust ETF,NYSE Arca,etf,7397
BTC,Grayscale Bitcoin Mini Trust (BTC),NYSE Arca,etf,7398
GTAO,Grayscale Bittensor Trust (TAO),,stock,7399
GBTC,Grayscale Bitcoin Trust (BTC),NYSE Arca,etf,7400
FLSC,Frazier Life Sciences Acquisition Corp. II,,stock,7401
TBCV,"Thunder Bridge Capital Partners V, Ltd.",,stock,7402
NRR,Common Shares of Beneficial Interest of Bitwise NEAR ETF,NYSE Arca,etf,7403
EOCN,Eocene Ltd.,NASDAQ,stock,7404
GLNK,Grayscale Chainlink Trust ETF,NYSE Arca,etf,7405
GSOL,Grayscale Solana Staking ETF,NYSE Arca,etf,7406
BCHG,Grayscale Bitcoin Cash Trust (BCH),,stock,7407
HYPG,Grayscale Hyperliquid Staking ETF,NASDAQ,etf,7408
GXRP,Grayscale XRP Trust ETF,NYSE Arca,etf,7409
ITT,ITT Inc.,NYSE,stock,7411
BTCO,Invesco Galaxy Bitcoin ETF,Cboe BZX,etf,7412
NEUC,Neucleus Group Ltd,,stock,7413
DHGR,Devonian Health Group Inc.,,stock,7414
MLAA,Mountain Lake Acquisition Corp. II,NASDAQ,stock,7415
IMO,Imperial Oil Limited,NYSE American,stock,7416
LOVI,Live Oak Acquisition Corp. VI,,stock,7417
MGMYY,Magna Mining Inc.,,stock,7418
GSNR,Grayscale Near Trust (NEAR),,stock,7419
GAVA,Grayscale Avalanche Staking ETF,NASDAQ,etf,7420
GBAT,Grayscale Basic Attention Token Trust (BAT),,stock,7421
MANA,Grayscale Decentraland Trust (MANA),,stock,7422
OBNB,Osprey BNB Chain Trust,,stock,7423
TELYF,Telyrx Holdings Inc.,,stock,7424
TVCN,TV Channels Network Inc.,,stock,7425
NMI,"Nuveen Municipal Income Fund, Inc.",NYSE,stock,7426
RENGY,"Rengo Co., Ltd./ADR",,stock,7427
ZSHLY,"Zensho Holdings Co., Ltd./ADR",,stock,7428
TSLVF,Tier One Silver Inc.,,stock,7429
SIAMY,Siam Global House Public Co Limited/ADR,,stock,7430
DAVI,Davion Healthcare Plc,,stock,7431
SRAV,Source Agriventures Inc.,,stock,7432
FETH,Fidelity Ethereum Fund,Cboe BZX,etf,7433
KOEI,"Koei Group Co., Ltd.",,stock,7434
CRAUY,"Chery Automobile Co., Ltd./ADR",,stock,7435
GDTTY,"Guangdong Dtech Technology Co., Ltd./ADR",,stock,7436
KHG,Kainan Holding Group Ltd,,stock,7437
PTT,Siyata Ptt,,stock,7438
AIOK,AI OKTO Corp.,,stock,7439
CHWM,Chilwa Minerals Limited - American Depository Shares,NASDAQ,stock,7440
GDHRY,"Guangdong Huayan Robotics Co, Ltd./ADR",,stock,7441
MTBOY,Metis TechBio Co Ltd/ADR,,stock,7442
GSM,Ferroglobe PLC,NASDAQ,stock,7443
MKAR,Mkango Rare Earths Ltd,,stock,7444
BOTX,Datz World Holdings Corp.,,stock,7445
AEIB,AEI CapForce II Investment Corp,,stock,7446
OHII,Oceanhawk Acquisition II Corp.,,stock,7447
WELA,Wella Co,,stock,7448
SIAI,Silentium Ltd.,,stock,7449
SUCH,Suchness Tech Ltd,,stock,7450
AFNDY,Allfunds Group PLC./ADR,,stock,7451
JFR,Nuveen Floating Rate Income Fund,NYSE,stock,7452
NRUC,National Rural Utilities Cooperative Finance Corp /Dc/,,stock,7453
ENJ,"Entergy New Orleans, LLC First Mortgage Bonds, 5.0% Series due December 1, 2052",NYSE,stock,7454
IAU,iShares Gold Trust Shares,NYSE Arca,etf,7455
FXB,Invesco CurrencyShares British Pound Sterling Trust,NYSE Arca,etf,7456
FXY,Invesco CurrencyShares Japanese Yen Trust,NYSE Arca,etf,7457
HFG,"Hometown Financial Group, Inc./MD",,stock,7458
NAZ,Nuveen Arizona Quality Municipal Income Fund,NYSE,stock,7459
JQC,Nuveen Credit Strategies Income Fund Shares of Beneficial Interest,NYSE,stock,7460
CYPA,Cyphaira Corp.,,stock,7461
ORIB,Orion Bliss Corp.,,stock,7462
ORNJY,OranjeBTC S.A. Educacao E Investmentimento/ADR,,stock,7463
CCIL,CALM Chain International Ltd,,stock,7464
EAI,"Entergy Arkansas, LLC First Mortgage Bonds, 4.875% Series Due September 1, 2066",NYSE,stock,7465
LPAAU,Launch One Acquisition Corp.,,stock,7466
NSNFY,"Nissin Foods Holdings Co., Ltd./ADR",,stock,7467
PHCAF,Phoenix Metals Corp.,,stock,7468
LCAC,Lower Cross Acquisitions Corp,,stock,7469
GOOG,Alphabet Inc. - Class C Capital Stock,NASDAQ,stock,7470
BRK-A,Berkshire Hathaway Inc.,NYSE,stock,7472
ASMLF,Asml Holding Nv,,stock,7473
KXIAY,Kioxia Holdings Corporation/ADR,,stock,7474
TSMWF,Taiwan Semiconductor Manufacturing Co Ltd,,stock,7475
BABAF,Alibaba Group Holding Ltd,,stock,7476
PCCYF,Petrochina Co Ltd,,stock,7479
CTATF,"Contemporary Amperex Technology Co., Limited/ADR",,stock,7480
NVSEF,Novartis Ag,,stock,7481
RYDAF,Shell plc,,stock,7482
TOYOF,Toyota Motor Corp/,,stock,7485
CILJF,China Life Insurance Co Ltd,,stock,7486
MBFJF,Mitsubishi Ufj Financial Group Inc,,stock,7488
SAPGF,Sap Se,,stock,7489
BHPLF,BHP Group Ltd,,stock,7490
BCDRF,"Banco Santander, S.A.",,stock,7491
HBCYF,Hsbc Holdings Plc,,stock,7492
ABLZF,Abb Ltd,,stock,7495
ABBNY,Abb Ltd,,stock,7496
NONOF,Novo Nordisk A S,,stock,7497
SNEJF,Sony Group Corp,,stock,7498
TBB,At&T Inc.,,stock,7499
SNYNF,Sanofi,,stock,7500
UNLYF,Unilever Plc,,stock,7501
BUDFF,Anheuser-Busch InBev SA/NV,,stock,7502
DTEGF,Deutsche Telekom Ag,,stock,7504
GLAXF,GSK plc,,stock,7505
BPAQF,Bp Plc,,stock,7506
BTAFF,British American Tobacco p.l.c.,,stock,7507
RTPPF,Rio Tinto Plc,,stock,7508
SMFNF,"Sumitomo Mitsui Financial Group, Inc.",,stock,7509
IDEXF,Industria de Diseno Textil Inditex SA / ADR,,stock,7510
BYDDF,Byd Co Ltd,,stock,7511
NCRRP,NCR Voyix Corp,,stock,7512
CMXHF,Csl Ltd,,stock,7513
NTTYY,Nippon Telegraph & Telephone Corp,,stock,7514
SNPMF,China Petroleum & Chemical Corp,,stock,7515
MBGAF,Daimler Ag,,stock,7516
NETTF,"NetEase, Inc.",,stock,7517
EBBNF,Enbridge Inc,,stock,7519
BAESF,Bae Systems Plc /Fi/,,stock,7522
AMXOF,America Movil Sab De Cv/,,stock,7523
GLCNF,Glencore plc/ADR,,stock,7524
PBR-A,Petrobras - Petroleo Brasileiro Sa,,stock,7526
KDDIF,Kddi Corp,,stock,7527
STOHF,Equinor Asa,,stock,7528
RLXXF,Relx Plc,,stock,7530
TRP,TC Energy Corporation,NYSE,stock,7531
SFTBF,Softbank Group Corp.,,stock,7532
BAIDF,"Baidu, Inc.",,stock,7533
NOKBF,Nokia Corp,,stock,7534
RBGPF,Reckitt Benckiser Group Plc,,stock,7535
DGEAF,Diageo Plc,,stock,7536
EIPAF,Eni Spa,,stock,7537
CCZ,Comcast Holdings ZONES,NYSE,stock,7538
SFBQF,Softbank Group Corp.,,stock,7539
WEBNF,Westpac Banking Corp,,stock,7540
IFNNF,Infineon Technologies Ag,,stock,7541
MZHOF,Mizuho Financial Group Inc,,stock,7542
HTHIF,Hitachi Ltd,,stock,7543
NGGTF,National Grid Plc,,stock,7544
TKPHF,Takeda Pharmaceutical Co Ltd,,stock,7545
DKILF,Daikin Industries Ltd,,stock,7546
BECEF,Bce Inc,,stock,7547
BSQKZ,"Block, Inc.",,stock,7549
TNCAF,Tc Energy Corp,,stock,7551
INGVF,Ing Groep Nv,,stock,7552
TRPCF,Trip.com Group Ltd,,stock,7554
ITOCF,Itochu Corp,,stock,7555
LLDTF,Lloyds Banking Group plc,,stock,7557
BBVXF,"Banco Bilbao Vizcaya Argentaria, S.A.",,stock,7558
HLNCF,Haleon plc,,stock,7559
TCANF,Tc Energy Corp,,stock,7560
BMDPF,Banca Monte Dei Paschi Di Siena Spa,,stock,7562
JDCMF,"JD.com, Inc.",,stock,7563
HNDAF,Honda Motor Co Ltd,,stock,7564
TKOMF,"Tokio Marine Holdings, Inc.",,stock,7565
SVNDF,Seven & I Holdings Co Ltd,,stock,7566
BAMGF,BROOKFIELD Corp /ON/,,stock,7567
MRAAF,"Murata Manufacturing Co., Ltd./ADR",,stock,7569
BAMXF,Bayerische Motoren Werke AG/ADR,,stock,7570
PINXF,People's Insurance Co (Group) of China Limited/ADR,,stock,7571
TCKRF,Teck Resources Ltd,,stock,7572
CRARF,Credit Agricole S A,,stock,7573
ENAKF,E.On Se,,stock,7574
RBSPF,NatWest Group plc,,stock,7575
ERIXF,Ericsson Lm Telephone Co,,stock,7576
PUKPF,Prudential Plc,,stock,7577
WOPEF,Woodside Energy Group Ltd,,stock,7578
HEI-A,Heico Corporation,NYSE,stock,7579
FNCTF,Orange,,stock,7580
LEN-B,Lennar Corporation Class B,NYSE,stock,7581
CIXPF,CaixaBank/ADR,,stock,7582
BCLYF,Barclays Plc,,stock,7583
RSMDF,Resmed Inc,,stock,7584
BIP,Brookfield Infrastructure Partners L.P.,,stock,7585
CODGF,Compagnie De Saint Gobain,,stock,7586
LAAOF,Li Auto Inc.,,stock,7588
VWSYF,Vestas Wind Systems A/S,,stock,7589
ORXCF,Orix Corp,,stock,7590
TEFOF,Telefonica S A,,stock,7591
VODPF,Vodafone Group Public Ltd Co,,stock,7592
BBDO,Bank Bradesco,,stock,7593
GNMSF,Genmab A/S,,stock,7594
ANNSF,Aena S.A./ADR,,stock,7595
CAJPY,Canon Inc,,stock,7597
STMEF,STMicroelectronics N.V.,,stock,7598
HKHHF,Heineken Holding N V,,stock,7599
FOX,Fox Corporation,NASDAQ,stock,7600
AMSYF,ArcelorMittal,,stock,7601
SAXPF,Sampo OYJ,,stock,7602
RYAOF,Ryanair Holdings Plc,,stock,7603
FWONK,Liberty Media Corporation - Series C,NASDAQ,stock,7604
MKC-V,"McCormick & Company, Incorporated",NYSE,stock,7605
TNRSF,Tenaris Sa,,stock,7606
RSTRF,Restaurant Brands International Limited Partnership,,stock,7607
MARUF,Marubeni Corp /Fi,,stock,7608
SOJC,Southern Co,,stock,7609
CAJFF,Canon Inc,,stock,7610
HMRZF,H&M Hennes & Mauritz Ab,,stock,7611
HRNNF,Hydro One Ltd,,stock,7612
COCSF,Coca Cola Femsa Sab De Cv,,stock,7613
ICHGF,Intercontinental Hotels Group Plc /New/,,stock,7614
TELNF,Telenor Asa,,stock,7615
RCIAF,Rogers Communications Inc,,stock,7616
XPNGF,Xpeng Inc.,,stock,7617
Z,"Zillow Group, Inc. - Class C Capital Stock",NASDAQ,stock,7618
FCNCB,First Citizens Bancshares Inc /De/,,stock,7620
KYOCF,Kyocera Corp,,stock,7621
BKZHY,Santander Bank Polska SA/ADR,,stock,7622
FWONB,Liberty Media Corp,,stock,7623
MTNOF,Mtn Group Ltd/Adr,,stock,7624
NRSCF,Nomura Holdings Inc,,stock,7625
NWS,News Corporation,NASDAQ,stock,7626
JHIUF,James Hardie Industries plc,,stock,7627
SPXSF,Spirax-Sarco Engineering PLC/ADR,,stock,7628
RYLPF,Koninklijke Philips Nv,,stock,7629
AMCCF,Amcor plc,,stock,7630
SURDF,"Sumitomo Realty & Development Co., Ltd./ADR",,stock,7631
BIO-B,"Bio-Rad Laboratories, Inc.",NYSE,stock,7632
EDRVY,EDP Renewables S.A./ADR,,stock,7633
CHKIF,China Southern Airlines Co Ltd,,stock,7634
ADTTF,Advantest Corp,,stock,7635
FSNUF,Fresenius SE & Co. KGaA,,stock,7637
AKZOF,Akzo Nobel Nv,,stock,7638
SGIOF,Shionogi & Co Ltd,,stock,7639
FRFFF,Fairfax Financial Holdings Ltd/ Can,,stock,7640
NIOIF,NIO Inc.,,stock,7642
FNGD,"MicroSectors FANG  Index -3X Inverse Leveraged ETNs due January 8, 2038",NYSE Arca,stock,7643
GFIOF,Gold Fields Ltd,,stock,7644
NCSYF,NICE Ltd.,,stock,7645
RKLIF,Rentokil Initial Plc /Fi,,stock,7646
SVYSF,Solvay S A /Adr/,,stock,7647
GELYF,Geely Automobile Holdings Limited/ADR,,stock,7648
NMPGY,Navios Maritime Holdings Inc.,,stock,7649
WSO-B,"Watsco, Inc.",NYSE,stock,7650
FMCQF,Fresenius Medical Care AG,,stock,7651
BF-A,Brown Forman Inc,NYSE,stock,7654
SNNUF,Smith & Nephew Plc,,stock,7655
SHECF,"Shin-Etsu Chemical Co., Ltd.",,stock,7656
BZLFF,Bunzl Plc,,stock,7657
ALMMF,Aluminum Corp Of China Ltd,,stock,7658
ERRAF,Emera Inc,,stock,7659
PIRBF,Piraeus Bank S.A.,,stock,7660
UHAL-B,U-Haul Holding Company Series N Non-Voting,NYSE,stock,7661
SBYSF,Sibanye Stillwater Ltd,,stock,7662
YMHAY,"Yamaha Motor Co., Ltd.",,stock,7663
DQJCF,Don Quijote Holdings Co Ltd,,stock,7664
PBNNF,PT Bank Negara Indonesia (Persero) Tbk/ADR,,stock,7665
WPPGF,WPP plc,,stock,7666
PRYMF,Prysmian S.p.A.,,stock,7667
BRZL,MicroSectors 3x Long Brazil ETNs,Cboe BZX,etf,7668
AOMFF,Alstom,,stock,7669
GPAEF,Pacific Airport Group,,stock,7670
MNBEF,MINEBEA MITSUMI Inc.,,stock,7671
AEGOF,Aegon Ltd.,,stock,7672
FREJO,Federal Home Loan Mortgage Corp,,stock,7673
SMTOF,Sumitomo Electric Industries Ltd/Adr/,,stock,7674
YAMHF,"Yamaha Motor Co., Ltd.",,stock,7675
GLIBB,Liberty Capital Corp/NV,,stock,7676
NDEKF,Nitto Denko Corp / Adr/,,stock,7677
ASRMF,Southeast Airport Group,,stock,7678
SBMFF,Sino Biopharmaceutical Limited/ADR,,stock,7679
LBTYB,Liberty Global Ltd.,NASDAQ,stock,7680
UEPCN,Union Electric Co,,stock,7681
CXMSF,Cemex Sab De Cv,,stock,7682
SAPIF,Saputo Inc./ADR,,stock,7683
CIG-C,Energy Co Of Minas Gerais,,stock,7684
DINRF,"SCREEN Holdings Co., Ltd./ADR",,stock,7685
PSORF,Pearson Plc,,stock,7686
UEPEO,Union Electric Co,,stock,7687
UEPEP,Union Electric Co,,stock,7688
SASOF,Sasol Ltd,,stock,7690
VNORP,Vornado Realty Trust,,stock,7691
OSCUF,"Japan Exchange Group, Inc./ADR",,stock,7692
NWOEF,New Oriental Education & Technology Group Inc.,,stock,7693
CLUS,Cluster Group Holdings Ltd Co,,stock,7694
UEPCP,Union Electric Co,,stock,7696
UNBLF,Unibail-Rodamco SE/ADR,,stock,7698
TAP-A,Molson Coors Beverage Company,NYSE,stock,7699
UEPEN,Union Electric Co,,stock,7700
BLBLF,Bilibili Inc.,,stock,7701
XZJCF,Mitsui Kinzoku Co Ltd./ADR,,stock,7703
GIFLF,Grifols SA,,stock,7704
TYOYY,Taiyo Yuden Co Ltd /Adr/,,stock,7705
KOSCF,Kose Corporation/ADR,,stock,7706
PADEF,Adaro Energy PT/ADR/,,stock,7707
GIFOF,Grifols SA,,stock,7708
MSUXF,Misumi Group Inc./ADR,,stock,7709
ATDRF,Auto Trader Group plc/ADR,,stock,7710
DSECF,Daiwa Securities Group Inc.,,stock,7711
CMSA,Cms Energy Corp,,stock,7712
RCWLY,Rockwool A/S/ADR,,stock,7714
OTGLY,CD Projekt S.A./ADR,,stock,7715
RUSHB,"Rush Enterprises, Inc.",NASDAQ,stock,7716
BCUCF,Brunello Cucinelli S.p.A./ADR,,stock,7717
BMRPF,B&M European Value Retail S.A./ADR,,stock,7718
LIFX,"Life360, Inc.",,stock,7719
GIKLY,Grifols SA,,stock,7720
BLFBY,Balfour Beatty plc/ADR,,stock,7721
HACBY,Hachijuni Bank Ltd,,stock,7722
KMRRF,Kongsberg Maritime ASA/ADR,,stock,7723
SFGRF,Sony Financial Group Inc./ADR,,stock,7724
UNMA,Unum Group,,stock,7725
SLFPF,Standard Life Plc,,stock,7726
RTMVF,Rightmove PLC/ADR,,stock,7727
MITUF,Mitsui Chemicals Inc,,stock,7728
BPOPO,"Popular, Inc.",,stock,7729
HGMCF,Harmony Gold Mining Co Ltd,,stock,7730
SSRGF,Ssr Mining Inc.,,stock,7731
GBTG,"Global Business Travel Group, Inc.",,stock,7732
ZLDPF,Zealand Pharma A/S/ADR,,stock,7733
PHTCF,PLDT Inc.,,stock,7734
AKO-B,Embotelladora Andina S.A.,NYSE,stock,7736
PPENF,Pampa Energy Inc.,,stock,7737
FNMFN,Federal National Mortgage Association Fannie Mae,,stock,7740
GAERF,Central North Airport Group,,stock,7743
DTW,Dte Energy Co,,stock,7745
SPTJF,Sinopec Shanghai Petrochemical Co Ltd,,stock,7746
PIFMF,"Indofood Sukses Makmur, Tbk",,stock,7747
GEF-B,"Greif, Inc. Corporation",NYSE,stock,7749
DISPF,Disco Corporation/ADR,,stock,7750
TCMFF,Telecom Argentina Sa,,stock,7751
SLMBP,SLM Corp,,stock,7752
DLAKF,Deutsche Lufthansa A G /Fi,,stock,7753
DCCPY,DCC plc,,stock,7755
BELFB,Bel Fuse Inc.,NASDAQ,stock,7757
AVLNF,Avalon Advanced Materials Inc.,,stock,7758
BATRK,"Atlanta Braves Holdings, Inc. - Series C",NASDAQ,stock,7759
TYTMF,Tokyo Tatemono Co Ltd,,stock,7760
MOG-B,Moog Inc.,NYSE,stock,7761
VLYPP,Valley National Bancorp,,stock,7762
RYKKF,Ryohin Keikaku Co/ADR,,stock,7763
LBTYK,Liberty Global Ltd.,NASDAQ,stock,7764
SOHGY,ALSOK Co Ltd./ADR,,stock,7768
ATROB,Astronics Corp,,stock,7769
VLYPO,Valley National Bancorp,,stock,7770
CSAN,Cosan S.A.,,stock,7775
PTXAF,PT XLSMART Telecom Sejahtera Tbk/ADR,,stock,7777
HMDCF,HUTCHMED (China) Ltd,,stock,7778
FMCCG,Federal Home Loan Mortgage Corp,,stock,7779
FNMAM,Federal National Mortgage Association Fannie Mae,,stock,7780
AILLI,Ameren Illinois Co,,stock,7781
BATRB,"Atlanta Braves Holdings, Inc.",,stock,7783
WELPP,Wisconsin Electric Power Co,,stock,7784
MXUBY,Mixue Bingcheng Co Ltd/ADR,,stock,7785
AILLM,Ameren Illinois Co,,stock,7786
AILLN,Ameren Illinois Co,,stock,7787
CDGLF,ComfortDelGro Corp Ltd,,stock,7788
FNMAN,Federal National Mortgage Association Fannie Mae,,stock,7789
TROLB,Tootsie Roll Industries Inc,,stock,7790
AILIM,Ameren Illinois Co,,stock,7791
FMCCJ,Federal Home Loan Mortgage Corp,,stock,7792
FNMAI,Federal National Mortgage Association Fannie Mae,,stock,7793
CODQL,Coronado Global Resources Inc.,,stock,7794
WBHC,Wilson Bank Holding Co,,stock,7795
CENTA,Central Garden & Pet Company,NASDAQ,stock,7796
GLPGF,Lakefront Biotherapeutics NV,,stock,7797
TBNGY,PT Bukit Asam Tbk/ADR,,stock,7798
AILLO,Ameren Illinois Co,,stock,7799
FNMAT,Federal National Mortgage Association Fannie Mae,,stock,7801
AILIN,Ameren Illinois Co,,stock,7802
FNMAK,Federal National Mortgage Association Fannie Mae,,stock,7803
IFCNF,Inficon Holding AG/ADR,,stock,7804
FNMAL,Federal National Mortgage Association Fannie Mae,,stock,7805
FNMFM,Federal National Mortgage Association Fannie Mae,,stock,7806
AILLP,Ameren Illinois Co,,stock,7807
WLYB,"John Wiley & Sons, Inc.",NYSE,stock,7808
FNMAO,Federal National Mortgage Association Fannie Mae,,stock,7809
TUFBY,Thai Union Group Public Co Limited/ADR,,stock,7810
FNMAG,Federal National Mortgage Association Fannie Mae,,stock,7811
FNMFO,Federal National Mortgage Association Fannie Mae,,stock,7812
UA,"Under Armour, Inc.",NYSE,stock,7813
ARZTF,ARYZTA AG (fka IAWS GROUP PLC),,stock,7814
FLIDF,Flsmidth & Co. A/S,,stock,7816
FISK,"Empire State Realty OP, L.P.",,stock,7817
GRPFF,"Grupo Televisa, S.A.B.",,stock,7818
EVOTF,Evotec SE,,stock,7819
LILAK,Liberty Latin America Ltd.,NASDAQ,stock,7820
FMCCL,Federal Home Loan Mortgage Corp,,stock,7823
OGCP,"Empire State Realty OP, L.P.",,stock,7824
AGM-A,Federal Agricultural Mortgage Corporation,NYSE,stock,7825
FMCKL,Federal Home Loan Mortgage Corp,,stock,7826
LTGHF,Life Healthcare Group Holdings Limited/ADR,,stock,7827
SBOEF,Sbo Ag/Adr,,stock,7830
LILAB,Liberty Latin America Ltd.,,stock,7831
FMCCS,Federal Home Loan Mortgage Corp,,stock,7832
MHLA,"Maiden Holdings, Ltd.",,stock,7833
RIOFF,Rio2 Ltd,,stock,7834
FMCCO,Federal Home Loan Mortgage Corp,,stock,7835
FMCKN,Federal Home Loan Mortgage Corp,,stock,7837
FREJN,Federal Home Loan Mortgage Corp,,stock,7838
CMGMF,Chemring Group PLC/ADR,,stock,7839
FMCCN,Federal Home Loan Mortgage Corp,,stock,7840
FMCKO,Federal Home Loan Mortgage Corp,,stock,7841
FMCKJ,Federal Home Loan Mortgage Corp,,stock,7842
BH,Biglari Holdings Inc.,NYSE,stock,7843
FMCKM,Federal Home Loan Mortgage Corp,,stock,7844
FREGP,Federal Home Loan Mortgage Corp,,stock,7845
FMCCH,Federal Home Loan Mortgage Corp,,stock,7847
FMCCK,Federal Home Loan Mortgage Corp,,stock,7848
DRSHF,DroneShield Ltd,,stock,7849
FMCCP,Federal Home Loan Mortgage Corp,,stock,7851
FMCCM,Federal Home Loan Mortgage Corp,,stock,7852
FMCKP,Federal Home Loan Mortgage Corp,,stock,7853
SENEB,Seneca Foods Corp.,NASDAQ,stock,7854
FXCNF,FIH Mobile Ltd,,stock,7855
TBPH,"Theravance Biopharma, Inc.",,stock,7856
HCACU,Hall Chadwick Acquisition Corp,,stock,7857
KELYB,"Kelly Services, Inc.",NASDAQ,stock,7858
GTN-A,"Gray Media, Inc.",NYSE,stock,7859
QVCG,"QVC Group, Inc.",NASDAQ,stock,7860
GDRZF,Gold Reserve Ltd,,stock,7861
MEOBF,Mesoblast Ltd,,stock,7862
DRDGF,Drdgold Ltd,,stock,7863
HOVVB,Hovnanian Enterprises Inc,,stock,7864
CLVLF,Clinuvel Pharmaceuticals Ltd,,stock,7866
HLTC,"National Healthcare Properties, Inc.",,stock,7867
DGICB,"Donegal Group, Inc.",NASDAQ,stock,7868
HVT-A,"Haverty Furniture Companies, Inc.",NYSE,stock,7869
MGMNF,Magna Mining Inc.,,stock,7871
BRSYF,Brainsway Ltd.,,stock,7872
BVSFF,Bravura Solutions Ltd,,stock,7873
OXLCM,Oxford Lane Capital Corp.,,stock,7875
MTGRF,MGX Resources Limited/ADR,,stock,7876
WEJTY,WebBeds Group Limited/ADR,,stock,7877
TIHRF,Tharisa plc,,stock,7878
NEWTI,"NewtekOne, Inc.",,stock,7879
PTCHF,PureTech Health plc,,stock,7880
OXLCO,Oxford Lane Capital Corp.,,stock,7881
ERLFF,Entree Resources Ltd.,,stock,7882
CRD-B,Crawford & Company,NYSE,stock,7883
ALF,Centurion Acquisition Corp.,NASDAQ,stock,7884
RDIB,Reading International Inc - Class B Voting,NASDAQ,stock,7885
BRR,"Silvia, Inc.",,stock,7886
AVHHL,"AVITA Medical, Inc.",,stock,7887
VSOGF,"Vista Energy, S.A.B. de C.V.",,stock,7888
ARTNB,Artesian Resources Corp,,stock,7889
CKDXF,Opthea Ltd,,stock,7890
CNTHP,Connecticut Light & Power Co,,stock,7891
IHRTB,"iHeartMedia, Inc.",,stock,7892
CNLPL,Connecticut Light & Power Co,,stock,7893
DFPH,"Starling Oncology, Inc.",,stock,7895
CNTHO,Connecticut Light & Power Co,,stock,7897
RVRF,River Financial Corp,,stock,7898
UURAF,Ucore Rare Metals Inc.,,stock,7899
RLFTY,MindMaze Therapeutics Holding SA,,stock,7901
KRYXF,Koryx Copper Inc.,,stock,7902
SBXD,SilverBox Corp IV,,stock,7903
GSCCF,ioneer Ltd,,stock,7904
PRRUF,IMMUTEP Ltd,,stock,7905
CNTHN,Connecticut Light & Power Co,,stock,7906
SLNCF,Silence Therapeutics plc,,stock,7907
CNLHP,Connecticut Light & Power Co,,stock,7909
ARCXF,ArcelorMittal,,stock,7910
CNLTP,Connecticut Light & Power Co,,stock,7911
HEXEY,Euronext Athens Holding S.A./ADR,,stock,7912
CNLTL,Connecticut Light & Power Co,,stock,7913
IPHYF,Innate Pharma SA,,stock,7914
NHIC,NewHold Investment Corp. III,,stock,7915
CNPWM,Connecticut Light & Power Co,,stock,7916
PRTHU,"Priority Technology Holdings, Inc.",,stock,7917
CNLHO,Connecticut Light & Power Co,,stock,7919
CNPWP,Connecticut Light & Power Co,,stock,7920
LANDP,GLADSTONE LAND Corp,,stock,7921
CNLPM,Connecticut Light & Power Co,,stock,7922
CNLTN,Connecticut Light & Power Co,,stock,7923
LBCMF,Copper Giant Resources Corp.,,stock,7924
VSBC,Vitaspring Biomedical Co. Ltd.,,stock,7925
ENO,"Entergy New Orleans, LLC First Mortgage Bonds, 5.50% Series due April 1, 2066",NYSE,stock,7926
CNLHN,Connecticut Light & Power Co,,stock,7927
BNIGF,Beroni Group Ltd,,stock,7928
IVEVF,Inventiva S.A.,,stock,7929
ECXJ,"CXJ GROUP CO., Ltd",,stock,7930
CHAD,DeFi Development Corp.,,stock,7932
EBRCZ,"EBR Systems, Inc.",,stock,7933
DOMO,"Huckleberry.ai, Inc.",,stock,7934
AMEGF,American Eagle Gold Corp.,,stock,7935
CHPGF,Chesapeake Gold Corp,,stock,7936
STRS,Stratus Properties Inc,,stock,7937
LUCN,"Lucent, Inc.",,stock,7938
BBXIB,"BBX Capital, Inc.",,stock,7939
ARRKF,Arras Minerals Corp.,,stock,7940
BTA,Beacon Tactical Alternatives Risk ETF,NYSE Arca,etf,7941
AOAO,Alpha One Inc.,,stock,7942
HVII,ONE Nuclear Energy Inc.,,stock,7943
RAASY,Cloopen Group Holding Ltd,,stock,7944
HUSIF,Nicola Mining Inc.,,stock,7945
SFDL,Security Federal Corp,,stock,7946
ENDI,ENDI Corp.,,stock,7947
OCGSF,Outcrop Silver & Gold Corp,,stock,7948
BCTF,"Bancorp 34, Inc.",,stock,7950
SRG,Seritage Growth Properties,NYSE,stock,7951
RGBPP,Regen BioPharma Inc,,stock,7952
GFASY,Gafisa S.A.,,stock,7954
ATEK,Athena Technology Acquisition Corp. II,,stock,7955
BCOW,"1895 Bancorp of Wisconsin, Inc. /MD/",,stock,7956
SIMA,SIM Acquisition Corp. I,NASDAQ,stock,7957
CPTP,Capital Properties Inc /Ri/,,stock,7958
KBSR,"KBS Real Estate Investment Trust III, Inc.",,stock,7960
CULL,"Cullman Bancorp, Inc. /MD/",,stock,7961
LPAA,Launch One Acquisition Corp.,NASDAQ,stock,7962
TTSH,"Tile Shop Holdings, Inc.",,stock,7963
TKLS,"Trutankless, Inc.",,stock,7964
CMCAF,Piermont Valley Acquisition Corp,,stock,7965
IXAQF,IX Acquisition Corp.,,stock,7966
GGROU,Golden Growers Cooperative,,stock,7967
CBRRF,Chain Bridge I,,stock,7968
HSTC,"HST Global, Inc.",,stock,7969
GTMAY,Grupo Tmm Sab,,stock,7970
HCIL,"Hongchang International Co., Ltd",,stock,7971
NVNXF,NOVONIX Ltd,,stock,7972
ASCBF,ASPAC II Acquisition Corp.,,stock,7973
FSHPU,Flag Ship Acquisition Corp,,stock,7974
LIVG,"Livento Group, Inc.",,stock,7975
ARSMF,Ares Strategic Mining Inc.,,stock,7976
STRC,Strategy Inc,,stock,7977
MAPS,"Wm Technology, Inc.",,stock,7978
SRCRF,Scorpio Gold Corp,,stock,7979
UBOH,United Bancshares Inc/Oh,,stock,7980
CIZN,Citizens Holding Co /Ms/,,stock,7981
FUUFF,F3 Uranium Corp.,,stock,7982
TRLC,TriLinc Global Impact Fund LLC,,stock,7983
MDNAF,Medicenna Therapeutics Corp.,,stock,7984
VICP,"Vicapsys Life Sciences, Inc.",,stock,7985
JETBF,Global Crossing Airlines Group Inc.,,stock,7986
BBXIA,"BBX Capital, Inc.",,stock,7987
UONEK,"Urban One, Inc.",NASDAQ,stock,7988
RMHI,"Retrieve Medical Holdings, Inc.",,stock,7989
WINV,WinVest Acquisition Corp.,,stock,7990
VRHID,"Veri MedTech Holdings, Inc.",,stock,7991
FGNX,FG Nexus Inc.,,stock,7992
CCTSF,Cactus Acquisition Corp. 1 Ltd,,stock,7993
WSKEF,Wisekey International Holding S.A.,,stock,7994
IPEX,Inflection Point Acquisition Corp. V,,stock,7995
SCYYF,Scandium International Mining Corp.,,stock,7996
MLMC,"FrankSpeech Network, Inc.",,stock,7997
BIOE,Bio Essence Corp,,stock,7998
ANPCF,ANGLE plc,,stock,7999
AATC,Autoscope Technologies Corp,,stock,8000
LTSV,"Lightstone Value Plus REIT IV, Inc.",,stock,8001
OMCC,OLD MARKET CAPITAL Corp,,stock,8002
CLCS,"Cell Source, Inc.",,stock,8003
HSTI,"High Sierra Technologies, Inc.",,stock,8004
GWLL,"Goldenwell Biotech, Inc.",,stock,8005
SWAG,"Stran & Company, Inc.",NASDAQ,stock,8006
OSBK,Oconee Financial Corp,,stock,8007
XTXXF,Adastra Holdings Ltd.,,stock,8008
WVVIP,Willamette Valley Vineyards Inc,,stock,8009
LTCH,"Latch, Inc.",,stock,8010
VWFB,"VWF Bancorp, Inc.",,stock,8011
HWH,HWH International Inc.,,stock,8012
BEAT,"Heartbeam, Inc.",NASDAQ,stock,8013
MSBB,"Mercer Bancorp, Inc.",,stock,8014
MRZLF,Mirasol Resources Ltd,,stock,8015
ILLMF,illumin Holdings Inc.,,stock,8016
SFES,Safeguard Scientifics Inc,,stock,8017
GSTX,Graphene & Solar Technologies Ltd,,stock,8018
WNFT,Worldwide NFT Inc.,,stock,8019
WHLRD,"Wheeler Real Estate Investment Trust, Inc.",,stock,8020
ZIVO,"Zivo Bioscience, Inc.",,stock,8021
GLBZ,Glen Burnie Bancorp,,stock,8022
ANEB,"Anebulo Pharmaceuticals, Inc.",,stock,8023
PRNAF,Alterity Therapeutics Ltd,,stock,8024
MNTCF,"Montage Technology Co., Ltd./ADR",,stock,8025
TAIT,Taitron Components Inc,,stock,8026
TVE,Tennessee Valley Authority,NYSE,stock,8027
BRCNF,Burcon NutraScience Corp,,stock,8028
GLUC,"Glucose Health, Inc.",,stock,8029
TVC,Tennessee Valley Authority,NYSE,stock,8030
CUBT,Curative Biotechnology Inc,,stock,8031
AGLY,Atlantis Glory Inc.,,stock,8032
TWOH,Quantum X Inc.,,stock,8033
CBAI,Coolbit Technologies Ltd,,stock,8034
PAXH,Preaxia Health Care Payment Systems Inc.,,stock,8035
EVTK,Eventiko Inc.,,stock,8036
CARV,Carver Bancorp Inc,,stock,8037
APHD,"Verde Bio Holdings, Inc.",,stock,8038
TXRP,"TX Rail Products, Inc.",,stock,8039
CJAX,CoJax Oil & Gas Corp,,stock,8040
FEOVF,Oceanic Iron Ore Corp,,stock,8041
VISL,"Vislink Technologies, Inc.",,stock,8042
CLNV,Clean Vision Corp,,stock,8043
LUCY,"Innovative Eyewear, Inc.",NASDAQ,stock,8044
NEXCF,Nextech3D.AI Corp.,,stock,8045
BASA,"Basanite, Inc.",,stock,8046
BLMH,"Blum Holdings, Inc.",,stock,8047
FULO,Fullnet Communications Inc,,stock,8048
NGHI,"Galenfeha, Inc.",,stock,8049
VQSSF,VIQ Solutions Inc.,,stock,8050
MGTI,"Mgt Capital Investments, Inc.",,stock,8051
GBCS,"Selectis Health, Inc.",,stock,8052
SITS,"Southern Its International, Inc.",,stock,8053
EESH,"EESTech, Inc.",,stock,8054
SWISF,Sekur Private Data Ltd.,,stock,8055
XONI,"Xtreme One Entertainment, Inc.",,stock,8056
MVCO,"Metavesco, Inc.",,stock,8057
SLTN,"Silverton Energy, Inc.",,stock,8058
SILEF,Silver Elephant Mining Corp.,,stock,8059
HMMR,Hammer Technology Holdings Corp.,,stock,8060
BBBXF,Brixton Metals Corp,,stock,8061
XESP,"Electronic Servitor Publication Network, Inc.",,stock,8062
FGCO,"Financial Gravity Companies, Inc.",,stock,8063
EGLXF,Enthusiast Gaming Holdings Inc. / Canada,,stock,8064
SUIC,SUIC Worldwide Holdings Ltd.,,stock,8065
INNI,"Innovaro, Inc.",,stock,8066
NXMH,"Next Meats Holdings, Inc.",,stock,8067
RSCF,"Reflect Scientific, Inc.",,stock,8068
EGTYF,Eguana Technologies Inc.,,stock,8069
TGCB,"Tego Cyber, Inc.",,stock,8070
VMNT,"Vemanti Group, Inc.",,stock,8071
MTTCF,Steakholder Foods Ltd.,,stock,8072
NUVI,Emo Capital Corp.,,stock,8073
WDLF,"Decentral Life, Inc.",,stock,8074
BWMG,"Brownie's Marine Group, Inc",,stock,8075
ACRL,"Atacama Resources International, Inc.",,stock,8076
VCNX,"Vaccinex, Inc.",,stock,8077
CANN,TREES Corp (Colorado),,stock,8078
RDAR,"Telvantis, Inc.",,stock,8079
ECIA,Encision Inc,,stock,8080
UCASU,UC Asset LP,,stock,8081
DTGI,"Digerati Technologies, Inc.",,stock,8082
CETXP,Cemtrex Inc,,stock,8083
GPLL,"GPL Holdings, Inc.",,stock,8084
KNOS,Kronos Advanced Technologies Inc,,stock,8085
CSDX,Cs Diagnostics Corp.,,stock,8086
AAGH,America Great Health,,stock,8087
IWAL,iWallet Corp,,stock,8088
TPHS,Trinity Place Holdings Inc.,,stock,8089
JRSS,JRSIS HEALTH CARE Corp,,stock,8090
MYCB,"My City Builders, Inc.",,stock,8091
SSHT,SSHT S&T Group Ltd.,,stock,8092
GOGR,Go Green Global Technologies Corp.,,stock,8093
RNGC,Ranger Gold Corp.,,stock,8094
SYIN,"Synbio International, Inc.",,stock,8095
TNBI,Tanke Biosciences Corp,,stock,8096
JFTH,"Japan Food Tech Holdings, Inc.",,stock,8097
SRMX,"Saddle Ranch Media, Inc.",,stock,8098
EBZT,"Everything Blockchain, Inc.",,stock,8099
WHLRP,"Wheeler Real Estate Investment Trust, Inc.",,stock,8100
BKTH,Megola Inc,,stock,8101
AXIM,"Axim Biotechnologies, Inc.",,stock,8102
AHRO,"Authentic Holdings, Inc.",,stock,8103
SFWJ,"Software Effective Solutions, Corp.",,stock,8104
BRLL,Barrel Energy Inc.,,stock,8105
MGHL,Morgan Group Holding Co,,stock,8106
GSAC,Gelstat Corp,,stock,8107
MNZO,Exxsun Corp,,stock,8109
PCYN,Procyon Corp,,stock,8110
NWPG,"Newport Gold, Inc.",,stock,8111
CPWR,Ocean Thermal Energy Corp,,stock,8112
PLSH,"Panacea Life Sciences Holdings, Inc.",,stock,8113
PAIYY,Aesthetic Medical International Holdings Group Ltd,,stock,8114
FVTI,"Fortune Valley Treasures, Inc.",,stock,8115
GMZP,GEMZ Corp. NV,,stock,8116
HBUV,Hubilu Venture Corp,,stock,8117
KITL,Kisses From Italy Inc.,,stock,8118
GSFI,Green Stream Holdings Inc.,,stock,8119
DREM,Dream Homes & Development Corp.,,stock,8120
CDSG,"China Dongsheng International, Inc.",,stock,8121
NTRR,Neutra Corp.,,stock,8122
MDEX,Madison Technologies Inc.,,stock,8123
ADMG,Adamant Dri Processing & Minerals Group,,stock,8124
BLPG,"Blue Line Protection Group, Inc.",,stock,8125
KACLF,Kairous Acquisition Corp. Ltd,,stock,8126
ABIT,Athena Bitcoin Global,,stock,8127
EHVVF,"Ehave, Inc.",,stock,8128
ASII,"Accredited Solutions, Inc.",,stock,8129
RTON,"Right On Brands, Inc.",,stock,8130
CRDV,Community Redevelopment Inc.,,stock,8131
APSI,Aqua Power Systems Inc.,,stock,8132
SNBRQ,Sleep Number Corp,,stock,8133
MAJI,Nextel Medical Corp.,,stock,8134
MMMW,Mass Megawatts Wind Power Inc,,stock,8135
LDSN,Aphoenity International Holdings Inc.,,stock,8136
SHGI,"Sparx Holdings Group, Inc.",,stock,8137
LTESF,Leet INC.,,stock,8138
GXXM,"Gex Management, Inc.",,stock,8139
EDGM,"Edgemode, Inc.",,stock,8140
NGCG,"New Generation Consumer Group, Inc.",,stock,8142
FRQN,"Frequency Holdings, Inc",,stock,8143
SIGY,"Sigyn Therapeutics, Inc.",,stock,8144
GWSO,"Global Warming Solutions, Inc.",,stock,8145
GMBL,"Esports Entertainment Group, Inc.",,stock,8146
EMED,"Electromedical Technologies, Inc",,stock,8147
NICH,Nitches Inc,,stock,8148
DPUI,"Discount Print Usa, Inc.",,stock,8149
ENDV,"Endonovo Therapeutics, Inc.",,stock,8150
NXTN,"Next10, Inc",,stock,8151
KOAN,"Resonate Blends, Inc.",,stock,8152
GIPL,Global Innovative Platforms Inc.,,stock,8153
SONX,"Sonendo, Inc.",,stock,8154
NBND,NetBrands Corp.,,stock,8155
SEII,Sharing Economy International Inc.,,stock,8156
DWAY,"Driveitaway Holdings, Inc.",,stock,8157
ACBM,"Acro Biomedical Co., Ltd.",,stock,8158
SNPW,Sun Pacific Holding Corp.,,stock,8159
BPTH,"Bio-Path Holdings, Inc.",,stock,8160
DLTI,DLT Resolution Inc.,,stock,8161
YGMZF,MingZhu Logistics Holdings Ltd,,stock,8162
SONG,Music Licensing Inc.,,stock,8163
BISA,Baltic International Usa Inc,,stock,8164
COSG,Cosmos Group Holdings Inc.,,stock,8165
CICC,CION Investment Corp,,stock,8166
AHII,American Heritage International Inc.,,stock,8167
CSBA,CSB Financial Inc.,,stock,8168
LTRYW,Sports Entertainment Gaming Global Corp,,stock,8169
NSARO,Nstar Electric Co,,stock,8170
NSARP,Nstar Electric Co,,stock,8171
ASPSZ,Altisource Portfolio Solutions S.A.,,stock,8172
SCCF,Sachem Capital Corp.,,stock,8175
SCCG,Sachem Capital Corp.,,stock,8176
SCCD,Sachem Capital Corp.,,stock,8178
SCCE,Sachem Capital Corp.,,stock,8179
ECCC,Eagle Point Credit Co,,stock,8183
ECCU,Eagle Point Credit Co,,stock,8185
ECCV,Eagle Point Credit Co,,stock,8186
CMSC,Cms Energy Corp,,stock,8187
CMSD,Cms Energy Corp,,stock,8188
DSFT,DeltaSoft Corp,,stock,8190
TCPA,Transcanada Pipelines Ltd,,stock,8192
TBCVU,"Thunder Bridge Capital Partners V, Ltd.",,stock,8193
TSLTF,Transalta Corp,,stock,8194
TACPF,Transalta Corp,,stock,8195
TRNTF,Transalta Corp,,stock,8196
FCELB,Fuelcell Energy Inc,,stock,8198
MCGAU,Yorkville Acquisition Corp.,,stock,8204
SIGIP,Selective Insurance Group Inc,,stock,8205
EVBWF,Vertical Aerospace Ltd.,,stock,8206
EVAWF,Vertical Aerospace Ltd.,,stock,8207
EVTWF,Vertical Aerospace Ltd.,,stock,8208
FGRS,"Figure Technology Solutions, Inc.",,stock,8209
MOTLY,MetaOptics Ltd,,stock,8212
MEAOF,MetaOptics Ltd,,stock,8213
GIGGF,Giga Metals Corp,,stock,8214
VLYPN,Valley National Bancorp,,stock,8217
ERBGF,Eastroc Beverage Group Co. Ltd/ADR,,stock,8219
LSRCF,Lasertec Corporation/ADR,,stock,8220
BCHMF,Bachem Holding AG/ADR,,stock,8221
DRRKF,dormakaba Holding AG,,stock,8222
OYSER,Oyster Enterprises II Acquisition Corp,,stock,8230
OYSEU,Oyster Enterprises II Acquisition Corp,,stock,8231
PREKF,PrairieSky Royalty Ltd/ADR,,stock,8232
PARXF,Parex Resources Inc./ADR,,stock,8233
TVIVU,Texas Ventures Acquisition IV Corp,,stock,8234
AACOU,Abony Acquisition Corp. I,,stock,8235
PTACU,Patriot Acquisition Corp./CI,,stock,8237
THQQF,Embracer Group AB/ADR,,stock,8241
SCVE,Sound Cave Technology Inc.,,stock,8242
CTSWF,Cactus Acquisition Corp. 1 Ltd,,stock,8243
CTSUF,Cactus Acquisition Corp. 1 Ltd,,stock,8244
BLUWU,Blue Water Acquisition Corp. III,,stock,8245
MRCOU,Mercator Acquisition Corp.,,stock,8247
SFB,Stifel Financial Corp,,stock,8250
URSB,"URSB Bancorp, Inc.",,stock,8252
UMBFO,Umb Financial Corp,,stock,8254
CRTMF,Critical Metals Corp.,,stock,8255
HTFC,Horizon Technology Finance Corp,,stock,8258
OXSQG,Oxford Square Capital Corp.,,stock,8259
OXSQH,Oxford Square Capital Corp.,,stock,8260
DCFBS,"DCFC Holdings, LLC",,stock,8261
HCMAU,Hcm Iii Acquisition Corp.,,stock,8263
NTCS,Natics Corp.,,stock,8265
AACPU,Apogee Acquisition Corp,,stock,8269
AACPR,Apogee Acquisition Corp,,stock,8270
VLNWF,Valens Semiconductor Ltd.,,stock,8271
ACAAU,Averin Capital Acquisition Corp.,,stock,8272
LOVIU,Live Oak Acquisition Corp. VI,,stock,8274
CHTRP,"Charter Communications, Inc. /Mo/",,stock,8275
SHOTU,RMG ML Sports Holdings,,stock,8276
SHOTR,RMG ML Sports Holdings,,stock,8277
DVHGF,Devonian Health Group Inc.,,stock,8278
HMELF,Hold Me Ltd,,stock,8280
GRWLF,Great-West Lifeco Inc.,,stock,8281
GRWTF,Great-West Lifeco Inc.,,stock,8282
RMTHF,Magic Software Enterprises Ltd,,stock,8283
GWLPF,Great-West Lifeco Inc.,,stock,8284
GRWFF,Great-West Lifeco Inc.,,stock,8285
BGFR,BestGofer Inc.,,stock,8286
SRJN,Spire Inc,,stock,8292
CMCUF,Piermont Valley Acquisition Corp,,stock,8293
CMCWF,Piermont Valley Acquisition Corp,,stock,8294
SAC-UN,Safeguard Acquisition Corp.,,stock,8296
GUACU,Berto Acquisition Corp. II,,stock,8297
MLAAU,Mountain Lake Acquisition Corp. II,,stock,8300
DMXCF,District Metals Corp.,,stock,8301
AIIA-RI,AI Infrastructure Acquisition Corp.,,stock,8302
AIIA-UN,AI Infrastructure Acquisition Corp.,,stock,8303
BRTMU,B&R Technology Merger Corp.,,stock,8304
WLCOU,Wilco 63 Corp,,stock,8307
CSANY,Cosan S.A.,,stock,8308
IMAA,IMA Tech,,stock,8309
LATAU,Galata Acquisition Corp. II,,stock,8314
DFUKF,DeFi Development Corp.,,stock,8317
TANAF,Tian'an Technology Group Ltd,,stock,8318
RLMLF,Resolution Minerals Ltd/Adr,,stock,8321
CHWRF,China Tower Corp Limited/ADR,,stock,8322
TAVIU,Tavia Acquisition Corp.,,stock,8324
TAVIR,Tavia Acquisition Corp.,,stock,8325
ARCIU,Archimedes Tech SPAC Partners III Co.,,stock,8327
RDACR,Rising Dragon Acquisition Corp.,,stock,8328
RDACU,Rising Dragon Acquisition Corp.,,stock,8329
STWI,StageWise Strategies Corp.,,stock,8330
YHNAU,YHN Acquisition I Ltd,,stock,8331
YHNAR,YHN Acquisition I Ltd,,stock,8332
HAVAR,Harvard Ave Acquisition Corp,,stock,8333
HAVAU,Harvard Ave Acquisition Corp,,stock,8334
LCCCU,Lakeshore Acquisition III Corp.,,stock,8335
LCCCR,Lakeshore Acquisition III Corp.,,stock,8336
WPAC-RI,White Pearl Acquisition Corp.,,stock,8337
WPAC-UN,White Pearl Acquisition Corp.,,stock,8338
XCBEU,X3 Acquisition Corp. Ltd.,,stock,8339
SNNRF,Sunrise Communications AG,,stock,8341
DHCNI,Diversified Healthcare Trust,,stock,8343
DHCNL,Diversified Healthcare Trust,,stock,8344
IACOU,Idea Acquisition Corp.,,stock,8345
SUNI,Sun,,stock,8347
NOVTU,Novanta Inc,,stock,8349
SATA,"Strive, Inc.",,stock,8351
RNKGF,RENK Group AG/ADR,,stock,8353
SUNXF,Stardust Solar Energy Inc.,,stock,8355
FNMAJ,Federal National Mortgage Association Fannie Mae,,stock,8358
FNMAH,Federal National Mortgage Association Fannie Mae,,stock,8359
FNMAP,Federal National Mortgage Association Fannie Mae,,stock,8360
FNMAS,Federal National Mortgage Association Fannie Mae,,stock,8361
CELG-RI,Bristol Myers Squibb Co,,stock,8362
NMPRY,Navios Maritime Holdings Inc.,,stock,8364
APXCF,Apex Critical Metals Corp.,,stock,8365
BIXIU,Bitcoin Infrastructure Acquisition Corp Ltd,,stock,8367
NOEMR,CO2 Energy Transition Corp.,,stock,8368
NOEMU,CO2 Energy Transition Corp.,,stock,8370
CILFY,China Life Insurance Co Ltd,,stock,8371
CRBD,"Corebridge Financial, Inc.",,stock,8373
RCD,Ready Capital Corp,,stock,8379
RWTN,Redwood Trust Inc,,stock,8382
AOMD,"Angel Oak Mortgage REIT, Inc.",,stock,8383
AOMN,"Angel Oak Mortgage REIT, Inc.",,stock,8384
RWTS,Redwood Trust Inc,,stock,8385
RWTO,Redwood Trust Inc,,stock,8386
RWTP,Redwood Trust Inc,,stock,8387
RWTQ,Redwood Trust Inc,,stock,8388
CRYAF,"Chery Automobile Co., Ltd./ADR",,stock,8390
SBBTF,Vend Marketplaces ASA/ADR,,stock,8391
MTMCF,Metallium Limited/ADR,,stock,8392
TRSO,Transuite.Org Inc.,,stock,8393
TMUSZ,"T-Mobile US, Inc.",,stock,8394
TMUSI,"T-Mobile US, Inc.",,stock,8395
TMUSL,"T-Mobile US, Inc.",,stock,8396
BTAIQ,"BioXcel Therapeutics, Inc.",,stock,8397
EXOSF,Exosens SAS/ADR,,stock,8398
MRCL,Mercalot Inc.,,stock,8399
THTG,Tech Tonic Group Corp.,,stock,8401
RADC,Readvantage Corp.,,stock,8402
OSOPF,Osotspa Public Co Limited/ADR,,stock,8403
RNGOF,"Rengo Co., Ltd./ADR",,stock,8404
YMTKF,Yamato Kogyo Co. Ltd/ADR,,stock,8405
ZSHOF,"Zensho Holdings Co., Ltd./ADR",,stock,8406
KELRF,Keisei Electric Railway Co. Ltd/ADR,,stock,8407
SEPSF,Asep Medical Holdings Inc.,,stock,8411
DNKC,Dankon Corp,,stock,8412
BGMSP,"Bio Green Med Solution, Inc.",,stock,8414
AEAQU,Activate Energy Acquisition Corp.,,stock,8416
NMFCZ,New Mountain Finance Corp,,stock,8418
ECOC,"Abvc Biopharma, Inc.",,stock,8419
THFRF,Thai Union Group Public Co Limited/ADR,,stock,8425
TUFUF,Thai Union Group Public Co Limited/ADR,,stock,8426
CICB,CION Investment Corp,,stock,8427
UZD,"Array Digital Infrastructure, Inc.",,stock,8428
UZE,"Array Digital Infrastructure, Inc.",,stock,8429
UZF,"Array Digital Infrastructure, Inc.",,stock,8430
NWSLL,News Corp,,stock,8432
PECEU,Peace Acquisition Corp.,,stock,8433
PECER,Peace Acquisition Corp.,,stock,8434
SGST,"Strategic Storage Trust VI, Inc.",,stock,8436
GOOGN,Alphabet Inc.,,stock,8437
GOOGM,Alphabet Inc.,,stock,8438
ORANY,Orange,,stock,8446
TMTSU,Spartacus Acquisition Corp. II,,stock,8447
TONT-UN,Graf Global Corp.,,stock,8449
AMPGZ,"AmpliTech Group, Inc.",,stock,8451
BEAGU,Bold Eagle Acquisition Corp.,,stock,8452
BEAGR,Bold Eagle Acquisition Corp.,,stock,8453
QRED-UN,QuasarEdge Acquisition Corp,,stock,8454
QRED-RI,QuasarEdge Acquisition Corp,,stock,8455
CUBWU,Lionheart Holdings,,stock,8456
AVSBS,"Arrived Homes 5, LLC",,stock,8458
AVPKS,"Arrived Homes 5, LLC",,stock,8459
AEHGS,"Arrived Homes 5, LLC",,stock,8460
ALOIS,"Arrived Homes 5, LLC",,stock,8461
MITN,"TPG Mortgage Investment Trust, Inc.",,stock,8464
MITP,"TPG Mortgage Investment Trust, Inc.",,stock,8465
MGCOF,"Midea Group Co., Ltd./ADR",,stock,8470
MACT,"MachTen, Inc.",,stock,8472
KCA-UN,Kensington Capital Acquisition Corp. VI,,stock,8474
SVIVU,Spring Valley Acquisition Corp. IV,,stock,8475
ORIQU,Origin Investment Corp I,,stock,8477
MKLYU,McKinley Acquisition Corp,,stock,8479
MKLYR,McKinley Acquisition Corp,,stock,8480
EPDU,Enterprise Products Partners L.P.,,stock,8484
CBGGF,Chain Bridge I,,stock,8485
ADAMK,"Adamas Trust, Inc.",,stock,8494
ADAMN,"Adamas Trust, Inc.",,stock,8495
ADAMG,"Adamas Trust, Inc.",,stock,8496
ADAMM,"Adamas Trust, Inc.",,stock,8497
ADAMH,"Adamas Trust, Inc.",,stock,8498
ADAML,"Adamas Trust, Inc.",,stock,8499
ADAMZ,"Adamas Trust, Inc.",,stock,8500
ADAMO,"Adamas Trust, Inc.",,stock,8501
ADAMI,"Adamas Trust, Inc.",,stock,8502
TPTS,"Terra Property Trust, Inc.",,stock,8503
OCCIN,"OFS Credit Company, Inc.",,stock,8504
BCEFF,Bce Inc,,stock,8505
BCEPF,Bce Inc,,stock,8506
BCEXF,Bce Inc,,stock,8507
BCAEF,Bce Inc,,stock,8508
BCENF,Bce Inc,,stock,8509
BCEIF,Bce Inc,,stock,8510
BCPPF,Bce Inc,,stock,8511
CBRGF,Chain Bridge I,,stock,8512
ZTOEF,ZTO Express (Cayman) Inc.,,stock,8515
OCCIM,"OFS Credit Company, Inc.",,stock,8516
TDDWW,Tidewater Inc,,stock,8517
NE-WTA,Noble Corp plc,,stock,8519
PLDGP,"Prologis, Inc.",,stock,8529
NCHEF,Nichirei Corporation/ADR,,stock,8544
ACGLN,Arch Capital Group Ltd.,,stock,8545
ACGLO,Arch Capital Group Ltd.,,stock,8546
NNRGF,Ninepoint Energy Fund,,stock,8547
AILIO,Ameren Illinois Co,,stock,8548
AILIP,Ameren Illinois Co,,stock,8549
KLXER,"KLX Energy Services Holdings, Inc.",,stock,8550
CCNEP,Cnb Financial Corp/Pa,,stock,8552
ABPWW,"Abpro Holdings, Inc.",,stock,8555
FIISO,Financial Institutions Inc,,stock,8560
FIISP,Financial Institutions Inc,,stock,8561
CIMP,Chimera Investment Corp,,stock,8562
CIMN,Chimera Investment Corp,,stock,8563
CIMO,Chimera Investment Corp,,stock,8564
DCBG,"Dime Commercial Bancshares, Inc. /NY/",,stock,8567
FRMEP,First Merchants Corp,,stock,8568
HBANL,Huntington Bancshares Inc /Md/,,stock,8572
HBANM,Huntington Bancshares Inc /Md/,,stock,8573
HBANP,Huntington Bancshares Inc /Md/,,stock,8574
EURKR,Eureka Acquisition Corp,,stock,8575
EURKU,Eureka Acquisition Corp,,stock,8576
FGSN,"F&G Annuities & Life, Inc.",,stock,8577
FGN,"F&G Annuities & Life, Inc.",,stock,8578
AIBRF,AIB Group plc/ADR,,stock,8579
MPNGF,Meituan Dianping/ADR,,stock,8580
WHLRL,"Wheeler Real Estate Investment Trust, Inc.",,stock,8582
JXADF,JX Advanced Metals Corporation/ADR,,stock,8586
OSPRU,Osprey Acquisition Corp. III,,stock,8589
WEIBF,WEIBO Corp,,stock,8591
GDLG,Glidelogic Corp.,,stock,8594
LTMGF,Lottomatica Group S.p.A./ADR,,stock,8595
GOODN,Gladstone Commercial Corp,,stock,8596
GOODO,Gladstone Commercial Corp,,stock,8597
FNLPF,Fresnillo Plc/ADR,,stock,8598
SMFRF,"Sumitomo Forestry Co., Ltd./ADR",,stock,8599
AGQ,ProShares Ultra Silver,NYSE Arca,etf,8600
BOIL,ProShares Ultra Bloomberg Natural Gas,NYSE Arca,etf,8601
EUO,ProShares UltraShort Euro,NYSE Arca,etf,8602
GLL,ProShares UltraShort Gold,NYSE Arca,etf,8603
YCL,ProShares Ultra Yen,NYSE Arca,etf,8604
YCS,ProShares UltraShort Yen,NYSE Arca,etf,8605
ZSL,ProShares UltraShort Silver,NYSE Arca,etf,8606
UGL,ProShares Ultra Gold,NYSE Arca,etf,8607
ULE,ProShares Ultra Euro,NYSE Arca,etf,8608
UVXY,ProShares Ultra VIX Short Term Futures ETF,Cboe BZX,etf,8609
VIXM,VIX Mid-Term Futures ETF,Cboe BZX,etf,8610
VIXY,VIX Short-Term Futures ETF,Cboe BZX,etf,8611
SCO,ProShares UltraShort Bloomberg Crude Oil,NYSE Arca,etf,8612
SVXY,ProShares Short VIX Short Term Futures ETF,Cboe BZX,etf,8613
UCO,ProShares Ultra Bloomberg Crude Oil,NYSE Arca,etf,8614
KOLD,ProShares UltraShort Bloomberg Natural Gas,NYSE Arca,etf,8615
SMCIP,"Super Micro Computer, Inc.",,stock,8616
SREA,Sempra,,stock,8617
PAAPU,Plains All American Pipeline Lp,,stock,8618
DBHL,"Deep Isolation Nuclear, Inc.",,stock,8620
EJTTF,easyJet plc,,stock,8621
WSTNR,Westin Acquisition Corp,,stock,8622
WSTNU,Westin Acquisition Corp,,stock,8623
CFOR,CapForce Inc.,,stock,8624
CTTRF,"Controladora Vuela Compania de Aviacion, S.A.B. de C.V.",,stock,8625
BUSEP,First Busey Corp /Nv/,,stock,8626
NWSZF,CTF Services Ltd,,stock,8631
FKURF,Fujikura Ltd/ADR,,stock,8632
VTTGF,VAT Group AG/ADR,,stock,8633
PDSKX,Principal Real Asset Fund,,stock,8634
CANE,Teucrium Sugar Fund ETV,NYSE Arca,etf,8635
TAGS,Teucrium Agricultural Fund ETV,NYSE Arca,etf,8636
WEAT,Teucrium Wheat Fund ETV,NYSE Arca,etf,8637
BTCK,7RCC Spot Bitcoin and Carbon Credit Futures ETF,NYSE Arca,etf,8638
SOYB,Teucrium Soybean Fund ETV,NYSE Arca,etf,8639
CORN,Teucrium Corn Fund ETV,NYSE Arca,etf,8640
ATEKU,Athena Technology Acquisition Corp. II,,stock,8641
ASRRF,ASR Nederland N.V./ADR,,stock,8643
BYDIF,BYD Electronic (International) Co Ltd,,stock,8644
EGHAR,EGH Acquisition Corp.,,stock,8645
EGHAU,EGH Acquisition Corp.,,stock,8646
OBAWU,Oxley Bridge Acquisition Ltd,,stock,8648
PCPPF,PC Partner Group Ltd/ADR,,stock,8650
SPGDF,Springer Nature AG & Co. KGaA/ADR,,stock,8651
BPOPM,"Popular, Inc.",,stock,8653
SMSOF,Samsonite International SA/ADR,,stock,8654
NTRSO,Northern Trust Corp,,stock,8658
FCNCO,First Citizens Bancshares Inc /De/,,stock,8659
FCNCP,First Citizens Bancshares Inc /De/,,stock,8660
FCNCN,First Citizens Bancshares Inc /De/,,stock,8661
MCAHR,Mountain Crest Acquisition 6 Corp.,,stock,8662
MCAHU,Mountain Crest Acquisition 6 Corp.,,stock,8663
DYORU,Insight Digital Partners II,,stock,8665
CRAQR,Cal Redwood Acquisition Corp.,,stock,8669
CRAQU,Cal Redwood Acquisition Corp.,,stock,8670
FERAR,Fifth Era Acquisition Corp I,,stock,8671
FERAU,Fifth Era Acquisition Corp I,,stock,8672
RPGRF,REA Group Limited/ADR,,stock,8673
AMUB,"ETRACS Alerian MLP Index ETN Series B due July 18, 2042",NYSE Arca,stock,8674
BDCX,"ETRACS Quarterly Pay 1.5x Leveraged MarketVector BDC Liquid Index ETN due June 10, 2050",NYSE Arca,etf,8675
BDCZ,"ETRACS MarketVector Business Development Companies Liquid Index ETN due April 26, 2041",NYSE Arca,stock,8676
CEFD,ETRACS Monthly Pay 1.5X Leveraged Closed-End Fund Index ETN,NYSE Arca,etf,8677
UCIB,"ETRACS UBS Bloomberg Constant Maturity Commodity Index (CMCI) Total Return ETN Series B due April 5, 2038",NYSE Arca,stock,8678
SMHB,ETRACS Monthly Pay 2x Leveraged Small Cap High Dividend ETN Series B,NYSE Arca,stock,8679
MLPR,ETRACS Quarterly Pay 1.5X Leveraged Alerian MLP Index ETN,NYSE Arca,etf,8680
MVRL,ETRACS Monthly Pay 1.5X Leveraged Mortgage REIT ETN,NYSE Arca,etf,8681
PFFL,Ubs Ag,,stock,8682
MLPB,"ETRACS Alerian MLP Infrastructure Index ETN Series B due April 2, 2040",NYSE Arca,stock,8683
HDLB,"ETRACS Monthly Pay 2xLeveraged US High Dividend Low Volatility ETN Series B due September 30, 2044",NYSE Arca,etf,8684
IFED,ETRACS IFED Invest with the Fed TR Index ETN,NYSE Arca,etf,8685
AGQPF,Algonquin Power & Utilities Corp.,,stock,8686
AQNB,Algonquin Power & Utilities Corp.,,stock,8688
WBXWF,Wallbox N.V.,,stock,8691
HBANZ,Huntington Bancshares Inc /Md/,,stock,8693
HWCPZ,Hancock Whitney Corp,,stock,8694
BRKRP,Bruker Corp,,stock,8697
METCZ,"Ramaco Resources, Inc.",,stock,8698
METCI,"Ramaco Resources, Inc.",,stock,8699
METCB,"Ramaco Resources, Inc.",NASDAQ,stock,8700
NHICU,NewHold Investment Corp. III,,stock,8701
SDHIU,Siddhi Acquisition Corp (Cayman Islands),,stock,8703
SDHIR,Siddhi Acquisition Corp (Cayman Islands),,stock,8704
CXIIU,Churchill Capital Corp XII,,stock,8705
ARCLR,ARC Group Acquisition I Corp.,,stock,8707
ARCLU,ARC Group Acquisition I Corp.,,stock,8709
EYGPF,Electricity Generating Public Co Limited/ADR,,stock,8711
EYUUF,Electricity Generating Public Co Limited/ADR,,stock,8712
YRAIF,Yara International Asa,,stock,8713
DPLMF,Diploma plc/ADR,,stock,8718
TOYWF,"TOYO Co., Ltd",,stock,8719
JACS-UN,Jackson Acquisition Co II,,stock,8720
JACS-RI,Jackson Acquisition Co II,,stock,8721
UMGNF,Universal Music Group N.V./ADR,,stock,8722
QGAI,Quantum Genesis AI Corp.,,stock,8723
CUBB,"Customers Bancorp, Inc.",,stock,8725
HCTPF,Hutchison Port Holdings Trust/ADR,,stock,8726
AGNCL,AGNC Investment Corp.,,stock,8727
AGNCM,AGNC Investment Corp.,,stock,8728
AGNCN,AGNC Investment Corp.,,stock,8729
AGNCO,AGNC Investment Corp.,,stock,8730
AGNCP,AGNC Investment Corp.,,stock,8731
AGNCZ,AGNC Investment Corp.,,stock,8732
BBAAY,Alibaba Group Holding Ltd,,stock,8734
LLPS,Limitless Projects Inc.,,stock,8735
CMCLF,"China Molybdenum Co., Ltd.",,stock,8736
CNDAU,Concord Acquisition Corp II,,stock,8738
SVCCU,Stellar V Capital Corp. (Cayman Islands),,stock,8741
INACU,Indigo Acquisition Corp.,,stock,8742
INACR,Indigo Acquisition Corp.,,stock,8743
PNDZF,Pandora A/S / ADR,,stock,8746
CTGG,Qwest Corp,,stock,8747
CTHH,Qwest Corp,,stock,8748
APURR,Aperture AC,,stock,8750
PONOR,"Pono Capital Four, Inc.",,stock,8751
PONOU,"Pono Capital Four, Inc.",,stock,8752
NFEGP,New Fortress Energy Inc.,,stock,8753
FTRA-UN,FutureCorp Space Acquisition 1,,stock,8755
PRNSY,Princes Group plc/ADR,,stock,8757
ZARE,Ares Real Estate Income Trust Inc.,,stock,8760
HRZRF,"Horizon Robotics, Inc./ADR",,stock,8761
ACLEW,Aedis Energy Inc.,,stock,8763
ADIS,Aedis Energy Inc.,,stock,8764
MMTXU,Miluna Acquisition Corp,,stock,8765
FGBIP,"First Guaranty Bancshares, Inc.",,stock,8767
FIGIF,"Fuyao Glass Industry Group Co., Ltd./ADR",,stock,8768
INBKZ,First Internet Bancorp,,stock,8769
HCHDF,Hochschild Mining PLC,,stock,8770
FSHPR,Flag Ship Acquisition Corp,,stock,8771
JONEU,Jones Ventures INTL Acquisition1 Corp,,stock,8772
JONER,Jones Ventures INTL Acquisition1 Corp,,stock,8773
WRLRF,West Red Lake Gold Mines Ltd.,,stock,8774
WRLWF,West Red Lake Gold Mines Ltd.,,stock,8775
OFSSO,OFS Capital Corp,,stock,8776
OFSSH,OFS Capital Corp,,stock,8777
SGIPF,"Sugi Holdings Co., Ltd./ADR",,stock,8779
CAPNR,Cayson Acquisition Corp,,stock,8780
CAPNU,Cayson Acquisition Corp,,stock,8781
OACCU,Oaktree Acquisition Corp. III Life Sciences,,stock,8782
OHACU,Oceanhawk Acquisition Corp.,,stock,8784
OHACR,Oceanhawk Acquisition Corp.,,stock,8785
CATLU,Catalyst Acquisition Corp.,,stock,8786
CATLR,Catalyst Acquisition Corp.,,stock,8787
ISNRU,Snow Rothschild Acquisition Corp.,,stock,8788
HCIIP,"HCI Group, Inc.",,stock,8790
KMPB,KEMPER Corp,,stock,8791
APACU,StoneBridge Acquisition II Corp,,stock,8792
APACR,StoneBridge Acquisition II Corp,,stock,8793
MTNE-UN,CH4 Natural Solutions Corp,,stock,8794
GLTKD,GlobalTech Corp,,stock,8799
TNEYF,Tamarack Valley Energy Ltd./ADR,,stock,8800
ZHILF,"Zhongji Innolight Co., Ltd./ADR",,stock,8801
LKYRF,Locksley Resources Limited/ADR,,stock,8802
RDCT,"VNUE, Inc.",,stock,8805
XTKGF,"X3 Holdings Co., Ltd.",,stock,8806
SVIX,1x Short VIX Futures ETF,Cboe BZX,etf,8808
BODYW,"Beachbody Company, Inc.",,stock,8810
BCCQU,Bleichroeder Acquisition Corp. III,,stock,8812
GPATU,GP-Act III Acquisition Corp.,,stock,8813
IPXGU,Inflection Point Acquisition Corp. VII,,stock,8815
XAKJ,"SIPP International Industries, Inc.",,stock,8818
DUTBF,Duality Biotherapeutics Inc/ADR,,stock,8820
OBCKF,Ottobock SE & Co. KGaA/ADR,,stock,8821
CSCCF,Capstone Copper Corp./ADR,,stock,8822
SRBEF,VusionGroup,,stock,8823
REECF,Reece Limited/ADR,,stock,8824
MYXXR,Maywood Acquisition Corp. 2,,stock,8826
MYXXU,Maywood Acquisition Corp. 2,,stock,8827
NXNVW,Nextnav Inc.,,stock,8829
NWAX-UN,New America Acquisition I Corp.,,stock,8830
EVOXU,Evolution Global Acquisition Corp,,stock,8832
BDCIU,BTC Development Corp.,,stock,8834
STSR,"Strategic Student & Senior Housing Trust, Inc.",,stock,8837
RDSC,Radiant Strategies Corp,,stock,8838
RFAMR,RF Acquisition Corp III,,stock,8839
RFAMU,RF Acquisition Corp III,,stock,8840
BCSS-UN,Bain Capital GSS Investment Corp.,,stock,8843
PGACR,PANTAGES CAPITAL ACQUISITION Corp,,stock,8844
PGACU,PANTAGES CAPITAL ACQUISITION Corp,,stock,8845
LANWF,Lanvin Group Holdings Ltd,,stock,8846
LWACU,LightWave Acquisition Corp.,,stock,8847
BEIGF,BeOne Medicines Ltd.,,stock,8849
AAVXF,Abivax S.A.,,stock,8850
FGNXP,FG Nexus Inc.,,stock,8851
FGCPP,FG Nexus Inc.,,stock,8852
PCTBP,"PureCycle Technologies, Inc.",,stock,8853
PCTTU,"PureCycle Technologies, Inc.",,stock,8854
GAINZ,Gladstone Investment Corporationde,,stock,8856
GAINI,Gladstone Investment Corporationde,,stock,8857
GAING,Gladstone Investment Corporationde,,stock,8858
OPENL,Opendoor Technologies Inc.,,stock,8860
OPENZ,Opendoor Technologies Inc.,,stock,8861
MNLTF,Mininglamp Technology Group Limited/ADR,,stock,8863
OZKAP,Bank OZK,,stock,8864
KMFG,KEEMO Fashion Group Ltd,,stock,8865
BEBE-UN,TGE Value Creative Solutions Corp,,stock,8866
ONFOP,"Onfolio Holdings, Inc",,stock,8868
IPEXU,Inflection Point Acquisition Corp. V,,stock,8869
IPEXR,Inflection Point Acquisition Corp. V,,stock,8870
ALUB-UN,Alussa Energy Acquisition Corp. II,,stock,8873
WTGUU,Wintergreen Acquisition Corp.,,stock,8874
WTGUR,Wintergreen Acquisition Corp.,,stock,8875
LNWO,"Light & Wonder, Inc.",,stock,8878
LAWIL,"Light & Wonder, Inc.",,stock,8879
EBOSF,EBOS Group Limited/ADR,,stock,8880
LENDX,Stone Ridge Trust V,,stock,8881
KRNGF,Karoon Gas Australia Ltd /ADR/,,stock,8882
ZJNGF,Zijin Gold International Co Limited/ADR,,stock,8883
HYNLY,Hydro One Ltd,,stock,8884
RANGR,Range Capital Acquisition Corp.,,stock,8888
RANGU,Range Capital Acquisition Corp.,,stock,8889
MHNC,"Maiden Holdings, Ltd.",,stock,8890
AAC-UN,Ares Acquisition Corp III,,stock,8891
GTERU,Globa Terra Acquisition Corp,,stock,8894
GTERR,Globa Terra Acquisition Corp,,stock,8895
PCAPU,ProCap Acquisition Corp,,stock,8897
LNXSF,Lanxess Ag,,stock,8901
YSHLF,Yangzijiang Shipbuilding Holdings Ltd/ADR,,stock,8902
IHICF,IHI Corporation/ADR,,stock,8903
ASCIX,Angel Oak Strategic Credit Fund,,stock,8904
KRAQU,KRAKacquisition Corp,,stock,8914
BYNOU,byNordic Acquisition Corp,,stock,8916
PPLC,PPL Corp,,stock,8918
DUNNF,Duni AB/ADR,,stock,8921
CORZR,"Core Scientific, Inc./tx",,stock,8924
CORZZ,"Core Scientific, Inc./tx",,stock,8925
RILYG,"BRC Group Holdings, Inc.",,stock,8926
RILYL,"BRC Group Holdings, Inc.",,stock,8927
RILYN,"BRC Group Holdings, Inc.",,stock,8928
RILYP,"BRC Group Holdings, Inc.",,stock,8929
RILYT,"BRC Group Holdings, Inc.",,stock,8930
RILYZ,"BRC Group Holdings, Inc.",,stock,8931
BCKIF,Babcock International Group PLC/ADR,,stock,8932
PDPA,Pearl Diver Credit Co Inc.,,stock,8933
PAASF,Pan American Silver Corp,,stock,8935
NXPGF,Mobico Group PLC/ADR,,stock,8936
BDTB,Bodhi Tree Biotechnology Inc,,stock,8937
NEMCL,NEWMONT Corp /DE/,,stock,8938
XTERU,Karman Line Acquisition Corp.,,stock,8939
FACTU,FACT II Acquisition Corp.,,stock,8943
MTTN,"Matternet, Inc.",,stock,8945
HNSPF,Hansoh Pharmaceutical Group Co Limited/ADR,,stock,8949
MGHTF,Mercury NZ Ltd./ADR,,stock,8954
DTREF,Dateline Resources Ltd/Adr,,stock,8955
BLZRU,Trailblazer Acquisition Corp.,,stock,8956
PACHU,Pioneer Acquisition I Corp,,stock,8959
HSPUF,Horizon Space Acquisition I Corp.,,stock,8960
HSPWF,Horizon Space Acquisition I Corp.,,stock,8961
DMAAU,Drugs Made In America Acquisition Corp.,,stock,8962
DMAAR,Drugs Made In America Acquisition Corp.,,stock,8963
NNBXF,Nanobiotix S.A.,,stock,8964
ADAPY,Adaptimmune Therapeutics PLC,,stock,8966
PALX,Palomino Laboratories Inc.,,stock,8968
NBRGR,Newbridge Acquisition Ltd,,stock,8971
NBRGU,Newbridge Acquisition Ltd,,stock,8972
SENEM,Seneca Foods Corp,,stock,8973
SENEL,Seneca Foods Corp,,stock,8974
JWSWF,Jaws Mustang Acquisition Corp,,stock,8975
JWSUF,Jaws Mustang Acquisition Corp,,stock,8976
ONBPO,Old National Bancorp /In/,,stock,8977
ONBPP,Old National Bancorp /In/,,stock,8978
CHSCL,Chs Inc,,stock,8979
CHSCM,Chs Inc,,stock,8980
CHSCN,Chs Inc,,stock,8981
CHSCO,Chs Inc,,stock,8982
CEHCF,"Cosmo Energy Holdings Co., Ltd./ADR",,stock,8984
TCMEF,Tencent Music Entertainment Group,,stock,8985
DBCAU,D. Boral Acquisition I Corp.,,stock,8986
SWKHL,SWK Holdings Corp,,stock,8989
BCCG,Blue Chip Capital Group Inc.,,stock,8990
LSHGF,Louis Hachette Group/ADR,,stock,8991
APOS,"Apollo Global Management, Inc.",,stock,8993
CHKGF,Cheung Kong Property Holdings Limited/ADR,,stock,8994
CCAQU,Collective Acquisition Corp.,,stock,8997
TDACU,Translational Development Acquisition Corp.,,stock,8998
GGBY,Alpha Investment Inc.,,stock,9000
NNFSF,Nongfu Spring Co. Ltd./ADR,,stock,9001
PTCCY,Petrochina Co Ltd,,stock,9002
ADYYF,Adyen N.V./ADR,,stock,9003
PSKRF,Protector Forsikring/ADR,,stock,9004
GRKZF,Greek Organisation of Football Prognostics S.A.,,stock,9005
RAC-UN,Rithm Acquisition Corp.,,stock,9006
TWLVR,Twelve Seas Investment Co III/Cayman,,stock,9008
TWLVU,Twelve Seas Investment Co III/Cayman,,stock,9009
NASC,Can B Corp,,stock,9010
BUHPF,Bumrungrad Hospital Public Co Limited/ADR,,stock,9011
BUGDF,Bumrungrad Hospital Public Co Limited/ADR,,stock,9012
FTAIM,FTAI Aviation Ltd.,,stock,9014
SVNHF,Sunevision Holdings/Adr,,stock,9015
IPHXU,Inflection Point Acquisition Corp. VIII,,stock,9022
BWET,Breakwave Tanker Shipping ETF,NYSE Arca,etf,9024
ALCWF,Alchemy Investments Acquisition Corp 1,,stock,9025
ALCUF,Alchemy Investments Acquisition Corp 1,,stock,9026
GPACU,General Purpose Acquisition Corp.,,stock,9027
CCXIU,Churchill Capital Corp XI,,stock,9029
AXINR,Axiom Intelligence Acquisition Corp 1,,stock,9031
AXINU,Axiom Intelligence Acquisition Corp 1,,stock,9032
HVMCU,Highview Merger Corp.,,stock,9033
SVUWF,SRIVARU Holding Ltd,,stock,9035
OGGWZ,Osisko Gold Group Inc.,,stock,9037
OSDVF,Osisko Gold Group Inc.,,stock,9038
JPSTF,"Japan Post Bank Co., Ltd.",,stock,9040
ALPWF,Alps Group Inc,,stock,9041
BKPKF,Bank Pekao S.A./ADR,,stock,9043
WOLTF,Wolters Kluwer N V /Fi,,stock,9044
SPHXF,SM Prime Holdings Inc./ADR,,stock,9045
LPUGF,Laopu Gold Co. Ltd./ADR,,stock,9046
AWTRF,Air Water Inc./ADR,,stock,9047
MEIUF,Meitu Inc./ADR,,stock,9048
SHMZF,Shimadzu Corporation/ADR,,stock,9049
MRCIF,"Mercari, Inc./ADR",,stock,9050
DUKB,Duke Energy CORP,,stock,9051
DUKU,Duke Energy CORP,,stock,9053
PERFF,Perfect Corp.,,stock,9054
SLFQF,Sun Life Financial Inc,,stock,9056
SLFIF,Sun Life Financial Inc,,stock,9057
SUNFF,Sun Life Financial Inc,,stock,9058
MCAGR,Mountain Crest Acquisition Corp. V,,stock,9061
MCAGU,Mountain Crest Acquisition Corp. V,,stock,9062
QFNHF,"Qfin Holdings, Inc.",,stock,9063
PMTRU,Perimeter Acquisition Corp. I,,stock,9064
RIBBU,Ribbon Acquisition Corp.,,stock,9066
RIBBR,Ribbon Acquisition Corp.,,stock,9067
KNIH,Kioni Holdings Ltd,,stock,9068
SSEAR,Starry Sea Acquisition Corp,,stock,9069
AFGB,American Financial Group Inc,,stock,9070
AFGC,American Financial Group Inc,,stock,9071
AFGD,American Financial Group Inc,,stock,9072
AFGE,American Financial Group Inc,,stock,9073
SSEAU,Starry Sea Acquisition Corp,,stock,9074
KBONU,Karbon Capital Partners Corp.,,stock,9076
NSAIR,NorthStrive Acquisition Corp I.,,stock,9077
NSAIU,NorthStrive Acquisition Corp I.,,stock,9078
AKPPS,Ark7 Properties Plus LLC,,stock,9080
WELPM,Wisconsin Electric Power Co,,stock,9082
LLOBF,Lloyds Banking Group plc,,stock,9086
INVUP,"Investview, Inc.",,stock,9089
RENXF,Renalytix plc,,stock,9090
TGOPF,3i GROUP PLC,,stock,9091
GLDI,"ETRACS Gold Shares Covered Call ETNs due February 2, 2033",NASDAQ,etf,9095
USOI,"ETRACS Crude Oil Shares Covered Call ETNs due April 24, 2037",NASDAQ,etf,9096
SLVO,"ETRACS Silver Shares Covered Call ETNs due April 21, 2033",NASDAQ,etf,9097
HCXY,"Hercules Capital, Inc.",,stock,9098
IACQU,Irenic Acquisition Corp.,,stock,9100
ASUUF,ASPAC II Acquisition Corp.,,stock,9101
ASCWF,ASPAC II Acquisition Corp.,,stock,9102
ASCRF,ASPAC II Acquisition Corp.,,stock,9103
APXTU,Apex Treasury Corp,,stock,9106
GIXXU,GigCapital9 Corp.,,stock,9108
GIXXR,GigCapital9 Corp.,,stock,9109
TLACU,Three Lions Acquisition Corp.,,stock,9111
KGCRF,Kinross Gold Corp,,stock,9112
EMISR,Emmis Acquisition Corp.,,stock,9113
BRRKU,Bluerock Acquisition Corp. II,,stock,9114
CCCTU,Columbus Circle Capital Corp III,,stock,9115
OCLTR,OceanLight Acquisition Corp,,stock,9117
OCLTU,OceanLight Acquisition Corp,,stock,9119
WEIGF,Weir Group PLC/ADR,,stock,9122
NMPWP,National Grid Plc,,stock,9128
NEWEN,National Grid Plc,,stock,9129
NMKCP,National Grid Plc,,stock,9130
NMKBP,National Grid Plc,,stock,9131
BRRND,Bryn Inc.,,stock,9133
SKLTF,Seek Ltd,,stock,9137
VYLD,"Inverse VIX Short-Term Futures ETNs due March 22, 2045",NYSE Arca,etf,9139
AMJB,Alerian MLP Index ETN,NYSE Arca,etf,9140
MFICL,MidCap Financial Investment Corp,,stock,9146
CKHGY,Capitec Limited/ADR,,stock,9147
FRBP,Franklin BSP Capital Corp,,stock,9148
PFXNZ,PhenixFIN Corp,,stock,9149
MGRE,"Affiliated Managers Group, Inc.",,stock,9151
MGRD,"Affiliated Managers Group, Inc.",,stock,9152
MGR,"Affiliated Managers Group, Inc.",,stock,9153
MGRB,"Affiliated Managers Group, Inc.",,stock,9154
NSKFF,Kongsberg Gruppen ASA/ADR,,stock,9155
JBHIF,JB Hi-Fi Limited/ADR,,stock,9156
INPOF,InPost S.A./ADR,,stock,9157
HWLDF,H World Group Ltd,,stock,9158
SWZCF,Swisscom Ag,,stock,9159
IRAB-UN,Iris Acquisition Corp II,,stock,9161
CSTWF,Constellation Acquisition Corp I,,stock,9162
CSTUF,Constellation Acquisition Corp I,,stock,9163
TYHOF,Toyota Tsusho Corporation/ADR,,stock,9164
RNGTU,Range Capital Acquisition Corp II,,stock,9165
LKSPU,Lake Superior Acquisition Corp,,stock,9167
LKSPR,Lake Superior Acquisition Corp,,stock,9168
GSHRU,Gesher Acquisition Corp. II,,stock,9169
PREJF,Partnerre Ltd,,stock,9171
ASGI-RI,abrdn Global Infrastructure Income Fund,,stock,9172
MNESP,MSA Safety Inc,,stock,9176
SNTUF,Santander UK plc,,stock,9180
STNDF,Santander UK plc,,stock,9181
AERGP,"Applied Energetics, Inc.",,stock,9182
CPNNF,Central Pattana Public Co Limited/ADR,,stock,9183
CTPUF,Central Pattana Public Co Limited/ADR,,stock,9184
DAIUF,"Daifuku Co., Ltd./ADR",,stock,9185
MFAN,"Mfa Financial, Inc.",,stock,9186
MFAO,"Mfa Financial, Inc.",,stock,9187
GSCE,Goldman Sachs Group Inc,,stock,9188
SLOIF,Soitec SA,,stock,9192
PMTU,PennyMac Mortgage Investment Trust,,stock,9196
PMTW,PennyMac Mortgage Investment Trust,,stock,9197
PMTV,PennyMac Mortgage Investment Trust,,stock,9198
RHEPB,"Regional Health Properties, Inc",,stock,9199
RHEPZ,"Regional Health Properties, Inc",,stock,9200
RHEPA,"Regional Health Properties, Inc",,stock,9201
TYOYF,Taiyo Yuden Co Ltd /Adr/,,stock,9204
FULTP,Fulton Financial Corp,,stock,9208
POWWP,Outdoor Holding Co,,stock,9210
LFMDP,"LifeMD, Inc.",,stock,9213
CMLSQ,Cumulus Media Inc,,stock,9215
DUSCF,Deutsche EuroShop AG/ADR,,stock,9217
ISADY,Iss A/S / Adr,,stock,9218
ISFFF,Iss A/S / Adr,,stock,9219
HNSDF,Hensoldt AG/ADR,,stock,9220
MCHPP,Microchip Technology Inc,,stock,9221
BAFBF,Balfour Beatty plc/ADR,,stock,9222
BTDPF,Barratt Developments PLC/ADR,,stock,9223
VSECU,Vse Corp,,stock,9224
KPHMW,Kiora Pharmaceuticals Inc,,stock,9226
CDZIP,Cadiz Inc,,stock,9227
CYJBF,Cargotec Corp OYJ,,stock,9233
MBNKO,Medallion Financial Corp,,stock,9236
SCPQU,Social Commerce Partners Corp,,stock,9240
SNIRF,Senior Plc,,stock,9241
LGNZZ,Ligand Pharmaceuticals Inc,,stock,9243
LGNDZ,Ligand Pharmaceuticals Inc,,stock,9244
LGNXZ,Ligand Pharmaceuticals Inc,,stock,9245
LGNYZ,Ligand Pharmaceuticals Inc,,stock,9246
FBIOP,"Fortress Biotech, Inc.",,stock,9247
PNMXO,Public Service Co Of New Mexico,,stock,9248
AIZN,"Assurant, Inc.",,stock,9249
SFDMF,Shanghai Fudan Microelectronics Co Limited/ADR/,,stock,9250
DGP,"DB Gold Double Long ETN due February 15, 2038",NYSE Arca,stock,9251
DGZ,"DB Gold Short ETN due February 15, 2038",NYSE Arca,stock,9252
ADZCF,Deutsche Bank Aktiengesellschaft,,stock,9253
DEENF,Deutsche Bank Aktiengesellschaft,,stock,9254
DZZ,"DB Gold Double Short ETN due February 15, 2038",NYSE Arca,stock,9255
OLOXF,Deutsche Bank Aktiengesellschaft,,stock,9256
ZNKUF,"ZENKOKU HOSHO Co., Ltd./ADR",,stock,9260
WFCNP,Wells Fargo & Company/Mn,,stock,9268
CCID,Carlyle Credit Income Fund,,stock,9271
NCLTF,"Nitori Holdings Co., Ltd.",,stock,9272
DCCPF,DCC plc,,stock,9273
HPHTF,Hamamatsu Photonics K.K./ADR,,stock,9274
TOMYF,Tomy Co Ltd/ADR,,stock,9275
IQEPF,Iqe Plc/Adr,,stock,9276
GENVR,Gen Digital Inc.,,stock,9279
DYNCU,Dynamix Corp,,stock,9281
ISMCF,iShares S&P GSCI Commodity-Indexed Trust,,stock,9283
KKRT,KKR & Co. Inc.,,stock,9286
KKRS,KKR & Co. Inc.,,stock,9288
SLNHP,"Soluna Holdings, Inc",,stock,9289
SAZ,Saratoga Investment Corp.,,stock,9290
SAV,Saratoga Investment Corp.,,stock,9291
SAX,Saratoga Investment Corp.,,stock,9292
SAJ,Saratoga Investment Corp.,,stock,9293
SAY,Saratoga Investment Corp.,,stock,9294
CITAF,China Shipping Container Lines Co Ltd,,stock,9296
CLBR-UN,Colombier Acquisition Corp. III,,stock,9298
CPER,United States Copper Index Fund ETV,NYSE Arca,etf,9300
RWDMU,Redwood Mortgage Investors IX,,stock,9301
MSOGF,MINISO Group Holding Ltd,,stock,9302
KYOAY,Kyocera Corp,,stock,9304
SOJD,Southern Co,,stock,9307
SOJF,Southern Co,,stock,9308
SOJE,Southern Co,,stock,9309
SOMN,Southern Co,,stock,9310
DNOPF,Dino Polska S.A./ADR,,stock,9311
BXCAP,Box Inc,,stock,9313
SRGBF,Suruga Bank Ltd/Adr/,,stock,9314
AEBMF,Anadolu Efes Biracilik Ve Malt Sanayi A S/Adr,,stock,9315
AEBMY,Anadolu Efes Biracilik Ve Malt Sanayi A S/Adr,,stock,9316
VENAF,MicroAlgo Inc.,,stock,9318
PFLA,PennantPark Floating Rate Capital Ltd.,,stock,9320
BKZHF,Santander Bank Polska SA/ADR,,stock,9322
HVIIR,ONE Nuclear Energy Inc.,,stock,9325
HVIIU,ONE Nuclear Energy Inc.,,stock,9326
VSEED,"Vsee Health, Inc.",,stock,9329
RSNHF,Resona Holdings Inc,,stock,9330
GBCMY,Global Bio-chem Technology Group Co. Ltd / ADR,,stock,9333
GBCMF,Global Bio-chem Technology Group Co. Ltd / ADR,,stock,9334
FSTWF,FST Corp.,,stock,9335
NHPBP,"National Healthcare Properties, Inc.",,stock,9336
HACBF,Hachijuni Bank Ltd,,stock,9337
LOIMF,Loomis AB / ADR,,stock,9338
OKMN,"Okmin Resources, Inc.",,stock,9339
GDHLF,GDS Holdings Ltd,,stock,9340
FREJP,Federal Home Loan Mortgage Corp,,stock,9341
FMCKI,Federal Home Loan Mortgage Corp,,stock,9342
SCATU,Southern Cross Acquisition II Corp.,,stock,9343
GLED-RI,GalaxyEdge Acquisition Corp,,stock,9344
GLED-UN,GalaxyEdge Acquisition Corp,,stock,9345
OCAC-UN,Ocean Capital Acquisition Corp,,stock,9346
OCAC-RI,Ocean Capital Acquisition Corp,,stock,9348
MBUMF,"Mabuchi Motor Co., Ltd./ADR",,stock,9349
FCRS-UN,FutureCrest Acquisition Corp.,,stock,9350
IEAGR,Infinite Eagle Acquisition Corp.,,stock,9352
IEAGU,Infinite Eagle Acquisition Corp.,,stock,9353
IDACU,Iron Dome Acquisition I Corp.,,stock,9355
FMCKK,Federal Home Loan Mortgage Corp,,stock,9357
FMCCT,Federal Home Loan Mortgage Corp,,stock,9358
FMCCI,Federal Home Loan Mortgage Corp,,stock,9359
GLVHF,Glenveagh Properties Plc/Adr,,stock,9361
TPZEF,Topaz Energy Corp./ADR,,stock,9362
FINGF,Finning International Inc./ADR,,stock,9363
BELGF,Bellevue Gold Ltd./ADR,,stock,9364
BHAVU,BHAV Acquisition Corp,,stock,9366
BHAVR,BHAV Acquisition Corp,,stock,9367
KTWOR,K2 Capital Acquisition Corp,,stock,9368
KTWOU,K2 Capital Acquisition Corp,,stock,9369
DNMXU,Dynamix Corp III,,stock,9372
RPDL,Rapid Line Inc.,,stock,9373
WSBCO,Wesbanco Inc,,stock,9376
FIGXU,FIGX Capital Acquisition Corp.,,stock,9378
CAIIU,Collective Acquisition Corp. II,,stock,9379
THRC,"Havana Roasters Coffee Companies, Inc.",,stock,9381
HSCT,Hoops Scouting Usa,,stock,9382
SQFTP,"Presidio Property Trust, Inc.",,stock,9386
AESPU,Aeon Acquisition I Corp.,,stock,9392
AESPR,Aeon Acquisition I Corp.,,stock,9393
OTAI-UN,Starlink AI Acquisition Corp,,stock,9395
OTAI-RI,Starlink AI Acquisition Corp,,stock,9396
REEUF,Cartesian Growth Corp II,,stock,9397
REEWF,Cartesian Growth Corp II,,stock,9398
QSEAR,Quartzsea Acquisition Corp,,stock,9399
QSEAU,Quartzsea Acquisition Corp,,stock,9400
DGAC-UN,DISCIPLINED GROWTH ACQUISITION Corp,,stock,9401
DGAC-RI,DISCIPLINED GROWTH ACQUISITION Corp,,stock,9402
MACIU,Melar Acquisition Corp. I/Cayman,,stock,9404
XELLL,Xcel Energy Inc,,stock,9408
PORT-UN,"Angel Studios, Inc.",,stock,9409
BHFAL,"Brighthouse Financial, Inc.",,stock,9412
BHFAM,"Brighthouse Financial, Inc.",,stock,9413
BHFAN,"Brighthouse Financial, Inc.",,stock,9414
BHFAO,"Brighthouse Financial, Inc.",,stock,9415
BHFAP,"Brighthouse Financial, Inc.",,stock,9416
AMLIF,American Lithium Corp.,,stock,9417
CNDIF,Canadian Imperial Bank Of Commerce /Can/,,stock,9418
SPHIF,Super Hi International Holding Ltd.,,stock,9419
ONWRF,Onward Medical N.V./ADR,,stock,9420
PRBZF,PREMIUM BRANDS HOLDINGS Corp,,stock,9424
SPME,"Sound Point Meridian Capital, Inc.",,stock,9425
SPMA,"Sound Point Meridian Capital, Inc.",,stock,9426
BEJEF,Beijer Ref AB/ADR,,stock,9427
CPLX,Certiplex Corp,,stock,9429
NEWTH,"NewtekOne, Inc.",,stock,9430
NEWTP,"NewtekOne, Inc.",,stock,9431
NEWTG,"NewtekOne, Inc.",,stock,9432
NEWTO,"NewtekOne, Inc.",,stock,9433
WCPRF,Whitecap Resources Inc.,,stock,9434
TETUF,Technology & Telecommunication Acquisition Corp,,stock,9435
MNUPF,Manulife Financial Corp,,stock,9436
MNUFF,Manulife Financial Corp,,stock,9437
TETWF,Technology & Telecommunication Acquisition Corp,,stock,9438
MNLCF,Manulife Financial Corp,,stock,9439
MNQFF,Manulife Financial Corp,,stock,9440
KCLHF,Kingsoft Cloud Holdings Ltd,,stock,9441
FEAV,"5E Advanced Materials, Inc.",,stock,9442
IXQUF,IX Acquisition Corp.,,stock,9444
IXQWF,IX Acquisition Corp.,,stock,9445
FLNCF,Freelancer Ltd,,stock,9446
BLHWF,BELIMO Holding AG/ADR,,stock,9447
SCXBF,SCB X Public Co Ltd,,stock,9448
NMEHF,"Nomura Real Estate Holdings, Inc./ADR",,stock,9449
AIKCF,Aica Kogyo Co Limited/ADR,,stock,9450
NOFCF,NOF Corporation/ADR,,stock,9451
OPPPF,Open House Group Co. Ltd/ADR,,stock,9452
THNBY,Technoprobe SpA/ADR,,stock,9453
IPGLF,Interpump Group Spa /Fi,,stock,9454
DPCDF,Dpc Dash Ltd/Adr,,stock,9455
LOMWF,Lion One Metals Ltd.,,stock,9456
SVAQU,Silicon Valley Acquisition Corp.,,stock,9458
ANKM,"Ankam, Inc.",,stock,9460
RREVU,RRE Ventures Acquisition Corp.,,stock,9464
XSLLU,Xsolla SPAC 1,,stock,9466
SSACR,SPACSphere Acquisition Corp.,,stock,9468
SSACU,SPACSphere Acquisition Corp.,,stock,9470
NKTPD,"Nok Therapeutics, Inc.",,stock,9476
AXICY,AXIA Energia S.A.,,stock,9477
AXIAY,AXIA Energia S.A.,,stock,9478
SATLF,"Start Today Co., Ltd./ADR",,stock,9479
VHCPU,Vine Hill Capital Investment Corp. II,,stock,9483
AFJKR,"Aimei Health Technology Co., Ltd.",,stock,9485
AFJKU,"Aimei Health Technology Co., Ltd.",,stock,9486
MESHU,Meshflow Acquisition Corp,,stock,9487
ASPCU,ASPAC III Acquisition Corp.,,stock,9489
ASPCR,ASPAC III Acquisition Corp.,,stock,9490
SCIIR,SC II Acquisition Corp.,,stock,9491
SCIIU,SC II Acquisition Corp.,,stock,9492
NELR,Neolara Corp.,,stock,9495
PVOZ,Park View OZ REIT Inc,,stock,9496
SAAQU,Space Asset Acquisition Corp.,,stock,9498
ALBC,Alternative Ballistics Corp,,stock,9499
JENA-UN,JENA ACQUISITION Corp II,,stock,9500
JENA-RI,JENA ACQUISITION Corp II,,stock,9501
ALEGF,Allegro.Eu Sa/Adr,,stock,9502
SRAIF,Stadler Rail AG/ADR,,stock,9503
TVAIR,Thayer Ventures Acquisition Corp II,,stock,9505
TVAIU,Thayer Ventures Acquisition Corp II,,stock,9506
CGCFU,Cartesian Growth Corp IV,,stock,9508
OXLCZ,Oxford Lane Capital Corp.,,stock,9509
OXLCN,Oxford Lane Capital Corp.,,stock,9510
OXLCI,Oxford Lane Capital Corp.,,stock,9511
OXLCG,Oxford Lane Capital Corp.,,stock,9512
OXLCL,Oxford Lane Capital Corp.,,stock,9513
ACGP,"Associated Capital Group, Inc.",,stock,9514
AEAEU,AltEnergy Acquisition Corp,,stock,9515
MMTGF,Momenta Global Ltd/Adr,,stock,9517
GGPSF,Greatland Resources Limited/ADR,,stock,9518
TOKCF,"Tokyo Ohka Kogyo Co., Ltd./ADR",,stock,9519
MBGCF,"Mitsubishi Gas Chemical Company, Inc./ADR",,stock,9520
AMVIF,Aumovio Se,,stock,9521
BGTCF,"Beijing Geekplus Technology Co., Ltd./ADR",,stock,9522
ZSINF,"Zhejiang Sanhua Intelligent Controls Co., Ltd./ADR",,stock,9523
AZUXY,Azul Sa,,stock,9525
PRHIZ,"Presurance Holdings, Inc.",,stock,9526
HUBCZ,Hub Cyber Security Ltd.,,stock,9528
MLCMF,Millicom International Cellular Sa,,stock,9529
KPET-UN,KPET Ultra Paceline Corp,,stock,9531
BWIV-UN,Blue Water Acquisition Corp. IV,,stock,9532
HACQU,HCM IV Acquisition Corp.,,stock,9535
STRF,Strategy Inc,,stock,9536
STRK,Strategy Inc,,stock,9537
STRD,Strategy Inc,,stock,9538
SPIWF,Spie Sa/Adr,,stock,9544
EULIF,European Lithium Ltd/Adr,,stock,9545
RWAYI,Runway Growth Finance Corp.,,stock,9546
RWAYL,Runway Growth Finance Corp.,,stock,9547
ALMP,Almco Plumbing Inc,,stock,9548
DUNXF,Dune Oil Corp.,,stock,9549
PMFAX,PIMCO Flexible Municipal Income Fund,,stock,9550
CSGNF,Csg N.V./Adr,,stock,9551
FVGPY,FinVolution Group,,stock,9556
LLYVB,"Liberty Live Holdings, Inc.",,stock,9557
LLYVK,"Liberty Live Holdings, Inc. - Series C Liberty Live Group",NASDAQ,stock,9558
KYFGF,Kyoto Financial Group Inc/ADR,,stock,9559
LWSCF,Sienna Senior Living Inc./ADR,,stock,9560
KXHCF,Kioxia Holdings Corporation/ADR,,stock,9561
YMATF,Azbil Corporation/ADR,,stock,9562
MSOKF,Mitsui-Soko Holdings Co Limited/ADR,,stock,9563
GTENU,"Gores Holdings X, Inc. / CI",,stock,9565
PYAIF,Pony AI Inc.,,stock,9566
GLIBK,Liberty Capital Corporation - Series C GCI Group,NASDAQ,stock,9567
JFILD,"Jubilant Flame International, Ltd",,stock,9568
GIDHF,GigaDevice Semiconductor Inc./ADR,,stock,9569
ELSSF,Elis S.A./Adr,,stock,9570
NGSCF,"Nagase & Co., Ltd./ADR",,stock,9571
GFRWF,Greenfire Resources Ltd.,,stock,9572
MTAL-UN,Metals Acquisition Corp. II,,stock,9573
CWLXF,C21 Investments Inc.,,stock,9575
ELEEF,Element Fleet Management Corp./ADR,,stock,9577
KATJF,Knowledge Atlas Technology Joint Stock Co Limited/ADR,,stock,9578
KNWAY,Knowledge Atlas Technology Joint Stock Co Limited/ADR,,stock,9579
LGSP,"Legend Spices, Inc.",,stock,9580
MDXR,Medical Exercise Inc.,,stock,9581
RMGL,Rocky Mountains Group Ltd,,stock,9582
BSAAR,BEST SPAC I Acquisition Corp.,,stock,9583
BSAAU,BEST SPAC I Acquisition Corp.,,stock,9584
RGAKF,Rigaku Holdings Corporation/ADR,,stock,9585
CNDHF,Conduit Holdings Ltd/Adr,,stock,9586
NNWWF,North West Co Inc./ADR,,stock,9587
ATZAF,Aritzia Inc./ADR,,stock,9588
TOETF,Tosei Corp/Adr,,stock,9589
PTAXY,Paltac Corporation/ADR,,stock,9590
CPWPF,Capital Power Corp/ADR,,stock,9591
CPRHF,Capital Power Corp/ADR,,stock,9592
CPXWF,Capital Power Corp/ADR,,stock,9593
STLJF,Stella-Jones Inc./ADR,,stock,9594
SNROF,"Sanrio Company, Ltd./ADR",,stock,9595
ODERF,"Odakyu Electric Railway Co., Ltd./ADR",,stock,9596
NHKGF,NHK Spring Co. Ltd/ADR,,stock,9597
SBIBF,"SBI Shinsei Bank, Limited/ADR",,stock,9598
SWCPF,SWCC Corp/ADR,,stock,9599
MAWAF,"Maruwa Co., Ltd./ADR",,stock,9606
PSBAF,PT Sumber Alfaria Trijaya Tbk/ADR,,stock,9607
MTPLF,Metaplanet Inc.,,stock,9609
IDPUF,IDP Education Ltd./ADR,,stock,9610
HCACR,Hall Chadwick Acquisition Corp,,stock,9611
BEPH,Brookfield Renewable Partners L.P.,,stock,9612
BEPI,Brookfield Renewable Partners L.P.,,stock,9613
BEPJ,Brookfield Renewable Partners L.P.,,stock,9615
AGXXF,Agilyx Asa / Adr,,stock,9616
BCAT-RW,BlackRock Capital Allocation Term Trust,,stock,9617
BPPFF,Bp Plc,,stock,9619
MIBE,Miami Breeze Car Care Inc,,stock,9622
MINR,Minerva Gold Inc.,,stock,9623
GREEL,Vulcan Infrastructure & Power Inc.,,stock,9624
ABXL,"Abacus Global Management, Inc.",,stock,9625
DAZSD,ZKGC New Energy Ltd,,stock,9628
NPEHF,"Nippon Express Holdings, Inc./ADR",,stock,9629
LAAI,Loan Artificial Intelligence Corp.,,stock,9630
JELLF,Jeol Ltd/Adr,,stock,9631
DNACF,"DeNA Co., Ltd./ADR",,stock,9632
COPL-UN,Copley Acquisition Corp,,stock,9633
HSIGF,Hesai Group,,stock,9635
BIII-UN,Black Spade Acquisition III Co,,stock,9636
KVAUF,Keen Vision Acquisition Corp.,,stock,9638
KVAWF,Keen Vision Acquisition Corp.,,stock,9639
BREZR,Breeze Acquisition Corp. II,,stock,9640
TRAD-RI,APEX Tech Acquisition Inc.,,stock,9642
TRAD-UN,APEX Tech Acquisition Inc.,,stock,9643
SKPJF,SKY Perfect JSAT Holdings Inc,,stock,9644
HEMNF,Hemnet Group AB/ADR,,stock,9647
YSAG,Y'all Street Physical Silver ETF,NASDAQ,etf,9648
YSAU,Y'all Street Physical Gold ETF,NASDAQ,etf,9649
PLCIU,Pelican Acquisition II Corp,,stock,9650
PLCIR,Pelican Acquisition II Corp,,stock,9651
BACCR,Blue Acquisition Corp/Cayman,,stock,9652
BACCU,Blue Acquisition Corp/Cayman,,stock,9653
OIMAU,OneIM Acquisition Corp.,,stock,9655
XIIIU,Churchill Capital Corp XIII,,stock,9656
CPPTL,Copper Property CTL Pass Through Trust,,stock,9658
HRIBF,"Horiba, Ltd./ADR",,stock,9660
TBNRL,Tamboran Resources Corp,,stock,9661
PFSEF,Pfisterer Holdings SE/ADR,,stock,9662
GBNXF,Gibson Energy Inc/ADR,,stock,9663
TRMLF,Tourmaline Oil Corp/ADR,,stock,9664
AVVOF,Avio S.p.A./ADR,,stock,9665
SBXE-UN,SilverBox Corp V,,stock,9667
REGCO,Regency Centers Corp,,stock,9669
REGCP,Regency Centers Corp,,stock,9670
CGPCF,Carabao Group Public Co Limited/ADR,,stock,9672
SWDR,"Starwood Real Estate Income Trust, Inc.",,stock,9674
SWDS,"Starwood Real Estate Income Trust, Inc.",,stock,9675
OBIBF,"OBIC Business Consultants Co., Ltd./ADR",,stock,9676
SBKLF,Sumitomo Bakelite Co Limited/ADR,,stock,9677
TKMSF,Tkms Ag & Co. Kgaa/Adr,,stock,9678
EVAC-UN,EQV Ventures Acquisition Corp. II,,stock,9680
HXSCL,SK hynix Inc.,,stock,9681
UNJCF,Unicaja Banco S.A/ADR,,stock,9682
PGBIF,"PegBio Co., Ltd/ADR",,stock,9683
CVCCF,CVC Capital Partners plc/ADR,,stock,9684
BIREF,Birchcliff Energy Ltd./ADR,,stock,9685
DLMAF,Dollarama Inc./ADR,,stock,9686
VMCWF,Valuence Merger Corp. I,,stock,9687
VMCUF,Valuence Merger Corp. I,,stock,9688
COLAU,Columbus Acquisition Corp/Cayman Islands,,stock,9689
COLAR,Columbus Acquisition Corp/Cayman Islands,,stock,9690
ZJLMF,"Zhejiang Leapmotor Technology Co., Ltd./ADR",,stock,9691
MXUGF,Mixue Bingcheng Co Ltd/ADR,,stock,9692
EVKIF,Evonik Industries AG/ADR,,stock,9694
TKMEF,"Tokyo Metro Co., Ltd./ADR",,stock,9695
BKHAU,Black Hawk Acquisition Corp,,stock,9696
BKHAR,Black Hawk Acquisition Corp,,stock,9697
SYAXF,Elevra Lithium Ltd,,stock,9699
NPIFF,Northland Power Inc./ADR,,stock,9700
NPICF,Northland Power Inc./ADR,,stock,9701
YSGL,Yellowstone Group Ltd.,,stock,9703
SOCAU,Solarius Capital Acquisition Corp.,,stock,9705
FTHAU,Forefront Tech Holdings Acquisition Corp,,stock,9706
YICCU,Yorkville International Capital Corp.,,stock,9709
SZZLU,Sizzle Acquisition Corp. II,,stock,9711
ETSS-UN,Energy Transition Special Opportunities,,stock,9712
BANFP,Bancfirst Corp /Ok/,,stock,9715
NMCO-RI,Nuveen Municipal Credit Opportunities Fund,,stock,9716
THEOU,BOA Acquisition Corp. II,,stock,9718
SZZLR,Sizzle Acquisition Corp. II,,stock,9719
THEOR,BOA Acquisition Corp. II,,stock,9720
BMNP,"Bitmine Immersion Technologies, Inc.",,stock,9722
FILG,Grayscale Filecoin Trust (FIL),,stock,9723
DAAQU,Digital Asset Acquisition Corp.,,stock,9726
EFSCP,Enterprise Financial Services Corp,,stock,9727
STRRP,"Star Equity Holdings, Inc.",,stock,9728
OYCG,Oyocar Group Inc.,,stock,9731
HOVNP,Hovnanian Enterprises Inc,,stock,9732
RZC,Reinsurance Group Of America Inc,,stock,9734
SPQSD,"SportsQuest, Inc.",,stock,9735
SGBAF,Ses S.A.,,stock,9737
CGABL,Carlyle Group Inc.,,stock,9739
UEPEM,Union Electric Co,,stock,9740
UEPCO,Union Electric Co,,stock,9741
WEXPF,Western Exploration Inc.,,stock,9742
IGACU,Invest Green Acquisition Corp,,stock,9743
IGACR,Invest Green Acquisition Corp,,stock,9744
IDXGD,"Interpace Biosciences, Inc.",,stock,9745
GFSAY,Gafisa S.A.,,stock,9746
TRNI,Trinity Capital Inc.,,stock,9747
TRNZ,Trinity Capital Inc.,,stock,9748
JTGLF,"Citibank,N.A./ADR",,stock,9749
BIPI,Brookfield Infrastructure Partners L.P.,,stock,9751
RKWBF,Rockwool A/S/ADR,,stock,9754
RKWAF,Rockwool A/S/ADR,,stock,9755
ATMP,iPath Select MLP ETN,Cboe BZX,stock,9756
BWVTF,Barclays Bank Plc,,stock,9757
DJP,iPath Bloomberg Commodity Index Total Return ETN,NYSE Arca,stock,9758
VXX,iPath Series B S&P 500 VIX Short-Term Futures ETN,Cboe BZX,stock,9759
VXZ,iPath Series B S&P 500 VIX Mid-Term Futures ETN,Cboe BZX,stock,9760
TAPR,Innovator Equity Defined Protection ETF - 2 Yr to April 2027,Cboe BZX,etf,9761
GBUG,Sprott Active Gold & Silver Miners ETF,NASDAQ,etf,9762
GRN,Barclays Bank Plc,,stock,9763
JJETF,Barclays Bank Plc,,stock,9764
EWAVU,East West Ave Acquisition Corp.,,stock,9766
EWAVR,East West Ave Acquisition Corp.,,stock,9767
CTRVP,"Hepion Pharmaceuticals, Inc.",,stock,9768
LIANY,LianBio,,stock,9769
BPYPM,Brookfield Property Partners L.P.,,stock,9770
BPYPN,Brookfield Property Partners L.P.,,stock,9771
BPYPO,Brookfield Property Partners L.P.,,stock,9772
GAFC,Guru App Factory Corp,,stock,9773
BRIPF,Brookfield Infrastructure Partners L.P.,,stock,9774
BIPJ,Brookfield Infrastructure Partners L.P.,,stock,9775
ZIONP,"Zions Bancorporation, National Association /Ut/",,stock,9776
LDXC,Londax Corp.,,stock,9778
BSTT,"Blackstone Real Estate Income Trust, Inc.",,stock,9779
SDMHF,Sartorius Stedim Biotech S.A./ADR,,stock,9780
TNDEF,Top End Energy Ltd/ADR,,stock,9781
FHFLF,Foshan Haitian Flavouring & Food Co Ltd./ADR,,stock,9782
JSTWF,JOST Werke SE/ADR,,stock,9783
PLSAY,Polestar Automotive Holding UK PLC,,stock,9784
WIPKF,Winpak Ltd./ADR,,stock,9785
OBIIF,"OBIC Co., Ltd./ADR",,stock,9786
GDERF,Galderma Group AG/ADR,,stock,9787
SCAFF,Schaeffler AG/ADR,,stock,9788
TMTNF,Toromont Industries Ltd./ADR,,stock,9789
DTSQU,DT Cloud Star Acquisition Corp,,stock,9790
DTSQR,DT Cloud Star Acquisition Corp,,stock,9791
IMAQR,International Media Acquisition Corp.,,stock,9793
IMAQU,International Media Acquisition Corp.,,stock,9794
MSEXP,Middlesex Water Co,,stock,9796
ALDFU,Aldel Financial II Inc.,,stock,9798
KOYNU,"CSLM Digital Asset Acquisition Corp III, Ltd",,stock,9800
ARTCU,Art Technology Acquisition Corp.,,stock,9803
CRANU,Crane Harbor Acquisition Corp. II,,stock,9804
CRANR,Crane Harbor Acquisition Corp. II,,stock,9805
JNGHF,"Jiangsu Hengrui Pharmaceuticals Co., Ltd./ADR",,stock,9806
STHRF,Strathcona Resources Ltd.,,stock,9807
SOUL-RI,Soulpower Acquisition Corp.,,stock,9809
SOUL-UN,Soulpower Acquisition Corp.,,stock,9810
DBVTF,DBV Technologies S.A.,,stock,9812
BNH,BROOKFIELD Corp /ON/,,stock,9813
BNJ,BROOKFIELD Corp /ON/,,stock,9814
BROXF,BROOKFIELD Corp /ON/,,stock,9815
BXDIF,BROOKFIELD Corp /ON/,,stock,9816
BAMKF,BROOKFIELD Corp /ON/,,stock,9817
BKAMF,BROOKFIELD Corp /ON/,,stock,9818
BKFAF,BROOKFIELD Corp /ON/,,stock,9819
BKFPF,BROOKFIELD Corp /ON/,,stock,9820
BKPA,BROOKFIELD Corp /ON/,,stock,9821
BKFDF,BROOKFIELD Corp /ON/,,stock,9822
BKFOF,BROOKFIELD Corp /ON/,,stock,9823
BRPSF,BROOKFIELD Corp /ON/,,stock,9824
BRFCF,BROOKFIELD Corp /ON/,,stock,9825
BRFAF,BROOKFIELD Corp /ON/,,stock,9826
BRCFF,BROOKFIELD Corp /ON/,,stock,9827
HNIT,Huineng Technology Corp,,stock,9829
GSRVR,GSR V Acquisition Corp.,,stock,9830
GSRVU,GSR V Acquisition Corp.,,stock,9831
ITHLF,Ithaca Energy PLC/ADR,,stock,9834
WILCF,G Willi Food International Ltd,,stock,9837
TLNCU,Talon Capital Corp.,,stock,9838
CCIIU,Cohen Circle Acquisition Corp. II,,stock,9841
ELVX,Elventix Technology Corp,,stock,9842
IMPPP,Imperial Petroleum Inc./Marshall Islands,,stock,9843
BWBBP,Bridgewater Bancshares Inc,,stock,9847
TWOD,Two Harbors Investment Corp.,,stock,9849
VACI-UN,Viking Acquisition Corp I,,stock,9850
SMIO,Somitos Corp.,,stock,9853
NPLY,Naploy Corp.,,stock,9854
TPGXL,TPG Inc.,,stock,9855
PITAF,Poste Italiane S.p.A./ADR,,stock,9856
OMGGF,Omai Gold Mines Corp./ADR,,stock,9857
WBKCY,Westpac Banking Corp,,stock,9858
RLNDF,RoyaLand Co Ltd.,,stock,9859
OCTLF,Octave Intelligence plc,,stock,9860
DDT,Dillard's Capital Trust I,NYSE,stock,9861
PRXA,"Procaccianti Hotel Reit, Inc.",,stock,9862
SVAUF,StorageVault Canada Inc./ADR,,stock,9863
FIGP,"Forge Group, Inc.",,stock,9864
FXACU,FortuneX Acquisition Corp,,stock,9866
ASAIY,Sendas Distributor S.A.,,stock,9869
MOVAA,Movado Group Inc,,stock,9873
PVIT,Palisades Venture Inc.,,stock,9875
DHTI,"Dalrada Technology Group, Inc.",,stock,9876
MIACU,Meridian3 Industrials Acquisition Corp,,stock,9877
HCICR,Hennessy Capital Investment Corp. VIII,,stock,9879
HCICU,Hennessy Capital Investment Corp. VIII,,stock,9880
LANDO,GLADSTONE LAND Corp,,stock,9881
PNAQ-RI,Pinnacle Acquisition Corp,,stock,9883
PNAQ-UN,Pinnacle Acquisition Corp,,stock,9884
KCHVR,Kochav Defense Acquisition Corp.,,stock,9885
KCHVU,Kochav Defense Acquisition Corp.,,stock,9886
WCHD,"WeCapital Holdings, Inc.",,stock,9887
GCGRU,General Catalyst Global Resilience Merger Corp.,,stock,9889
YCY-UN,AA Mission Acquisition Corp. II,,stock,9890
MUZEU,Muzero Acquisition Corp,,stock,9894
KFIIR,K&F Growth Acquisition Corp. Ii,,stock,9895
KFIIU,K&F Growth Acquisition Corp. Ii,,stock,9896
VLOSU,Velos Acquisition I Corp.,,stock,9897
ALSUF,Alpha Star Acquisition Corp,,stock,9901
ALSTF,Alpha Star Acquisition Corp,,stock,9902
ALSWF,Alpha Star Acquisition Corp,,stock,9903
LCGMD,Lion Copper Corp.,,stock,9904
HGIT,"Hines Global Income Trust, Inc.",,stock,9906
NIFCF,Nifco Inc/Japan,,stock,9908
BCTXL,BriaCell Therapeutics Corp.,,stock,9912
BCTXZ,BriaCell Therapeutics Corp.,,stock,9913
ATLCL,Atlanticus Holdings Corp,,stock,9919
ATLCP,Atlanticus Holdings Corp,,stock,9920
ATLCZ,Atlanticus Holdings Corp,,stock,9921
WEBJF,WebBeds Group Limited/ADR,,stock,9922
SPKLU,Spark I Acquisition Corp,,stock,9925
AIRTP,Air T Inc,,stock,9933
ICRL,"InPoint Commercial Real Estate Income, Inc.",,stock,9934
ICRP,"InPoint Commercial Real Estate Income, Inc.",,stock,9935
VSRPF,Verisure plc/ADR,,stock,9937
PAII-UN,Pyrophyte Acquisition Corp. II,,stock,9940
LTGRU,Long Table Growth Corp.,,stock,9942
SUMAU,SUMA Acquisition Corp,,stock,9943
SUMAR,SUMA Acquisition Corp,,stock,9944
SORNU,Soren Acquisition Corp.,,stock,9947
TSPH,TuSimple Holdings Inc.,,stock,9948
VECA-UN,Vernal Capital Acquisition Corp.,,stock,9951
VECA-RI,Vernal Capital Acquisition Corp.,,stock,9952
SPEGU,Silver Pegasus Acquisition Corp.,,stock,9953
SPEGR,Silver Pegasus Acquisition Corp.,,stock,9954
SAMO-UN,Samos Energy Acquisition Corp,,stock,9955
IRHOR,Iron Horse Acquisition II Corp.,,stock,9957
IRHOU,Iron Horse Acquisition II Corp.,,stock,9958
RTACU,Renatus Tactical Acquisition Corp I,,stock,9961
LEDRU,Leader's Advantage Acquisition Corp.,,stock,9964
ATLQR,JAB Acquisition Corp I,,stock,9966
ATLQU,JAB Acquisition Corp I,,stock,9967
CPTKF,Capital Tankers Corp./ADR,,stock,9968
MSSUF,Metal Sky Star Acquisition Corp,,stock,9969
MSSWF,Metal Sky Star Acquisition Corp,,stock,9970
ATALF,American Tungsten & Antimony Ltd,,stock,9971
DTB,Dte Energy Co,,stock,9972
DTK,Dte Energy Co,,stock,9973
DTG,Dte Energy Co,,stock,9974
EURBF,Eurobank SA/ADR,,stock,9975
BWAGF,BAWAG Group AG/ADR,,stock,9977
PFH,Prudential Financial Inc,,stock,9978
PRH,Prudential Financial Inc,,stock,9979
PRS,Prudential Financial Inc,,stock,9980
ACGCU,ACP Holdings Acquisition Corp.,,stock,9981
ORGJF,Organo Corporation/ADR,,stock,9983
SMEGF,Siemens Energy AG/ADR,,stock,9984
BLNH,"Blue Line Holdings, Inc.",,stock,9985
EBGEF,Enbridge Inc,,stock,9986
EBRGF,Enbridge Inc,,stock,9987
EBRZF,Enbridge Inc,,stock,9988
ENBFF,Enbridge Inc,,stock,9989
ENBGF,Enbridge Inc,,stock,9990
ENBRF,Enbridge Inc,,stock,9991
ENNPF,Enbridge Inc,,stock,9992
EBBGF,Enbridge Inc,,stock,9993
ENFFF,Enbridge Inc,,stock,9995
ENBHF,Enbridge Inc,,stock,9996
ENBMF,Enbridge Inc,,stock,9997
ENBOF,Enbridge Inc,,stock,9998
ENBSF,Enbridge Inc,,stock,9999
ENBNF,Enbridge Inc,,stock,10000
MLSPF,Melrose Industries Plc/ADR,,stock,10001
GPTGF,GPT Group/ADR,,stock,10002
PLMKU,"Plum Acquisition Corp, IV",,stock,10006
NGHLF,Nightingale Health Plc,,stock,10007
WINVR,WinVest Acquisition Corp.,,stock,10009
ALISU,Calisa Acquisition Corp,,stock,10010
ALISR,Calisa Acquisition Corp,,stock,10011
DMIIR,Drugs Made In America Acquisition II Corp.,,stock,10012
DMIIU,Drugs Made In America Acquisition II Corp.,,stock,10013
LEGO-UN,Legato Merger Corp. IV,,stock,10014
NHIVU,NewHold Investment Corp IV,,stock,10017
NPACU,New Providence Acquisition Corp. III/Cayman,,stock,10019
ITHAU,ITHAX Acquisition Corp III,,stock,10020
BAKR,Baker Global Asset Management Inc.,,stock,10022
NSLRL,Neostellar Capital Corp.,,stock,10023
NCOOR,Southern Cross Acquisition I Corp.,,stock,10024
NCOOU,Southern Cross Acquisition I Corp.,,stock,10026
IPFXU,Inflection Point Acquisition Corp. VI,,stock,10029
IBACR,IB Acquisition Corp.,,stock,10031
WHFCL,"WhiteHorse Finance, Inc.",,stock,10032
MNSBP,"MainStreet Bancshares, Inc.",,stock,10034
GEGGL,"Great Elm Group, Inc.",,stock,10035
CTAAR,Clearthink 1 Acquisition Corp.,,stock,10036
CTAAU,Clearthink 1 Acquisition Corp.,,stock,10037
CHPGR,ChampionsGate Acquisition Corp,,stock,10038
CHPGU,ChampionsGate Acquisition Corp,,stock,10039
NTWOU,Newbury Street II Acquisition Corp,,stock,10041
CAQUU,Cambridge Acquisition Corp.,,stock,10042
COBA,Chilean Cobalt Corp.,,stock,10044
LPBBU,Launch Two Acquisition Corp.,,stock,10053
BACRP,Bank Of America Corp /De/,,stock,10056
MONRF,Moncler S.p.A./ADR,,stock,10064
OWSCX,1WS Credit Income Fund,,stock,10065
ATIIU,Archimedes Tech SPAC Partners II Co.,,stock,10066
XRPNU,Armada Acquisition Corp. II,,stock,10068
TACHU,Titan Acquisition Corp.,,stock,10072
KEYYU,Keystone Acquisition Corp.,,stock,10074
CHARU,Charlton Aria Acquisition Corp,,stock,10076
CHARR,Charlton Aria Acquisition Corp,,stock,10077
BIDWR,Tribeca Strategic Acquisition Corp.,,stock,10078
BIDWU,Tribeca Strategic Acquisition Corp.,,stock,10079
VII-UN,Viking Acquisition Corp. II,,stock,10083
GCAND,"Trafalgar International, Inc.",,stock,10084
MIMTF,Mitsubishi Materials Corp / ADR,,stock,10086
XAEIU,Aei Income & Growth Fund Xxii Ltd Partnership,,stock,10087
NPPXF,Nippon Telegraph & Telephone Corp,,stock,10088
GRTUF,Granite Real Estate Investment Trust,,stock,10089
GSRFU,GSR IV Acquisition Corp.,,stock,10090
GSRFR,GSR IV Acquisition Corp.,,stock,10091
FWACR,Futurewave Acquisition Corp,,stock,10094
FWACU,Futurewave Acquisition Corp,,stock,10095
SHFH,Scientist Home Future Health Ltd,,stock,10096
HAMVF,Hamco Ventures Ltd,,stock,10097
IPVVU,"InterPrivate Investment Partners V, Inc.",,stock,10101
MTAKU,Market Technology Acquisition Corp,,stock,10103
MEVOU,M Evo Global Acquisition Corp II,,stock,10107
FTRKD,Fast Track Group,,stock,10110
TCLHF,TCL Electronics Holdings Limited/ADR,,stock,10112
GECCH,Great Elm Capital Corp.,,stock,10113
GECCG,Great Elm Capital Corp.,,stock,10114
GECCI,Great Elm Capital Corp.,,stock,10115
TNMWF,TNL Mediagene,,stock,10116
GMWKF,Games Workshop Group Plc/Adr,,stock,10117
NRSAX,Nexpoint Real Estate Strategies Fund,,stock,10118
ESMR,E-Smart Corp.,,stock,10119
ZKPU,Lafayette Digital Acquisition Corp. I,,stock,10120
ZKPW,Lafayette Digital Acquisition Corp. I,,stock,10121
KRSP-UN,Rice Acquisition Corp 3,,stock,10123
FVNNU,Future Vision II Acquisition Corp.,,stock,10127
FVNNR,Future Vision II Acquisition Corp.,,stock,10128
WRDIF,WeRide Inc.,,stock,10129
ALPXR,Alpex Acquisition Corp,,stock,10130
ALPXU,Alpex Acquisition Corp,,stock,10132
DSACU,Daedalus Special Acquisition Corp.,,stock,10134
NICHX,Variant Alternative Income Fund,,stock,10136
SHLAF,Schindler Holding AG/ADR,,stock,10137
SHLRF,Schindler Holding AG/ADR,,stock,10138
JPHLF,"Japan Post Holdings Co., Ltd./ADR",,stock,10139
VNMEU,Vendome Acquisition Corp I,,stock,10142
FBYDP,"Falcon's Beyond Global, Inc.",,stock,10144
AFNXU,AfterNext Acquisition I Corp.,,stock,10151
XFLH-RI,XFLH Capital Corp,,stock,10152
XFLH-UN,XFLH Capital Corp,,stock,10153
MLCIL,Mount Logan Capital Inc.,,stock,10156
HQWWW,Horizon Quantum Holdings Ltd.,,stock,10157
RDPTF,Radiopharm Theranostics Ltd,,stock,10158
ATHS,Athene Holding Ltd.,,stock,10161
WLIIU,Willow Lane Acquisition Corp. II,,stock,10167
LPCVU,Launchpad Cadenza Acquisition Corp I,,stock,10170
NFTM,Buildablock Corp.,,stock,10171
ALOVU,"Aldabra 4 Liquidity Opportunity Vehicle, Inc.",,stock,10173
PALOU,Paloma Acquisition Corp I,,stock,10175
RDAGU,Republic Digital Acquisition Co,,stock,10176
BTSGU,"BrightSpring Health Services, Inc.",,stock,10178
FNGO,"MicroSectors FANG  Index 2X Leveraged ETNs due January 8, 2038",NYSE Arca,stock,10179
FNGS,"MicroSectors FANG  ETNs due January 8, 2038",NYSE Arca,etf,10180
FNGU,MicroSectors FANG+ 3X Leveraged ETNs,NYSE Arca,etf,10181
DULL,"MicroSectors Gold -3X Inverse Leveraged ETNs due January 29, 2043",NYSE Arca,etf,10182
FLYD,MicroSectors Travel -3x Inverse Leveraged ETN,NYSE Arca,etf,10183
BNKD,"MicroSectors U.S. Big Banks -3 Inverse Leveraged ETNs due February 17, 2045",NYSE Arca,etf,10185
BNKU,"MicroSectors U.S. Big Banks 3 Leveraged ETNs due February 17, 2045",NYSE Arca,etf,10186
BNCWZ,CEA Industries Inc.,,stock,10188
PRTCY,PureTech Health plc,,stock,10194
TXEMF,Templeton Emerging Markets Income Fund,,stock,10195
BERZ,MicroSectors FANG & Innovation -3x Inverse Leveraged ETN,NYSE Arca,etf,10196
BULZ,MicroSectors FANG & Innovation 3x Leveraged ETN,NYSE Arca,etf,10197
HYGU,MicroSectors 3x Long High Yield Corporate Bond (HYG) ETNs,Cboe BZX,etf,10198
JPND,MicroSectors -3x Short Japan ETNs,Cboe BZX,etf,10199
CARD,MAX Auto Industry -3x Inverse Leveraged ETN,NYSE Arca,etf,10200
HYGD,MicroSectors -3x Short High Yield Corporate Bond (HYG) ETNs,Cboe BZX,etf,10201
TPEI,MicroSectors -3x Short Taiwan ETNs,Cboe BZX,etf,10202
CARU,MAX Auto Industry 3x Leveraged ETN,NYSE Arca,etf,10203
BRZD,MicroSectors -3x Short Brazil ETNs,Cboe BZX,etf,10204
XLCU,MicroSectors 3x Long Communication Services (XLC) ETNs,Cboe BZX,etf,10205
JETD,MAX Airlines -3X Inverse Leveraged ETNs,NYSE Arca,etf,10206
MNGU,MicroSectors 3x Long MANGOS+ ex Private Companies ETNs,NYSE Arca,etf,10207
JPNU,MicroSectors 3x Long Japan ETNs,Cboe BZX,etf,10208
SPYU,"MAX S&P 500 4X Leveraged ETNs due October 30, 2043",NYSE Arca,etf,10209
AIQD,MicroSectors -3? Short Artificial Intelligence (AI) ETNs,NYSE Arca,etf,10210
XLPD,MicroSectors -3x Short Consumer Staples (XLP) ETNs,Cboe BZX,etf,10211
JETU,MAX Airlines 3X Leveraged ETNs,NYSE Arca,etf,10212
XLCD,MicroSectors -3x Short Communication Services (XLC) ETNs,Cboe BZX,etf,10213
XLPU,MicroSectors 3x Long Consumer Staples (XLP) ETNs,Cboe BZX,etf,10214
LQDU,MicroSectors 3x Long Investment Grade Corporate Bond (LQD) ETNs,Cboe BZX,etf,10215
LQDD,MicroSectors -3x Short Investment Grade Corporate Bond (LQD) ETNs,Cboe BZX,etf,10216
SMHU,MicroSectors 3x Long Semiconductor ETNs,Cboe BZX,etf,10217
AIQU,MicroSectors 3? Long Artificial Intelligence (AI) ETNs,NYSE Arca,etf,10218
TAWN,MicroSectors 3x Long Taiwan ETNs,Cboe BZX,etf,10219
WTID,MicroSectors Energy 3X Inverse Leveraged ETNs,NYSE Arca,etf,10220
WTIU,MicroSectors Energy 3X Leveraged ETNs,NYSE Arca,etf,10221
OILD,MicroSectors Oil & Gas Exp. & Prod. -3x Inverse Leveraged ETN,NYSE Arca,etf,10222
OILU,MicroSectors Oil & Gas Exp. & Prod. 3x Leveraged ETN,NYSE Arca,etf,10223
SHNY,"MicroSectors Gold 3X Leveraged ETNs due January 29, 2043",NYSE Arca,etf,10224
SMHD,MicroSectors -3x Short Semiconductor ETNs,Cboe BZX,etf,10225
GDXD,MicroSectors Gold Miners -3X Inverse Leveraged ETNs,NYSE Arca,etf,10226
GDXU,MicroSectors Gold Miners 3X Leveraged ETN,NYSE Arca,etf,10227
NRGD,"MicroSectors U.S. Big Oil -3 Inverse Leveraged ETNs due February 17, 2045",NYSE Arca,etf,10228
NRGU,"MicroSectors U.S. Big Oil 3 Leveraged ETNs due February 17, 2045",NYSE Arca,etf,10229
FLYU,MicroSectors Travel 3x Leveraged ETN,NYSE Arca,etf,10230
LAFAU,LaFayette Acquisition Corp.,,stock,10231
LAFAR,LaFayette Acquisition Corp.,,stock,10232
FDMMU,Freedom Metals Acquisition Corp.,,stock,10233
LBRA,1847 Holdings LLC,,stock,10235
RFAIU,RF Acquisition Corp II,,stock,10236
RFAIR,RF Acquisition Corp II,,stock,10237
TLPPF,Telix Pharmaceuticals Ltd,,stock,10238
JSM,Navient Corp,,stock,10239
BRKHU,Burtech Acquisition Corp II,,stock,10241
QUMSU,Quantumsphere Acquisition Corp,,stock,10243
QUMSR,Quantumsphere Acquisition Corp,,stock,10244
TELFY,Telefonica S A,,stock,10245
FGIIU,FG Imperii Acquisition Corp.,,stock,10247
DRDBU,Roman DBDR Acquisition Corp. II,,stock,10249
QADRU,QDRO Acquisition Corp.,,stock,10251
MBINM,Merchants Bancorp,,stock,10252
MBINN,Merchants Bancorp,,stock,10253
MBINL,Merchants Bancorp,,stock,10254
FNFPA,First Niles Financial Inc,,stock,10256
CYVNY,Opthea Ltd,,stock,10257
MTLPF,Metlen Energy & Metals PLC/ADR,,stock,10260
NGKSF,"NGK Spark Plug Co., Ltd.",,stock,10261
PLUN-UN,Plutonian Acquisition Corp. II,,stock,10262
PLUN-RI,Plutonian Acquisition Corp. II,,stock,10263
VTBAS,"Vestible Assets, LLC",,stock,10264
CLDWW,"Calidi Biotherapeutics, Inc.",,stock,10267
RNAQU,Rainier Acquisition Corp,,stock,10269
MBVIU,M3-Brigade Acquisition VI Corp.,,stock,10271
FMACU,Future Money Acquisition Corp,,stock,10272
FMACR,Future Money Acquisition Corp,,stock,10273
EICA,Eagle Point Income Co,,stock,10274
ADDTF,Addtech AB/ADR,,stock,10275
BLRKU,Bluerock Acquisition Corp.,,stock,10277
TDWDR,Tailwind 2.0 Acquisition Corp.,,stock,10278
TDWDU,Tailwind 2.0 Acquisition Corp.,,stock,10279
ADACU,American Drive Acquisition Co,,stock,10280
LFACU,Leapfrog Acquisition Corp,,stock,10282
RYLBF,Royal Bank Of Canada,,stock,10284
AEFC,Aegon Ltd.,,stock,10285
THRMV,Gentherm Inc - Gentherm Inc,NASDAQ,stock,10287
TDBCP,Toronto Dominion Bank,,stock,10288
SAGU-UN,Shreya Acquisition Group,,stock,10289
SAGU-RI,Shreya Acquisition Group,,stock,10290
TMSOF,Thomson Reuters Corp /Can/,,stock,10294
OTGLF,CD Projekt S.A./ADR,,stock,10295
WTFCN,Wintrust Financial Corp,,stock,10296
MSBIP,"Midland States Bancorp, Inc.",,stock,10297
ZHIHF,Zhihu Inc.,,stock,10299
PPLOF,Pembina Pipeline Corp,,stock,10304
PBPRF,Pembina Pipeline Corp,,stock,10305
PMMBF,Pembina Pipeline Corp,,stock,10306
PPLAF,Pembina Pipeline Corp,,stock,10307
ZCSH,The Zcash ETF Shares,NYSE Arca,etf,10308
PBNAF,Pembina Pipeline Corp,,stock,10309
PMBPF,Pembina Pipeline Corp,,stock,10310
FRSPF,First Phosphate Corp.,,stock,10312
BPACR,Blueport Acquisition Ltd,,stock,10313
BPACU,Blueport Acquisition Ltd,,stock,10314
GIWWU,GigCapital8 Corp.,,stock,10315
GIWWR,GigCapital8 Corp.,,stock,10316
ITXP,"Independence Power Holdings, Inc.",,stock,10318
LMMY,"Exousia Bio, Inc.",,stock,10319
PAACU,Proem Acquisition Corp. I,,stock,10320
WENC-RI,West Enclave Merger Corp.,,stock,10322
WENC-UN,West Enclave Merger Corp.,,stock,10323
UAC-UN,United Acquisition Corp. I,,stock,10324
TRGSU,TRG Latin America Acquisitions Corp.,,stock,10325
TRGSR,TRG Latin America Acquisitions Corp.,,stock,10326
VDTA,Vertical Data Inc.,,stock,10329
EMICF,Emera Inc,,stock,10330
EMRJF,Emera Inc,,stock,10331
TVACU,Texas Ventures Acquisition III Corp,,stock,10332
MZYX-UN,MOZAYYX Acquisition Corp.,,stock,10334
ELCPF,Edp Energias De Portugal Sa,,stock,10335
MGSD,"Maitong Sunshine Cultural Development Co., Ltd",,stock,10336
AGMWF,"Silver Mountain Resources, Inc.",,stock,10337
IVBXF,Innovent Biologics Inc/ADR,,stock,10338
IBIDF,"Ibiden Co., Ltd./ADR",,stock,10339
LARAX,Lord Abbett Credit Opportunities Fund,,stock,10340
CAHPF,Evolution Mining Limited/ADR,,stock,10341
WENNU,WEN Acquisition Corp,,stock,10342
QETAU,Quetta Acquisition Corp,,stock,10343
QETAR,Quetta Acquisition Corp,,stock,10345
FITY,"Fifty 1 Labs, Inc.",,stock,10346
ELLA,Ellington Credit Co,,stock,10347
PBATF,PT Bukit Asam Tbk/ADR,,stock,10348
SWBGF,Shawbrook Group plc/ADR,,stock,10349
MNMXF,Minimax Group Inc./ADR,,stock,10350
TRPEF,Tc Energy Corp,,stock,10352
TCENF,Tc Energy Corp,,stock,10353
TRPRF,Tc Energy Corp,,stock,10354
TCEYF,Tc Energy Corp,,stock,10355
TRPPF,Tc Energy Corp,,stock,10356
POLEU,Andretti Acquisition Corp. II,,stock,10357
UYSCR,UY Scuti Acquisition Corp.,,stock,10359
UYSCU,UY Scuti Acquisition Corp.,,stock,10360
CSCIF,COSCIENS Biopharma Inc.,,stock,10361
PTORU,Praetorian Acquisition Corp.,,stock,10363
FJDIU,ARC Group Securities Acquisition I,,stock,10365
FJDIR,ARC Group Securities Acquisition I,,stock,10366
GMBLP,"Esports Entertainment Group, Inc.",,stock,10367
GMBLZ,"Esports Entertainment Group, Inc.",,stock,10368
NMPAU,NMP Acquisition Corp.,,stock,10372
NMPAR,NMP Acquisition Corp.,,stock,10373
AMACU,AMR Resources Acquisition Corp.,,stock,10375
CHECU,Chenghe Acquisition III Co.,,stock,10377
ONCHU,1RT Acquisition Corp.,,stock,10378
AEMRF,Agnico Eagle Mines Ltd,,stock,10380
APMCU,AmperCap Acquisition Co,,stock,10382
APMCR,AmperCap Acquisition Co,,stock,10383
GCGJ,Guochun International Inc.,,stock,10384
EDRVF,EDP Renewables S.A./ADR,,stock,10385
ACAT,NP Life Sciences Health Industry Group Inc.,,stock,10386
TCBIO,Texas Capital Bancshares Inc/Tx,,stock,10387
ISLUF,Israel Acquisitions Corp,,stock,10388
ISLWF,Israel Acquisitions Corp,,stock,10389
ASBA,Associated Banc-Corp,,stock,10390
FORFF,Fortis Inc.,,stock,10393
FRTSF,Fortis Inc.,,stock,10394
FTPSF,Fortis Inc.,,stock,10395
FRTJF,Fortis Inc.,,stock,10396
FINCF,Fortis Inc.,,stock,10397
FTRSF,Fortis Inc.,,stock,10398
DXPRV,Dynex Capital Inc,,stock,10400
CRACU,Crown Reserve Acquisition Corp. I,,stock,10403
CRACR,Crown Reserve Acquisition Corp. I,,stock,10404
GHXIU,"Gores Holdings XI, Inc.",,stock,10406
MDDNF,Meridian Energy Ltd/ADR,,stock,10407
LTAFX,Alternative Strategies Income Fund,,stock,10408
LTCFX,Alternative Strategies Income Fund,,stock,10409
ABAKF,"Abrdn Asia-Pacific Income Fund, Inc.",,stock,10411
VLDXW,"Velo3D, Inc.",,stock,10412
TACOU,Berto Acquisition Corp.,,stock,10413
AACIU,Armada Acquisition Corp. III,,stock,10416
SOHGF,ALSOK Co Ltd./ADR,,stock,10421
NHFOF,NH Foods Ltd./ADR,,stock,10422
OTGAU,OTG Acquisition Corp. I,,stock,10423
HYAC-UN,Haymaker Acquisition Corp V,,stock,10425
ILLUU,Illumination Acquisition Corp. I,,stock,10426
LILAP,Liberty Latin America Ltd. - 9.0% Fixed Rate Cumulative Perpetual Redeemable Series A Preference Shares,NASDAQ,stock,10428
INPAP,International Paper Co /New/,,stock,10430
CNOBP,"ConnectOne Bancorp, Inc.",,stock,10431
WAFDP,Wafd Inc,,stock,10433
AAA,Alternative Access First Priority CLO Bond ETF,NYSE Arca,etf,1000000
AAAA,Amplius Aggressive Asset Allocation ETF,Cboe BZX,etf,1000000
AAAC,Columbia AAA CLO ETF,NYSE Arca,etf,1000000
AAAD,PGIM AAA CLO Aggregate Duration ETF,NYSE Arca,etf,1000000
AAAP,Pacer Barings CLO Market Flex ETF,NASDAQ,etf,1000000
AADR,AdvisorShares Dorsey Wright ADR ETF,NASDAQ,etf,1000000
AAEQ,Alpha Architect US Equity 2 ETF,NASDAQ,etf,1000000
AALG,Leverage Shares 2X Long AAL Daily ETF,NASDAQ,etf,1000000
AAOG,Leverage Shares 2X Long AAOI Daily ETF,Cboe BZX,etf,1000000
AAOX,Tradr 2X Long AAOI Daily ETF,Cboe BZX,etf,1000000
AAOZ,Tradr 2X Short AAOI Daily ETF,Cboe BZX,etf,1000000
AAPB,GraniteShares 2x Long AAPL Daily ETF,NASDAQ,etf,1000000
AAPD,Direxion Daily AAPL Bear 1X ETF,NASDAQ,etf,1000000
AAPE,Leverage Shares 2X Long AAPL Daily ETF,Cboe BZX,etf,1000000
AAPR,Innovator Equity Defined Protection ETF - 2 Yr to April 2028,Cboe BZX,etf,1000000
AAPU,Direxion Daily AAPL Bull 2X ETF,NASDAQ,etf,1000000
AAPW,Roundhill AAPL WeeklyPay ETF,Cboe BZX,etf,1000000
AAPX,T-Rex 2X Long Apple Daily Target ETF,Cboe BZX,etf,1000000
AAPY,Kurv Yield Premium Strategy Apple (AAPL) ETF,Cboe BZX,etf,1000000
AAUA,Alpha Architect US Equity 3 ETF,Cboe BZX,etf,1000000
AAUB,Alpha Architect US Equity 4 ETF,NASDAQ,etf,1000000
AAUS,Alpha Architect US Equity ETF,NASDAQ,etf,1000000
AAVM,Alpha Architect Global Factor Equity ETF,NASDAQ,etf,1000000
AAXJ,iShares MSCI All Country Asia ex Japan ETF,NASDAQ,etf,1000000
ABCS,Alpha Blue Capital US Small-Mid Cap Dynamic ETF,NASDAQ,etf,1000000
ABEQ,Absolute Select Value ETF,NYSE Arca,etf,1000000
ABFL,Abacus FCF Leaders ETF,Cboe BZX,etf,1000000
ABI,VictoryShares Pioneer Asset-Based Income ETF,NASDAQ,etf,1000000
ABIG,Argent Large Cap ETF,NASDAQ,etf,1000000
ABLD,Abacus FCF Real Assets Leaders ETF,Cboe BZX,etf,1000000
ABLG,Abacus FCF International Leaders ETF,Cboe BZX,etf,1000000
ABLS,Abacus FCF Small Cap Leaders ETF,Cboe BZX,etf,1000000
ABND,American Century Core Plus Income ETF,NYSE Arca,etf,1000000
ABOT,Abacus FCF Innovation Leaders ETF,Cboe BZX,etf,1000000
ABUF,Aptus Laddered Buffer ETF,Cboe BZX,etf,1000000
ABXB,Abacus Flexible Bond Leaders ETF,Cboe BZX,etf,1000000
ACBE,Pacer Metaurus Enhanced Core Income Autocallable ETF,NASDAQ,etf,1000000
ACBH,Pacer Metaurus High Income Autocallable ETF,NASDAQ,etf,1000000
ACEI,Innovator Equity Autocallable Income Strategy ETF,NYSE Arca,etf,1000000
ACEP,ARS Core Equity Portfolio ETF,NASDAQ,etf,1000000
ACES,ALPS Clean Energy ETF,NYSE Arca,etf,1000000
ACGO,Hartford Alpha Capture Growth ETF,Cboe BZX,etf,1000000
ACGR,American Century Large Cap Growth ETF,NYSE Arca,etf,1000000
ACHX,Corgi ACHR 2x Daily ETF,Cboe BZX,etf,1000000
ACIG,Hartford Alpha Capture International Growth ETF,Cboe BZX,etf,1000000
ACII,Innovator Index Autocallable Income Strategy ETF,NYSE Arca,etf,1000000
ACIO,Aptus Collared Investment Opportunity ETF,Cboe BZX,etf,1000000
ACKY,VistaShares Target 15 ACKtivist Distribution ETF,NYSE Arca,etf,1000000
ACLC,American Century Large Cap Equity ETF,NYSE Arca,etf,1000000
ACLO,TCW AAA CLO ETF,NYSE,etf,1000000
ACLZ,Corgi ACLS 2x Daily ETF,Cboe BZX,etf,1000000
ACMM,Corgi ACMR 2x Daily ETF,Cboe BZX,etf,1000000
ACOM,Harbor Active Commodity ETF,NYSE Arca,etf,1000000
ACQQ,ProShares Nasdaq-100 Autocallable Income ETF,NASDAQ,etf,1000000
ACRT,ProShares Russell 2000 Autocallable Income ETF,NASDAQ,etf,1000000
ACSG,American Century Small Cap Growth Insights ETF,Cboe BZX,etf,1000000
ACSI,American Customer Satisfaction ETF,Cboe BZX,etf,1000000
ACSM,Hartford Alpha Capture SMID Cap ETF,Cboe BZX,etf,1000000
ACSP,ProShares S&P 500 Autocallable Income ETF,NASDAQ,etf,1000000
ACSV,American Century Small Cap Value Insights ETF,Cboe BZX,etf,1000000
ACTS,FIS Tactical Equity ETF,NYSE Arca,etf,1000000
ACVF,American Conservative Values ETF,NYSE Arca,etf,1000000
ACVT,Advent Convertible Bond ETF,NYSE Arca,etf,1000000
ACVU,Hartford Alpha Capture Value ETF,Cboe BZX,etf,1000000
ACWI,iShares MSCI ACWI ETF,NASDAQ,etf,1000000
ACWV,iShares MSCI Global Min Vol Factor ETF,Cboe BZX,etf,1000000
ACWX,iShares MSCI ACWI ex U.S. ETF,NASDAQ,etf,1000000
ACYN,FT Vest Laddered Autocallable Barrier & Income ETF,NYSE Arca,etf,1000000
ACYQ,FT Vest Autocallable Barrier & High Income ETF,NYSE Arca,etf,1000000
ACYS,FT Vest Laddered Autocallable Barrier & Resilient Income ETF,NYSE Arca,etf,1000000
ADBG,Leverage Shares 2X Long ADBE Daily ETF,NASDAQ,etf,1000000
ADBU,Direxion Daily ADBE Bull 2X ETF,NYSE Arca,etf,1000000
ADDS,Hedgeye Index Adds ETF,NYSE Arca,etf,1000000
ADIU,Leverage Shares 2X Long ADI Daily ETF,Cboe BZX,etf,1000000
ADIV,Guinness Atkinson Asia Pacific Dividend Builder ETF,NYSE Arca,etf,1000000
ADME,Aptus Drawdown Managed Equity ETF,Cboe BZX,etf,1000000
ADPV,Adaptiv Select ETF,NYSE Arca,etf,1000000
ADVE,Matthews Asia Dividend Active ETF,NYSE Arca,etf,1000000
AEHG,Leverage Shares 2X Long AEHR Daily ETF,Cboe BZX,etf,1000000
AELV,Harbor AlphaEdge Large Cap Value ETF,NYSE Arca,etf,1000000
AEMC,Harbor AlphaEdge Mid Cap Core ETF,NYSE Arca,etf,1000000
AEMG,Harbor AlphaEdge Mid Cap Growth ETF,NYSE Arca,etf,1000000
AEMV,Harbor AlphaEdge Mid Cap Value ETF,NYSE Arca,etf,1000000
AESB,Harbor AlphaEdge Small Cap Core ETF,NYSE Arca,etf,1000000
AESG,Harbor AlphaEdge Small Cap Growth ETF,NYSE Arca,etf,1000000
AESL,Harbor AlphaEdge Small Cap Value ETF,NYSE Arca,etf,1000000
AESR,Anfield U.S. Equity Sector Rotation ETF,Cboe BZX,etf,1000000
AETH,Bitwise Trendwise Ether and Treasuries Rotation Strategy ETF,NYSE Arca,etf,1000000
AFDM,First Trust Active Factor International ETF,NASDAQ,etf,1000000
AFEM,First Trust Active Factor Emerging Markets ETF,NASDAQ,etf,1000000
AFGR,First Trust Multi-Manager Large Growth ETF,NYSE Arca,etf,1000000
AFIF,Anfield Universal Fixed Income ETF,Cboe BZX,etf,1000000
AFIX,Allspring Broad Market Core Bond ETF,NYSE Arca,etf,1000000
AFK,VanEck Africa Index ETF,NYSE Arca,etf,1000000
AFLG,First Trust Active Factor Large Cap ETF,NYSE Arca,etf,1000000
AFMC,First Trust Active Factor Mid Cap ETF,NYSE Arca,etf,1000000
AFOS,ARS Focused Opportunity Strategy ETF,NASDAQ,etf,1000000
AFRU,T-REX 2X Long AFRM Daily Target ETF,Cboe BZX,etf,1000000
AFSC,abrdn Focused U.S. Small Cap Active ETF,NASDAQ,etf,1000000
AFSM,First Trust Active Factor Small Cap ETF,NYSE Arca,etf,1000000
AGEM,abrdn Emerging Markets Dividend Active ETF,NASDAQ,etf,1000000
AGG,iShares Core U.S. Aggregate Bond ETF,NYSE Arca,etf,1000000
AGGA,EA Astoria Beacon Dynamic Core US Fixed Income ETF,NASDAQ,etf,1000000
AGGH,Simplify Aggregate Bond ETF,NYSE Arca,etf,1000000
AGGM,iShares 1-10 Year U.S. Aggregate Bond ETF,NYSE Arca,etf,1000000
AGGS,Harbor Disciplined Bond ETF,NYSE Arca,etf,1000000
AGGY,WisdomTree Yield Enhanced U.S. Aggregate Bond Fund,NYSE Arca,etf,1000000
AGIQ,SoFi Agentic AI ETF,NYSE Arca,etf,1000000
AGIX,KraneShares Public-Private AI & Technology ETF,NASDAQ,etf,1000000
AGMI,Themes Silver Miners ETF,NASDAQ,etf,1000000
AGNG,Global X Aging Population ETF,NASDAQ,etf,1000000
AGOX,Adaptive Alpha Opportunities ETF,NYSE Arca,etf,1000000
AGQI,First Trust Active Global Quality Income ETF,NYSE Arca,etf,1000000
AGRW,Allspring LT Large Growth ETF,NYSE Arca,etf,1000000
AGZ,iShares  Agency Bond ETF,NYSE Arca,etf,1000000
AGZD,WisdomTree Interest Rate Hedged U.S. Aggregate Bond Fund,NASDAQ,etf,1000000
AHBM,Amplify Top 10 Asia Memory ETF,NYSE Arca,etf,1000000
AHD,GraniteShares Autocallable HOOD ETF,NASDAQ,etf,1000000
AHLT,AHL Trend ETF,NYSE Arca,etf,1000000
AHYB,American Century Select High Yield ETF,NYSE Arca,etf,1000000
AIA,iShares Asia 50 ETF,NASDAQ,etf,1000000
AIBD,Direxion Daily AI and Big Data Bear 2X ETF,NYSE Arca,etf,1000000
AIBF,iShares Future AI Beneficiaries ETF,NYSE Arca,etf,1000000
AIBU,Direxion Daily AI and Big Data Bull 2X ETF,NYSE Arca,etf,1000000
AICH,China AI ETF,NASDAQ,etf,1000000
AIEQ,Amplify AI Powered Equity ETF,NYSE Arca,etf,1000000
AIFD,TCW Artificial Intelligence ETF,NASDAQ,etf,1000000
AIFR,Defiance Global Foundries ETF,NASDAQ,etf,1000000
AIHY,Defiance AI Hyperscale Leaders ETF,NYSE Arca,etf,1000000
AIMG,Defiance AI Magnificent 10 ETF,NASDAQ,etf,1000000
AIMS,Acuitas Small Cap Active ETF,NASDAQ,etf,1000000
AINF,Defiance Inference AI Chip ETF,NASDAQ,etf,1000000
AINP,Allspring Income Plus ETF,NYSE Arca,etf,1000000
AINT,FINQ DOLLAR NEUTRAL U.S. Large Cap AI-Managed Equity ETF,NYSE Arca,etf,1000000
AIOO,AllianzIM U.S. Equity Buffer100 Protection ETF,Cboe BZX,etf,1000000
AIPI,REX AI Equity Premium Income ETF,NASDAQ,etf,1000000
AIPO,Defiance AI & Power Infrastructure ETF,NASDAQ,etf,1000000
AIQ,Global X Artificial Intelligence & Technology ETF,NASDAQ,etf,1000000
AIRR,First Trust RBA American Industrial Renaissance ETF,NASDAQ,etf,1000000
AIS,VistaShares Artificial Intelligence Supercycle ETF,NYSE Arca,etf,1000000
AIUP,FINQ FIRST U.S. Large Cap AI-Managed Equity ETF,NYSE Arca,etf,1000000
AIVC,Amplify Bloomberg AI Equal Weight ETF,NYSE Arca,etf,1000000
AIVI,WisdomTree International AI Enhanced Value Fund,NYSE Arca,etf,1000000
AIVL,WisdomTree U.S. AI Enhanced Value Fund,NYSE Arca,etf,1000000
AIX,Defiance US 100 Tech AI Moat ETF,NASDAQ,etf,1000000
AIYY,YieldMax AI Option Income Strategy ETF,NYSE Arca,etf,1000000
AJAN,Innovator Equity Defined Protection ETF - 2 Yr to January 2028,Cboe BZX,etf,1000000
AJUL,Innovator Equity Defined Protection ETF - 2 Yr to July 2026,Cboe BZX,etf,1000000
AKAF,The Frontier Economic Fund,NYSE,etf,1000000
AKAL,T-REX 2X Long AKAM Daily Target ETF,Cboe BZX,etf,1000000
AKRE,Akre Focus ETF,NYSE Arca,etf,1000000
ALA,Corgi ALAB 2x Daily ETF,Cboe BZX,etf,1000000
ALAI,Alger AI Enablers & Adopters ETF,NYSE Arca,etf,1000000
ALBG,Leverage Shares 2X Long ALB Daily ETF,NASDAQ,etf,1000000
ALDB,Aptus Laddered Deep Buffer ETF,Cboe BZX,etf,1000000
ALIL,Argent Focused Small Cap ETF,NASDAQ,etf,1000000
ALLW,State Street Bridgewater All Weather ETF,NASDAQ,etf,1000000
ALRG,Allspring LT Large Core ETF,NYSE Arca,etf,1000000
ALTL,Pacer Lunt Large Cap Alternator ETF,NYSE Arca,etf,1000000
ALTY,Global X Alternative Income ETF,NASDAQ,etf,1000000
AMA,Defiance Daily Target 2X Long AMAT ETF,NASDAQ,etf,1000000
AMAA,Corgi AMZN 2x Daily ETF,Cboe BZX,etf,1000000
AMAU,Leverage Shares 2X Long AMAT Daily ETF,Cboe BZX,etf,1000000
AMAX,Adaptive Hedged Multi-Asset Income ETF,NYSE Arca,etf,1000000
AMDC,Corgi AMD 2x Daily ETF,Cboe BZX,etf,1000000
AMDD,Direxion Daily AMD Bear 1X ETF,NASDAQ,etf,1000000
AMDG,Leverage Shares 2X Long AMD Daily ETF,NASDAQ,etf,1000000
AMDL,GraniteShares 2x Long AMD Daily ETF,NASDAQ,etf,1000000
AMDW,Roundhill AMD WeeklyPay ETF,Cboe BZX,etf,1000000
AMDY,Yieldmax AMD Option Income Strategy ETF,NYSE Arca,etf,1000000
AMEI,Amana Equity Income ETF,NASDAQ,etf,1000000
AMEM,Amana Developing World ETF,NASDAQ,etf,1000000
AMGR,Amana Growth ETF,NASDAQ,etf,1000000
AMHI,American Beacon Aberdeen Municipal High Income ETF,NYSE Arca,etf,1000000
AMID,Argent Mid Cap ETF,NASDAQ,etf,1000000
AMKL,Defiance Daily Target 2X Long AMKR ETF,Cboe BZX,etf,1000000
AMKX,Corgi AMKR 2x Daily ETF,Cboe BZX,etf,1000000
AMLP,Alerian MLP ETF,NYSE Arca,etf,1000000
AMMO,VistaShares Defense Supercycle ETF,NYSE Arca,etf,1000000
AMOM,QRAFT AI-Enhanced U.S. Large Cap Momentum ETF,NYSE Arca,etf,1000000
AMPU,Defiance Daily Target 2X Long AMPX ETF,Cboe BZX,etf,1000000
AMUN,abrdn Ultra Short Municipal Income Active ETF,NASDAQ,etf,1000000
AMUU,Direxion Daily AMD Bull 2X ETF,NASDAQ,etf,1000000
AMYY,GraniteShares YieldBOOST AMD ETF,NASDAQ,etf,1000000
AMZA,InfraCap MLP ETF,NYSE Arca,etf,1000000
AMZD,Direxion Daily AMZN Bear 1X ETF,NASDAQ,etf,1000000
AMZG,Leverage Shares 2X Long AMZN Daily ETF,Cboe BZX,etf,1000000
AMZO,Tradr 2X Short AMZN Daily ETF,Cboe BZX,etf,1000000
AMZP,Kurv Yield Premium Strategy Amazon (AMZN) ETF,Cboe BZX,etf,1000000
AMZU,Direxion Daily AMZN Bull 2X ETF,NASDAQ,etf,1000000
AMZW,Roundhill AMZN WeeklyPay ETF,Cboe BZX,etf,1000000
AMZY,YieldMax AMZN Option Income Strategy ETF,NYSE Arca,etf,1000000
AMZZ,GraniteShares 2x Long AMZN Daily ETF,NASDAQ,etf,1000000
ANEL,Defiance Daily Target 2x Long ANET ETF,NASDAQ,etf,1000000
ANEW,ProShares MSCI Transformational Changes ETF,NYSE Arca,etf,1000000
ANGL,VanEck Fallen Angel High Yield Bond ETF,NASDAQ,etf,1000000
ANGU,SEI Ang Research Enhanced U.S. Large Cap ETF,NASDAQ,etf,1000000
ANTW,Anthropic AI Lab Ecosystem ETF,NYSE Arca,etf,1000000
ANV,GraniteShares Autocallable NVDA ETF,NASDAQ,etf,1000000
AOA,iShares Core 80/20 Aggressive Allocation ETF,NYSE Arca,etf,1000000
AOCT,Innovator Equity Defined Protection ETF - 2 Yr to October 2026,Cboe BZX,etf,1000000
AOHY,Angel Oak High Yield Opportunities ETF,NASDAQ,etf,1000000
AOK,iShares Core 30/70 Conservative Allocation ETF,NYSE Arca,etf,1000000
AOM,iShares Core 40/60 Moderate Allocation ETF,NYSE Arca,etf,1000000
AOR,iShares Core 60/40 Balanced Allocation ETF,NYSE Arca,etf,1000000
AOTG,AOT Growth and Innovation ETF,NASDAQ,etf,1000000
APCB,ActivePassive Core Bond ETF,NYSE Arca,etf,1000000
APDB,Aptus April Deep Buffer ETF,Cboe BZX,etf,1000000
APHG,Leverage Shares 2X Long APH Daily ETF,Cboe BZX,etf,1000000
APHU,T-REX 2X Long APH Daily Target ETF,Cboe BZX,etf,1000000
APIE,ActivePassive International Equity ETF,NYSE Arca,etf,1000000
APLU,Allspring Core Plus ETF,NYSE Arca,etf,1000000
APLX,Tradr 2X Long APLD Daily ETF,Cboe BZX,etf,1000000
APLY,YieldMax AAPL Option Income Strategy ETF,NYSE Arca,etf,1000000
APLZ,Tradr 2X Short APLD Daily ETF,Cboe BZX,etf,1000000
APMI,Corgi AMAT 2x Daily ETF,Cboe BZX,etf,1000000
APMU,ActivePassive Intermediate Municipal Bond ETF,NYSE Arca,etf,1000000
APOC,Innovator Equity Defined Protection ETF - 6mo Apr/Oct,Cboe BZX,etf,1000000
APPC,Corgi APP 2x Daily ETF,Cboe BZX,etf,1000000
APPX,Tradr 2X Long APP Daily ETF,NASDAQ,etf,1000000
APRB,Aptus April Buffer ETF,Cboe BZX,etf,1000000
APRH,Innovator Premium Income 20 Barrier ETF - April,Cboe BZX,etf,1000000
APRJ,Innovator Premium Income 30 Barrier ETF - April,Cboe BZX,etf,1000000
APRP,PGIM S&P 500 Buffer 12 ETF - April,Cboe BZX,etf,1000000
APRT,AllianzIM U.S. Large Cap Buffer10 Apr ETF,Cboe BZX,etf,1000000
APRW,AllianzIM U.S. Large Cap Buffer20 Apr ETF,Cboe BZX,etf,1000000
APRZ,TrueShares Structured Outcome (April) ETF,Cboe BZX,etf,1000000
APUE,ActivePassive U.S. Equity ETF,NYSE Arca,etf,1000000
APXM,FT Vest U.S. Equity Max Buffer ETF - April,Cboe BZX,etf,1000000
AQEC,AQE Core ETF,Cboe BZX,etf,1000000
AQLG,HCM Large Cap Growth ETF,NASDAQ,etf,1000000
AQLT,iShares MSCI Global Quality Factor ETF,Cboe BZX,etf,1000000
AQWA,Global X Clean Water ETF,NASDAQ,etf,1000000
ARB,AltShares Merger Arbitrage ETF,NYSE Arca,etf,1000000
ARCM,Arrow Reserve Capital Management ETF,Cboe BZX,etf,1000000
ARCP,Aristotle Core Plus Income ETF,NYSE Arca,etf,1000000
ARCX,Tradr 2X Long ACHR Daily ETF,Cboe BZX,etf,1000000
ARGT,Global X MSCI Argentina ETF,NYSE Arca,etf,1000000
ARIA,ARIA Opportunities ETF,NYSE Arca,etf,1000000
ARKD,ARK DIET Q1 Buffer ETF,Cboe BZX,etf,1000000
ARKE,ARK DIET Q3 Buffer ETF,Cboe BZX,etf,1000000
ARKF,ARK Blockchain & Fintech Innovation ETF,Cboe BZX,etf,1000000
ARKG,ARK Genomic Revolution ETF,Cboe BZX,etf,1000000
ARKI,ARK DIET Q2 Buffer ETF,Cboe BZX,etf,1000000
ARKK,ARK Innovation ETF,Cboe BZX,etf,1000000
ARKQ,ARK Autonomous Technology & Robotics ETF,Cboe BZX,etf,1000000
ARKT,ARK DIET Q4 Buffer ETF,Cboe BZX,etf,1000000
ARKW,ARK Next Generation Internet ETF,Cboe BZX,etf,1000000
ARKX,ARK Space & Defense Innovation ETF,Cboe BZX,etf,1000000
ARKY,ARK Active Autocallable Income ETF,Cboe BZX,etf,1000000
ARLI,AllianzIM International Equity Buffer15 Uncapped Apr ETF,Cboe BZX,etf,1000000
ARLU,AllianzIM U.S. Equity Buffer15 Uncapped Apr ETF,Cboe BZX,etf,1000000
ARMA,Corgi ARM 2x Daily ETF,Cboe BZX,etf,1000000
ARMG,Leverage Shares 2X Long ARM Daily ETF,NASDAQ,etf,1000000
ARMH,Arm Holdings PLC ADRhedged,NYSE Arca,etf,1000000
ARMS,Aristotle Multi-Sector Income ETF,NYSE Arca,etf,1000000
ARMW,Roundhill ARM WeeklyPay ETF,Cboe BZX,etf,1000000
ARMY,Tema International Defense ETF,NASDAQ,etf,1000000
ARP,PMV Adaptive Risk Parity ETF,NYSE Arca,etf,1000000
ARTY,iShares Future AI & Tech ETF,NYSE Arca,etf,1000000
ARVR,First Trust Indxx Metaverse ETF,NASDAQ,etf,1000000
ARWG,Archer Growth ETF,Cboe BZX,etf,1000000
ASBH,"American Savings Bank, N.A.",NYSE,stock,1000000
ASCE,Allspring SMID Core ETF,NYSE Arca,etf,1000000
ASCI,abrdn International Small Cap Active ETF,NASDAQ,etf,1000000
ASD,Defiance Autism Impact ETF,NASDAQ,etf,1000000
ASEA,Global X FTSE Southeast Asia ETF,NYSE Arca,etf,1000000
ASEC,American Century Securitized Credit ETF,NASDAQ,etf,1000000
ASGM,Virtus AlphaSimplex Global Macro ETF,NYSE Arca,etf,1000000
ASHR,Xtrackers Harvest CSI 300 China A-Shares ETF,NYSE Arca,etf,1000000
ASHS,Xtrackers Harvest CSI 500 China A-Shares Small Cap ETF,NYSE Arca,etf,1000000
ASIA,Matthews Pacific Tiger Active ETF,NYSE Arca,etf,1000000
ASLV,Allspring Special Large Value ETF,NYSE Arca,etf,1000000
ASMF,Virtus AlphaSimplex Managed Futures ETF,NYSE Arca,etf,1000000
ASMG,Leverage Shares 2X Long ASML Daily ETF,NASDAQ,etf,1000000
ASMH,ASML Holding NV ADRhedged,NYSE Arca,etf,1000000
ASMU,Direxion Daily ASML Bull 2X ETF,NASDAQ,etf,1000000
ASMZ,Corgi ASML 2x Daily ETF,Cboe BZX,etf,1000000
ASSX,T-REX 2X Long ASST Daily Target ETF,Cboe BZX,etf,1000000
ASTG,Leverage Shares 2X Long ASTS Daily ETF,Cboe BZX,etf,1000000
ASTN,Defiance Daily Target 2X Short ASTS ETF,Cboe BZX,etf,1000000
ASTT,Corgi ASTS 2x Daily ETF,Cboe BZX,etf,1000000
ASTX,Tradr 2X Long ASTS Daily ETF,Cboe BZX,etf,1000000
ASTY,Defiance Daily Target 2X Long ASTS ETF,Cboe BZX,etf,1000000
ASUP,T-REX 2X Long ASTS Daily Target ETF,Cboe BZX,etf,1000000
AT,Defiance Robotics Actuators ETF,Cboe BZX,etf,1000000
ATC,GraniteShares Autocallable COIN ETF,NASDAQ,etf,1000000
ATCL,REX Autocallable Income ETF,NYSE Arca,etf,1000000
ATFV,Alger 35 ETF,NYSE Arca,etf,1000000
ATTR,Arin Tactical Tail Risk ETF,Cboe BZX,etf,1000000
AUAU,Global X Gold Miners ETF,NYSE Arca,etf,1000000
AUGC,Corgi U.S. Equities 10% Structured Buffer ETF - August Series,Cboe BZX,etf,1000000
AUGM,FT Vest U.S. Equity Max Buffer ETF - August,Cboe BZX,etf,1000000
AUGP,PGIM S&P 500 Buffer 12 ETF - August,Cboe BZX,etf,1000000
AUGT,AllianzIM U.S. Large Cap Buffer10 Aug ETF,Cboe BZX,etf,1000000
AUGU,AllianzIM U.S. Equity Buffer15 Uncapped Aug ETF,Cboe BZX,etf,1000000
AUGW,AllianzIM U.S. Large Cap Buffer20 Aug ETF,Cboe BZX,etf,1000000
AUGZ,TrueShares Structured Outcome (August) ETF,Cboe BZX,etf,1000000
AUMI,Themes Gold Miners ETF,NASDAQ,etf,1000000
AUSF,Global X Adaptive U.S. Factor ETF,NYSE Arca,etf,1000000
AUSM,Allspring Ultra Short Municipal ETF,NYSE Arca,etf,1000000
AV,Corgi Aerospace & Commercial Aviation ETF,Cboe BZX,etf,1000000
AVAZ,2x Avalanche ETF,Cboe BZX,etf,1000000
AVDE,Avantis International Equity ETF,NYSE Arca,etf,1000000
AVDS,Avantis International Small Cap Equity ETF,NYSE Arca,etf,1000000
AVDV,Avantis International Small Cap Value ETF,NYSE Arca,etf,1000000
AVEE,Avantis Emerging Markets Small Cap Equity ETF,NYSE Arca,etf,1000000
AVEM,Avantis Emerging Markets Equity ETF,NYSE Arca,etf,1000000
AVES,Avantis Emerging Markets Value ETF,NYSE Arca,etf,1000000
AVGB,Avantis Credit ETF,NASDAQ,etf,1000000
AVGC,Corgi AVGO 2x Daily ETF,Cboe BZX,etf,1000000
AVGE,Avantis All Equity Markets ETF,NYSE Arca,etf,1000000
AVGG,Leverage Shares 2X Long AVGO Daily ETF,NASDAQ,etf,1000000
AVGU,GraniteShares 2x Long AVGO Daily ETF,NASDAQ,etf,1000000
AVGV,Avantis All Equity Markets Value ETF,NYSE Arca,etf,1000000
AVGW,Roundhill AVGO WeeklyPay ETF,Cboe BZX,etf,1000000
AVGX,Defiance Daily Target 2X Long AVGO ETF,NASDAQ,etf,1000000
AVIE,Avantis Inflation Focused Equity ETF,NYSE Arca,etf,1000000
AVIG,Avantis Core Fixed Income ETF,NYSE Arca,etf,1000000
AVIV,Avantis International Large Cap Value ETF,NYSE Arca,etf,1000000
AVL,Direxion Daily AVGO Bull 2X ETF,NASDAQ,etf,1000000
AVLC,Avantis U.S. Large Cap Equity ETF,NYSE Arca,etf,1000000
AVLV,Avantis U.S. Large Cap Value ETF,NYSE Arca,etf,1000000
AVMA,Avantis Moderate Allocation ETF,NYSE Arca,etf,1000000
AVMC,Avantis U.S. Mid Cap Equity ETF,NYSE Arca,etf,1000000
AVMU,Avantis Core Municipal Fixed Income ETF,NYSE Arca,etf,1000000
AVMV,Avantis U.S. Mid Cap Value ETF,NYSE Arca,etf,1000000
AVNC,Avantis All International Core Equity ETF,NYSE Arca,etf,1000000
AVNM,Avantis All International Markets Equity ETF,NYSE Arca,etf,1000000
AVNV,Avantis All International Markets Value ETF,NYSE Arca,etf,1000000
AVOS,Avos Global Equities ETF,NASDAQ,etf,1000000
AVRE,Avantis Real Estate ETF,NYSE Arca,etf,1000000
AVRY,Avory Foundational ETF,Cboe BZX,etf,1000000
AVS,Direxion Daily AVGO Bear 1X ETF,NASDAQ,etf,1000000
AVSC,Avantis U.S Small Cap Equity ETF,NYSE Arca,etf,1000000
AVSD,Avantis Responsible International Equity ETF,NYSE Arca,etf,1000000
AVSE,Avantis Responsible Emerging Markets Equity ETF,NYSE Arca,etf,1000000
AVSF,Avantis Short-Term Fixed Income ETF,NYSE Arca,etf,1000000
AVSU,Avantis Responsible U.S. Equity ETF,NYSE Arca,etf,1000000
AVTM,Avantis Total Equity Markets ETF,NYSE Arca,etf,1000000
AVUQ,Avantis U.S. Quality ETF,NASDAQ,etf,1000000
AVUS,Avantis U.S. Equity ETF,NYSE Arca,etf,1000000
AVUV,Avantis U.S. Small Cap Value ETF,NYSE Arca,etf,1000000
AVXC,Avantis Emerging Markets ex-China Equity ETF,NASDAQ,etf,1000000
AVXX,Defiance Daily Target 2x Long AVAV ETF,NASDAQ,etf,1000000
AWAY,Amplify Travel Tech ETF,NYSE Arca,etf,1000000
AXTC,Corgi AXTI 2x Daily ETF,Cboe BZX,etf,1000000
AXTL,Leverage Shares 2X Long AXTI Daily ETF,Cboe BZX,etf,1000000
AXTQ,Tradr 2X Short AXTI Daily ETF,Cboe BZX,etf,1000000
AXTU,T-REX 2X Long AXTI Daily Target ETF,Cboe BZX,etf,1000000
AXTX,Tradr 2X Long AXTI Daily ETF,Cboe BZX,etf,1000000
AZTD,Aztlan Global Stock Selection DM SMID ETF,NYSE Arca,etf,1000000
AZYY,GraniteShares YieldBoost AMZN ETF,NASDAQ,etf,1000000
BAB,Invesco Taxable Municipal Bond ETF,NYSE Arca,etf,1000000
BABC,Corgi BABA 2x Daily ETF,Cboe BZX,etf,1000000
BABO,YieldMax BABA Option Income Strategy ETF,NYSE Arca,etf,1000000
BABU,Direxion Daily BABA Bull 2X ETF,NASDAQ,etf,1000000
BABW,Roundhill BABA WeeklyPay ETF,Cboe BZX,etf,1000000
BABX,GraniteShares 2x Long BABA Daily ETF,NASDAQ,etf,1000000
BAFE,Brown Advisory Flexible Equity ETF,NASDAQ,etf,1000000
BAGX,EA Bridgeway Aggressive Investors ETF,Cboe BZX,etf,1000000
BAGY,Amplify Bitcoin Max Income Covered Call ETF,Cboe BZX,etf,1000000
BAI,iShares A.I. Innovation and Tech Active ETF,NYSE Arca,etf,1000000
BAIG,Leverage Shares 2X Long BBAI Daily ETF,NASDAQ,etf,1000000
BAIV,Brown Advisory International Value Select ETF,NASDAQ,etf,1000000
BALI,iShares U.S. Large Cap Premium Income Active ETF,Cboe BZX,etf,1000000
BALQ,iShares Nasdaq Premium Income Active ETF,NASDAQ,etf,1000000
BALT,Innovator Defined Wealth Shield ETF,Cboe BZX,etf,1000000
BAMA,Brookstone Active ETF,Cboe BZX,etf,1000000
BAMB,Brookstone Intermediate Bond ETF,Cboe BZX,etf,1000000
BAMD,Brookstone Dividend Stock ETF,Cboe BZX,etf,1000000
BAMG,Brookstone Growth Stock ETF,Cboe BZX,etf,1000000
BAMO,Brookstone Opportunities ETF,Cboe BZX,etf,1000000
BAMU,Brookstone Ultra-Short Bond ETF,Cboe BZX,etf,1000000
BAMV,Brookstone Value Stock ETF,Cboe BZX,etf,1000000
BAMY,Brookstone Yield ETF,Cboe BZX,etf,1000000
BAPR,Innovator U.S. Equity Buffer ETF - April,Cboe BZX,etf,1000000
BASG,Brown Advisory Sustainable Growth ETF,NASDAQ,etf,1000000
BASV,Brown Advisory Sustainable Value ETF,NASDAQ,etf,1000000
BATT,Amplify Lithium & Battery Technology ETF,NYSE Arca,etf,1000000
BAUG,Innovator U.S. Equity Buffer ETF - August,Cboe BZX,etf,1000000
BAY,Corgi Bay Area Based ETF,Cboe BZX,etf,1000000
BBAG,JPMorgan BetaBuilders U.S. Aggregate Bond ETF,Cboe BZX,etf,1000000
BBAX,JPMorgan BetaBuilders Developed Asia Pacific-ex Japan ETF,Cboe BZX,etf,1000000
BBB,CYBER HORNET S&P 500 and Bitcoin 75/25 Strategy ETF,NASDAQ,etf,1000000
BBBI,BondBloxx BBB Rated 5-10 Year Corporate Bond ETF,NYSE Arca,etf,1000000
BBBL,BondBloxx BBB Rated 10+ Year Corporate Bond ETF,NYSE Arca,etf,1000000
BBBS,BondBloxx BBB Rated 1-5 Year Corporate Bond ETF,NYSE Arca,etf,1000000
BBC,Virtus Biotech Clinical Trials ETF,NYSE Arca,etf,1000000
BBCA,JPMorgan BetaBuilders Canada ETF,Cboe BZX,etf,1000000
BBCB,JPMorgan BetaBuilders USD Investment Grade Corporate Bond ETF,Cboe BZX,etf,1000000
BBEM,JPMorgan BetaBuilders Emerging Markets Equity ETF,Cboe BZX,etf,1000000
BBEU,JPMorgan BetaBuilders Europe ETF,Cboe BZX,etf,1000000
BBH,VanEck Biotech ETF,NASDAQ,etf,1000000
BBHL,BBH Select Large Cap ETF,NYSE Arca,etf,1000000
BBHM,BBH Select Mid Cap ETF,NYSE Arca,etf,1000000
BBHY,JPMorgan BetaBuilders USD High Yield Corporate Bond ETF,Cboe BZX,etf,1000000
BBIB,JPMorgan BetaBuilders U.S. Treasury Bond 3-10 Year ETF,Cboe BZX,etf,1000000
BBIN,JPMorgan BetaBuilders International Equity ETF,Cboe BZX,etf,1000000
BBJP,JPMorgan BetaBuilders Japan ETF,Cboe BZX,etf,1000000
BBLB,JPMorgan BetaBuilders U.S. Treasury Bond 20+ Year ETF,Cboe BZX,etf,1000000
BBLS,Munificent Seven ETF,NYSE Arca,etf,1000000
BBLU,EA Bridgeway Blue Chip ETF,NYSE Arca,etf,1000000
BBMC,JPMorgan BetaBuilders U.S. Mid Cap Equity ETF,Cboe BZX,etf,1000000
BBP,Virtus Biotech ETF,NYSE Arca,etf,1000000
BBRE,JPMorgan BetaBuilders MSCI U.S. REIT ETF,Cboe BZX,etf,1000000
BBSB,JPMorgan BetaBuilders U.S. Treasury Bond 1-3 Year ETF,Cboe BZX,etf,1000000
BBSC,JPMorgan BetaBuilders U.S. Small Cap Equity ETF,Cboe BZX,etf,1000000
BBUL,GraniteShares 2x Long BB Daily ETF,NASDAQ,etf,1000000
BBUS,JPMorgan BetaBuilders U.S. Equity ETF,Cboe BZX,etf,1000000
BBYY,GraniteShares YieldBOOST BABA ETF,NASDAQ,etf,1000000
BCCC,Global X Bitcoin Covered Call ETF,Cboe BZX,etf,1000000
BCD,abrdn Bloomberg All Commodity Longer Dated Strategy K-1 Free ETF,NYSE Arca,etf,1000000
BCDF,Horizon Kinetics Blockchain Development ETF,NYSE Arca,etf,1000000
BCEM,Baron Emerging Markets Select ETF,NYSE,etf,1000000
BCFN,Baron Financials ETF,NASDAQ,etf,1000000
BCGD,Baron Global Durable Advantage ETF,NYSE,etf,1000000
BCGS,Bancreek Global Select ETF,NYSE Arca,etf,1000000
BCHP,Principal Focused Blue Chip ETF,Cboe BZX,etf,1000000
BCI,abrdn Bloomberg All Commodity Strategy K-1 Free ETF,NYSE Arca,etf,1000000
BCIL,Bancreek International Large Cap ETF,NYSE Arca,etf,1000000
BCKT,LifeX 2030 Income Bucket ETF,Cboe BZX,etf,1000000
BCLO,iShares BBB-B CLO Active ETF,NASDAQ,etf,1000000
BCOR,Grayscale Bitcoin Adopters ETF,NYSE Arca,etf,1000000
BCPL,BNY Mellon Core Plus ETF,NYSE Arca,etf,1000000
BCSM,Baron SMID Cap ETF,NYSE,etf,1000000
BCTK,Baron Technology ETF,NASDAQ,etf,1000000
BCUS,Bancreek U.S. Large Cap ETF,NYSE Arca,etf,1000000
BD,Russell Investments Core Plus Bond ETF,NYSE Arca,etf,1000000
BDBT,Bluemonte Core Bond ETF,NYSE Arca,etf,1000000
BDEC,Innovator U.S. Equity Buffer ETF - December,Cboe BZX,etf,1000000
BDGS,Bridges Capital Tactical ETF,NASDAQ,etf,1000000
BDIV,AAM Brentview Dividend Growth ETF,NYSE Arca,etf,1000000
BDVG,IMGP Berkshire Dividend Growth ETF,NYSE Arca,etf,1000000
BDVL,iShares Disciplined Volatility Equity Active ETF,NASDAQ,etf,1000000
BDYN,iShares Dynamic Equity Active ETF,NASDAQ,etf,1000000
BEC,Corgi BE 2x Daily ETF,Cboe BZX,etf,1000000
BEDY,BNY Mellon Enhanced Dividend and Income ETF,NASDAQ,etf,1000000
BEEX,The Beehive ETF,NASDAQ,etf,1000000
BEEZ,Honeytree U.S. Equity ETF,NASDAQ,etf,1000000
BEG,Leverage Shares 2x Long BE Daily ETF,NASDAQ,etf,1000000
BEGS,Rareview 2x Bull Cryptocurrency & Precious Metals ETF,Cboe BZX,etf,1000000
BEMB,iShares J.P. Morgan Broad USD Emerging Markets Bond ETF,Cboe BZX,etf,1000000
BEMD,BNY Mellon Emerging Markets Debt ETF,Cboe BZX,etf,1000000
BENJ,Horizon Landmark ETF,NYSE Arca,etf,1000000
BESF,Bastion Energy ETF,Cboe BZX,etf,1000000
BESO,GSR Crypto Core3 ETF,NASDAQ,etf,1000000
BETE,ProShares Bitcoin & Ether Equal Weight ETF,NYSE Arca,etf,1000000
BETH,ProShares Bitcoin & Ether Market Cap Weight ETF,NYSE Arca,etf,1000000
BETZ,Roundhill Sports Betting & iGaming ETF,NYSE Arca,etf,1000000
BEX,Tradr 2X Long BE Daily ETF,Cboe BZX,etf,1000000
BEZ,Tradr 2X Short BE Daily ETF,Cboe BZX,etf,1000000
BFAP,FT Vest Bitcoin Strategy Floor15 ETF April,NYSE Arca,etf,1000000
BFEB,Innovator U.S. Equity Buffer ETF - February,Cboe BZX,etf,1000000
BFEW,FT Vest Laddered U.S. Equity Equal Weight Buffer ETF,Cboe BZX,etf,1000000
BFIX,Build Bond Innovation ETF,NYSE Arca,etf,1000000
BFJA,FT Vest Bitcoin Strategy Floor15 ETF - January,NYSE Arca,etf,1000000
BFJL,FT Vest Bitcoin Strategy Floor15 ETF July,NYSE Arca,etf,1000000
BFLB,BufferLABS US Equity Dynamic Buffer ETF,Cboe BZX,etf,1000000
BFLX,iShares Flexible Equity Active ETF,NASDAQ,etf,1000000
BFOC,FT Vest Bitcoin Strategy Floor15 ETF - October,NYSE Arca,etf,1000000
BFOR,Barron's 400 ETF,NYSE Arca,etf,1000000
BFRZ,Innovator Equity Managed 100 Buffer ETF,NYSE Arca,etf,1000000
BFXU,FT Vest Laddered U.S. Equity Uncapped Accelerator ETF,Cboe BZX,etf,1000000
BGCG,Baillie Gifford International Concentrated Growth ETF,NASDAQ,etf,1000000
BGDV,Bahl & Gaynor Dividend ETF,NYSE Arca,etf,1000000
BGEG,Baillie Gifford Emerging Markets ETF,NASDAQ,etf,1000000
BGFI,BNY Mellon Global Fixed Income ETF,Cboe BZX,etf,1000000
BGGG,Baillie Gifford Long Term Global Growth ETF,NASDAQ,etf,1000000
BGIA,Baillie Gifford International Alpha ETF,NASDAQ,etf,1000000
BGIG,Bahl & Gaynor Income Growth ETF,NYSE Arca,etf,1000000
BGLD,FT Vest Gold Strategy Quarterly Buffer ETF,Cboe BZX,etf,1000000
BGRN,iShares USD Green Bond ETF,NASDAQ,etf,1000000
BGRO,iShares Large Cap Growth Active ETF,NASDAQ,etf,1000000
BGUS,Baillie Gifford U.S. Equity Growth ETF,NASDAQ,etf,1000000
BHDG,Nicholas Bitcoin Tail ETF,NASDAQ,etf,1000000
BHYB,Xtrackers USD High Yield BB-B ex Financials ETF,Cboe BZX,etf,1000000
BIB,ProShares Ultra Nasdaq Biotechnology,NASDAQ,etf,1000000
BIBL,Inspire 100 ETF,NYSE Arca,etf,1000000
BIDD,iShares International Dividend Active ETF,NYSE Arca,etf,1000000
BIDG,Leverage Shares 2X Long BIDU Daily ETF,NASDAQ,etf,1000000
BIGY,YieldMax Target 12 Big 50 Option Income ETF,NYSE Arca,etf,1000000
BIL,State Street SPDR Bloomberg 1-3 Month T-Bill ETF,NYSE Arca,etf,1000000
BILD,Nomura Global Listed Infrastructure ETF,NYSE Arca,etf,1000000
BILS,State Street SPDR Bloomberg 3-12 Month T-Bill ETF,NYSE Arca,etf,1000000
BILT,iShares Infrastructure Active ETF,Cboe BZX,etf,1000000
BILZ,PIMCO Ultra Short Government Active Exchange-Traded Fund,NYSE Arca,etf,1000000
BINC,iShares Flexible Income Active ETF,NYSE Arca,etf,1000000
BINT,Bluemonte Global Equity ETF,NYSE Arca,etf,1000000
BINV,Brandes International ETF,Cboe BZX,etf,1000000
BIOY,GraniteShares YieldBOOST Biotech ETF,NASDAQ,etf,1000000
BIS,ProShares UltraShort Nasdaq Biotechnology,NASDAQ,etf,1000000
BITC,Bitwise Trendwise Bitcoin and Treasuries Rotation Strategy ETF,NYSE Arca,etf,1000000
BITI,ProShares Short Bitcoin ETF,NYSE Arca,etf,1000000
BITO,ProShares Bitcoin ETF,NYSE Arca,etf,1000000
BITQ,Bitwise Crypto Industry Innovators ETF,NYSE Arca,etf,1000000
BITS,Global X Blockchain & Bitcoin Strategy ETF,NASDAQ,etf,1000000
BITU,ProShares Ultra Bitcoin ETF,NYSE Arca,etf,1000000
BITX,2x Bitcoin ETF,Cboe BZX,etf,1000000
BITY,Amplify Bitcoin 2% Monthly Option Income ETF,Cboe BZX,etf,1000000
BIV,Vanguard Intermediate-Term Bond ETF,NYSE Arca,etf,1000000
BIZD,VanEck BDC Income ETF,NYSE Arca,etf,1000000
BJAN,Innovator U.S. Equity Buffer ETF - January,Cboe BZX,etf,1000000
BJUL,Innovator U.S. Equity Buffer ETF - July,Cboe BZX,etf,1000000
BJUN,Innovator U.S. Equity Buffer ETF - June,Cboe BZX,etf,1000000
BKAG,BNY Mellon Core Bond ETF,NYSE Arca,etf,1000000
BKCG,BNY Mellon Concentrated Growth ETF,NYSE Arca,etf,1000000
BKCH,Global X Blockchain ETF,NASDAQ,etf,1000000
BKCI,BNY Mellon Concentrated International ETF,NYSE Arca,etf,1000000
BKDV,BNY Mellon Dynamic Value ETF,NYSE Arca,etf,1000000
BKEM,BNY Mellon Emerging Markets Equity ETF,NYSE Arca,etf,1000000
BKF,iShares MSCI BIC ETF,NYSE Arca,etf,1000000
BKFI,BNY Mellon Active Core Bond ETF,NYSE Arca,etf,1000000
BKGI,BNY Mellon Global Infrastructure Income ETF,Cboe BZX,etf,1000000
BKHY,BNY Mellon High Yield ETF,NYSE Arca,etf,1000000
BKIE,BNY Mellon International Equity ETF,NYSE Arca,etf,1000000
BKLC,BNY Mellon US Large Cap Core Equity ETF,NYSE Arca,etf,1000000
BKLG,BNY Mellon US Large Cap Equity Growth ETF,NYSE Arca,etf,1000000
BKLN,Invesco Senior Loan ETF,NYSE Arca,etf,1000000
BKMC,BNY Mellon US Mid Cap Core Equity ETF,NYSE Arca,etf,1000000
BKMI,BNY Mellon Municipal Intermediate ETF,NASDAQ,etf,1000000
BKMS,BNY Mellon Municipal Short Duration ETF,NASDAQ,etf,1000000
BKSE,BNY Mellon US Small Cap Core Equity ETF,NYSE Arca,etf,1000000
BKUI,BNY Mellon Ultra Short Income ETF,NYSE Arca,etf,1000000
BLCK,Corgi Crypto Infrastructure ETF,Cboe BZX,etf,1000000
BLCR,iShares Large Cap Core Active ETF,NASDAQ,etf,1000000
BLCV,iShares Large Cap Value Active ETF,NYSE Arca,etf,1000000
BLDG,Cambria Global Real Estate ETF,Cboe BZX,etf,1000000
BLDX,Impax Global Sustainable Infrastructure ETF,NYSE Arca,etf,1000000
BLES,Inspire Global Hope ETF,NYSE Arca,etf,1000000
BLGR,Bluemonte Large Cap Growth ETF,NYSE Arca,etf,1000000
BLOK,Amplify Blockchain Technology ETF,NYSE Arca,etf,1000000
BLOX,Nicholas Crypto Income ETF,NYSE Arca,etf,1000000
BLSG,Leverage Shares 2X Long BLSH Daily ETF,NASDAQ,etf,1000000
BLST,Bluemonte Short Term Bond ETF,NYSE Arca,etf,1000000
BLTD,Bluemonte Long Term Bond ETF,NYSE Arca,etf,1000000
BLUC,Bluemonte Large Cap Core ETF,NYSE Arca,etf,1000000
BLUI,Bluemonte Diversified Income ETF,NYSE Arca,etf,1000000
BLUX,Bluemonte Dynamic Total Market ETF,NYSE Arca,etf,1000000
BLV,Vanguard Long-Term Bond ETF,NYSE Arca,etf,1000000
BMAR,Innovator U.S. Equity Buffer ETF - March,Cboe BZX,etf,1000000
BMAY,Innovator U.S. Equity Buffer ETF - May,Cboe BZX,etf,1000000
BMED,iShares Health Innovation Active ETF,NYSE Arca,etf,1000000
BMNG,Leverage Shares 2X Long BMNR Daily ETF,NASDAQ,etf,1000000
BMNU,T-REX 2X Long BMNR Daily Target ETF,Cboe BZX,etf,1000000
BMNZ,Defiance Daily Target 2X Short BMNR ETF,NYSE Arca,etf,1000000
BMOP,BNY Mellon Municipal Opportunities ETF,NASDAQ,etf,1000000
BMSI,BNY Mellon Muti-Sector Income ETF,Cboe BZX,etf,1000000
BMVP,Invesco Bloomberg MVP Multi-factor ETF,NYSE Arca,etf,1000000
BNAV,Amplify Fairlead Tactical Bitcoin ETF,Cboe BZX,etf,1000000
BND,Vanguard Total Bond Market ETF,NASDAQ,etf,1000000
BNDC,Northern Trust Core Bond ETF,NYSE Arca,etf,1000000
BNDD,Quadratic Deflation ETF,NYSE Arca,etf,1000000
BNDI,NEOS Enhanced Income Aggregate Bond ETF,NYSE Arca,etf,1000000
BNDP,Vanguard Core-Plus Bond Index ETF,NASDAQ,etf,1000000
BNDS,Infrastructure Capital Bond Income ETF,NYSE Arca,etf,1000000
BNDW,Vanguard Total World Bond ETF,NASDAQ,etf,1000000
BNDX,Vanguard Total International Bond ETF,NASDAQ,etf,1000000
BNDY,Horizon Core Bond ETF,Cboe BZX,etf,1000000
BNGE,First Trust S-Network Streaming and Gaming ETF,NYSE Arca,etf,1000000
BNMC,Corgi BMNR 2x Daily ETF,Cboe BZX,etf,1000000
BNOV,Innovator U.S. Equity Buffer ETF - November,Cboe BZX,etf,1000000
BOAT,SonicShares Global Shipping ETF,NYSE Arca,etf,1000000
BOBP,CORE16 Best of Breed Premier Index ETF,NYSE Arca,etf,1000000
BOCT,Innovator U.S. Equity Buffer ETF - October,Cboe BZX,etf,1000000
BOEG,Leverage Shares 2X Long BA Daily ETF,NASDAQ,etf,1000000
BOEU,Direxion Daily BA Bull 2X ETF,NASDAQ,etf,1000000
BOND,PIMCO Active Bond Exchange-Traded Fund Exchange-Traded Fund,NYSE,etf,1000000
BOTT,Themes Humanoid Robotics ETF,NASDAQ,etf,1000000
BOTZ,Global X Robotics & Artificial Intelligence ETF,NASDAQ,etf,1000000
BOUT,CapForce IBD Breakout Opportunities ETF,NYSE Arca,etf,1000000
BOXA,Alpha Architect Aggregate Bond ETF,Cboe BZX,etf,1000000
BOXX,Alpha Architect 1-3 Month Box ETF,Cboe BZX,etf,1000000
BPAY,iShares FinTech Active ETF,NYSE Arca,etf,1000000
BPH,BP plc ADRhedged,NYSE Arca,etf,1000000
BPI,Grayscale Bitcoin Premium Income ETF,NYSE Arca,etf,1000000
BPRO,Bitwise Proficio Currency Debasement ETF,NYSE Arca,etf,1000000
BRAZ,Global X Brazil Active ETF,NYSE Arca,etf,1000000
BRCE,MFS Blended Research Core Equity ETF,NYSE,etf,1000000
BREE,MFS Blended Research Emerging Markets Equity ETF,NYSE,etf,1000000
BREM,iShares Emerging Markets Bond Active ETF,NASDAQ,etf,1000000
BRES,Burney U.S. Equity Select ETF,NASDAQ,etf,1000000
BREW,Corgi Coffee & Energy Drinks ETF,Cboe BZX,etf,1000000
BRF,VanEck Brazil Small-Cap ETF,NYSE Arca,etf,1000000
BRHY,iShares High Yield Active ETF,NASDAQ,etf,1000000
BRIB,FIS Bright Portfolios Core Bond ETF,NYSE Arca,etf,1000000
BRIE,MFS Blended Research International Equity ETF,NYSE,etf,1000000
BRIF,FIS Bright Portfolios Focused Equity ETF,NYSE Arca,etf,1000000
BRKC,YieldMax BRK.B Option Income Strategy ETF,NYSE Arca,etf,1000000
BRKL,Corgi BRKB 2x Daily ETF,Cboe BZX,etf,1000000
BRKU,Direxion Daily BRKB Bull 2X ETF,NASDAQ,etf,1000000
BRKW,Roundhill BRKB WeeklyPay ETF,Cboe BZX,etf,1000000
BRLN,iShares Floating Rate Loan Active ETF,Cboe BZX,etf,1000000
BRNY,Burney U.S. Factor Rotation ETF,NASDAQ,etf,1000000
BROL,Baron Risk Optimized Large Cap ETF,NYSE,etf,1000000
BRSM,MFS Blended Research Small-Mid Cap ETF,NYSE Arca,etf,1000000
BRSV,EA Bridgeway Select Small-Cap Value ETF,Cboe BZX,etf,1000000
BRTR,iShares Total Return Active ETF,NASDAQ,etf,1000000
BRZU,Direxion Daily Brazil Bull 2X ETF,NYSE Arca,etf,1000000
BRZX,Corgi Brazil 2x Daily ETF,Cboe BZX,etf,1000000
BSCA,Invesco BulletShares 2036 Corporate Bond ETF,NASDAQ,etf,1000000
BSCQ,Invesco BulletShares 2026 Corporate Bond ETF,NASDAQ,etf,1000000
BSCR,Invesco BulletShares 2027 Corporate Bond ETF,NASDAQ,etf,1000000
BSCS,Invesco BulletShares 2028 Corporate Bond ETF,NASDAQ,etf,1000000
BSCT,Invesco BulletShares 2029 Corporate Bond ETF,NASDAQ,etf,1000000
BSCU,Invesco BulletShares 2030 Corporate Bond ETF,NASDAQ,etf,1000000
BSCV,Invesco BulletShares 2031 Corporate Bond ETF,NASDAQ,etf,1000000
BSCW,Invesco BulletShares 2032 Corporate Bond ETF,NASDAQ,etf,1000000
BSCX,Invesco BulletShares 2033 Corporate Bond ETF,NASDAQ,etf,1000000
BSCY,Invesco BulletShares 2034 Corporate Bond ETF,NASDAQ,etf,1000000
BSCZ,Invesco BulletShares 2035 Corporate Bond ETF,NASDAQ,etf,1000000
BSEP,Innovator U.S. Equity Buffer ETF - September,Cboe BZX,etf,1000000
BSGR,Invesco BulletShares 2027 Treasury Bond ETF,NASDAQ,etf,1000000
BSGT,Invesco BulletShares 2029 Treasury Bond ETF,NASDAQ,etf,1000000
BSJQ,Invesco BulletShares 2026 High Yield Corporate Bond ETF,NASDAQ,etf,1000000
BSJR,Invesco BulletShares 2027 High Yield Corporate Bond ETF,NASDAQ,etf,1000000
BSJS,Invesco BulletShares 2028 High Yield Corporate Bond ETF,NASDAQ,etf,1000000
BSJT,Invesco BulletShares 2029 High Yield Corporate Bond ETF,NASDAQ,etf,1000000
BSJU,Invesco BulletShares 2030 High Yield Corporate Bond ETF,NASDAQ,etf,1000000
BSJV,Invesco BulletShares 2031 High Yield Corporate Bond ETF,NASDAQ,etf,1000000
BSJW,Invesco BulletShares 2032 High Yield Corporate Bond ETF,NASDAQ,etf,1000000
BSJX,Invesco BulletShares 2033 High Yield Corporate Bond ETF,NASDAQ,etf,1000000
BSJY,Invesco BulletShares 2034 High Yield Corporate Bond ETF,NASDAQ,etf,1000000
BSMA,Invesco BulletShares 2036 Municipal Bond ETF,NASDAQ,etf,1000000
BSMC,Brandes U.S. Small-Mid Cap Value ETF,Cboe BZX,etf,1000000
BSMQ,Invesco BulletShares 2026 Municipal Bond ETF,NASDAQ,etf,1000000
BSMR,Invesco BulletShares 2027 Municipal Bond ETF,NASDAQ,etf,1000000
BSMS,Invesco BulletShares 2028 Municipal Bond ETF,NASDAQ,etf,1000000
BSMT,Invesco BulletShares 2029 Municipal Bond ETF,NASDAQ,etf,1000000
BSMU,Invesco BulletShares 2030 Municipal Bond ETF,NASDAQ,etf,1000000
BSMV,Invesco BulletShares 2031 Municipal Bond ETF,NASDAQ,etf,1000000
BSMW,Invesco BulletShares 2032 Municipal Bond ETF,NASDAQ,etf,1000000
BSMY,Invesco BulletShares 2034 Municipal Bond ETF,NASDAQ,etf,1000000
BSMZ,Invesco BulletShares 2035 Municipal Bond ETF,NASDAQ,etf,1000000
BSR,Beacon Unified Catalyst ETF,NYSE Arca,etf,1000000
BSSX,Invesco BulletShares 2033 Municipal Bond ETF,NASDAQ,etf,1000000
BSTP,Innovator Buffer Step-Up Strategy ETF,NYSE Arca,etf,1000000
BSTS,Invesco BulletShares 2028 Treasury Bond ETF,NASDAQ,etf,1000000
BSTU,Invesco BulletShares 2030 Treasury Bond ETF,NASDAQ,etf,1000000
BSTV,Invesco BulletShares 2031 Treasury Bond ETF,NASDAQ,etf,1000000
BSV,Vanguard Short-Term Bond ETF,NYSE Arca,etf,1000000
BSVO,EA Bridgeway Omni Small-Cap Value ETF,NASDAQ,etf,1000000
BTAL,AGF U.S. Market Neutral Anti-Beta Fund,NYSE Arca,etf,1000000
BTCC,Grayscale Bitcoin High Income ETF,NYSE Arca,etf,1000000
BTCI,NEOS Bitcoin High Income ETF,Cboe BZX,etf,1000000
BTCL,T-Rex 2X Long Bitcoin Daily Target ETF,Cboe BZX,etf,1000000
BTCU,Direxion Daily Bitcoin Bull 2X ETF,NYSE Arca,etf,1000000
BTCZ,T-Rex 2X Inverse Bitcoin Daily Target ETF,Cboe BZX,etf,1000000
BTDL,GraniteShares 2x Long BTDR Daily ETF,NASDAQ,etf,1000000
BTF,CoinShares Bitcoin and Ether ETF,NASDAQ,etf,1000000
BTGD,STKd 100% Bitcoin & 100% Gold ETF,NASDAQ,etf,1000000
BTOT,iShares Total USD Fixed Income Market ETF,NYSE Arca,etf,1000000
BTRN,Global X Bitcoin Trend Strategy ETF,NYSE Arca,etf,1000000
BUCK,Simplify Treasury Option Income ETF,NYSE Arca,etf,1000000
BUFB,Innovator Laddered Allocation Buffer ETF,Cboe BZX,etf,1000000
BUFC,AB Conservative Buffer ETF,NASDAQ,etf,1000000
BUFD,FT Vest Laddered Deep Buffer ETF,Cboe BZX,etf,1000000
BUFE,FT Vest Laddered Emerging Markets Buffer ETF,Cboe BZX,etf,1000000
BUFF,Innovator Laddered Allocation Power Buffer ETF,Cboe BZX,etf,1000000
BUFG,FT Vest Buffered Allocation Growth ETF,Cboe BZX,etf,1000000
BUFH,FT Vest Laddered Max Buffer ETF,Cboe BZX,etf,1000000
BUFI,AB International Buffer ETF,NASDAQ,etf,1000000
BUFM,AB Moderate Buffer ETF,NASDAQ,etf,1000000
BUFP,PGIM Laddered S&P 500 Buffer 12 ETF,Cboe BZX,etf,1000000
BUFQ,FT Vest Laddered Nasdaq Buffer ETF,Cboe BZX,etf,1000000
BUFR,FT Vest Laddered Buffer ETF,Cboe BZX,etf,1000000
BUFS,FT Vest Laddered Small Cap Moderate Buffer ETF,Cboe BZX,etf,1000000
BUFT,FT Vest Buffered Allocation Defensive ETF,Cboe BZX,etf,1000000
BUFX,FT Vest Laddered Enhance & Moderate Buffer ETF,Cboe BZX,etf,1000000
BUFY,FT Vest Laddered International Moderate Buffer ETF,Cboe BZX,etf,1000000
BUFZ,FT Vest Laddered Moderate Buffer ETF,Cboe BZX,etf,1000000
BUG,Global X Cybersecurity ETF,NASDAQ,etf,1000000
BUIL,Rebuild America ETF,Cboe BZX,etf,1000000
BUL,Pacer US Cash Cows Growth ETF,NYSE Arca,etf,1000000
BULD,Pacer BlueStar Engineering the Future ETF,NASDAQ,etf,1000000
BULG,Leverage Shares 2X Long BULL Daily ETF,NASDAQ,etf,1000000
BUSA,Brandes U.S. Value ETF,Cboe BZX,etf,1000000
BUSM,EA Bridgeway Ultra-Small Company Market ETF,Cboe BZX,etf,1000000
BUXX,Strive Enhanced Income Short Maturity ETF,NYSE,etf,1000000
BUYB,ProShares S&P 500 Buyback Aristocrats ETF,NYSE Arca,etf,1000000
BUYO,KraneShares Man Buyout Beta Index ETF,NYSE Arca,etf,1000000
BUYW,Main BuyWrite ETF,Cboe BZX,etf,1000000
BUYZ,Franklin Disruptive Commerce ETF,Cboe BZX,etf,1000000
BUZZ,VanEck Social Sentiment ETF,NYSE Arca,etf,1000000
BVAL,Bluemonte Large Cap Value ETF,NYSE Arca,etf,1000000
BWQG,BWM Quality Growth ETF,Cboe BZX,etf,1000000
BWTG,Brendan Wood TopGun Index ETF,Cboe BZX,etf,1000000
BWX,State Street SPDR Bloomberg International Treasury Bond ETF,NYSE Arca,etf,1000000
BWZ,State Street SPDR Bloomberg Short Term International Treasury Bond ETF,NYSE Arca,etf,1000000
BYLD,iShares Yield Optimized Bond ETF,NYSE Arca,etf,1000000
BYRE,Principal Real Estate Active Opportunities ETF,NYSE Arca,etf,1000000
BZQ,ProShares UltraShort MSCI Brazil Capped,NYSE Arca,etf,1000000
BZZ,Corgi Drones & Urban Air Mobility ETF,Cboe BZX,etf,1000000
CAAA,First Trust AAA CMBS ETF,NYSE Arca,etf,1000000
CABZ,"Roundhill Robotaxi, Autonomous Vehicles & Technology ETF",Cboe BZX,etf,1000000
CAFG,Pacer US Small Cap Cash Cows Growth Leaders ETF,NASDAQ,etf,1000000
CAFX,Congress Intermediate Bond ETF,NYSE Arca,etf,1000000
CAGE,Calamos Autocallable Growth ETF,NYSE Arca,etf,1000000
CAIE,Calamos Autocallable Income ETF,NYSE Arca,etf,1000000
CAIQ,Calamos Nasdaq Autocallable Income ETF,NASDAQ,etf,1000000
CALF,Pacer US Small Cap Cash Cows ETF,Cboe BZX,etf,1000000
CALI,iShares Short-Term California Muni Active ETF,NASDAQ,etf,1000000
CAM,AB California Intermediate Municipal ETF,NYSE Arca,etf,1000000
CAMC,Corgi CAMT 2x Daily ETF,Cboe BZX,etf,1000000
CAML,Congress Large Cap Growth ETF,NYSE Arca,etf,1000000
CAMX,Cambiar Aggressive Value ETF,NYSE Arca,etf,1000000
CANC,Tema Oncology ETF,NASDAQ,etf,1000000
CANQ,Calamos Nasdaq Equity & Income ETF,NASDAQ,etf,1000000
CAOS,Alpha Architect Tail Risk ETF,Cboe BZX,etf,1000000
CAPA,Defiance AI Capacitors & MLCC ETF,Cboe BZX,etf,1000000
CAPE,DoubleLine Shiller CAPE U.S. Equities ETF,NYSE Arca,etf,1000000
CARK,CastleArk Large Growth ETF,NYSE Arca,etf,1000000
CARX,Corgi CART 2x Daily ETF,Cboe BZX,etf,1000000
CARY,Angel Oak Income ETF,NASDAQ,etf,1000000
CARZ,First Trust S-Network Future Vehicles & Technology ETF,NASDAQ,etf,1000000
CAS,Simplify China A Shares PLUS Income ETF,NYSE Arca,etf,1000000
CATF,American Century California Municipal Bond ETF,NYSE Arca,etf,1000000
CATG,Leverage Shares 2X Long CAT Daily ETF,Cboe BZX,etf,1000000
CATH,Global X S&P 500 Catholic Values ETF,NASDAQ,etf,1000000
CAUG,Corgi U.S. Equities 15% Structured Buffer ETF - August Series,Cboe BZX,etf,1000000
CBIL,Corgi 3-12 Month T-Bill ETF,Cboe BZX,etf,1000000
CBLS,Clough Hedged Equity ETF,NYSE Arca,etf,1000000
CBOA,Calamos Bitcoin Structured Alt Protection ETF - April,Cboe BZX,etf,1000000
CBOJ,Calamos Bitcoin Structured Alt Protection ETF - January,Cboe BZX,etf,1000000
CBOL,Calamos Laddered Bitcoin Structured Alt Protection ETF,Cboe BZX,etf,1000000
CBON,VanEck China Bond ETF,NYSE Arca,etf,1000000
CBOO,Calamos Bitcoin Structured Alt Protection ETF - October,Cboe BZX,etf,1000000
CBOT,Corgi Robots & Humanoids ETF,Cboe BZX,etf,1000000
CBOX,Calamos Tax-Aware Collateral ETF,Cboe BZX,etf,1000000
CBOY,Calamos Bitcoin Structured Alt Protection ETF - July,Cboe BZX,etf,1000000
CBRG,Leverage Shares 2X Long CBRS Daily ETF,Cboe BZX,etf,1000000
CBRX,Tradr 2X Long CBRS Daily ETF,Cboe BZX,etf,1000000
CBRZ,Tradr 2X Short CBRS Daily ETF,Cboe BZX,etf,1000000
CBSE,Clough Select Equity ETF,NYSE Arca,etf,1000000
CBTA,Calamos Bitcoin 80 Series Structured Alt Protection ETF - April,Cboe BZX,etf,1000000
CBTJ,Calamos Bitcoin 80 Series Structured Alt Protection ETF - January,Cboe BZX,etf,1000000
CBTL,Calamos Laddered Bitcoin 80 Series Structured Alt Protection ETF,Cboe BZX,etf,1000000
CBTO,Calamos Bitcoin 80 Series Structured Alt Protection ETF - October,Cboe BZX,etf,1000000
CBTY,Calamos Bitcoin 80 Series Structured Alt Protection ETF - July,Cboe BZX,etf,1000000
CBXA,Calamos Bitcoin 90 Series Structured Alt Protection ETF - April,Cboe BZX,etf,1000000
CBXJ,Calamos Bitcoin 90 Series Structured Alt Protection ETF - January,Cboe BZX,etf,1000000
CBXL,Calamos Laddered Bitcoin 90 Series Structured Alt Protection ETF,Cboe BZX,etf,1000000
CBXO,Calamos Bitcoin 90 Series Structured Alt Protection ETF - October,Cboe BZX,etf,1000000
CBXY,Calamos Bitcoin 90 Series Structured Alt Protection ETF - July,Cboe BZX,etf,1000000
CCEF,Calamos CEF Income & Arbitrage ETF,NYSE Arca,etf,1000000
CCFE,Concourse Capital Focused Equity ETF,NASDAQ,etf,1000000
CCML,Roundhill MLCC & Electronic Components ETF,NASDAQ,etf,1000000
CCNR,ALPS/CoreCommodity Natural Resources ETF,NASDAQ,etf,1000000
CCOM,Simplify Chinese Commodities Strategy No K-1 ETF,NYSE Arca,etf,1000000
CCOR,Core Alternative ETF,NYSE Arca,etf,1000000
CCPX,Corgi China 2x Daily ETF,Cboe BZX,etf,1000000
CCRP,Columbia Corporate Bond ETF,NYSE Arca,etf,1000000
CCSB,Carbon Collective Short Duration Green Bond ETF,NASDAQ,etf,1000000
CCSO,Carbon Collective Climate Solutions U.S. Equity ETF,NASDAQ,etf,1000000
CCUP,T-REX 2X Long CRCL Daily Target ETF,Cboe BZX,etf,1000000
CDC,VictoryShares US EQ Income Enhanced Volatility Wtd ETF,NASDAQ,etf,1000000
CDEI,"Calvert US Large-Cap Diversity, Equity and Inclusion Index ETF",NYSE Arca,etf,1000000
CDIG,City Different Investments Global Equity ETF,NASDAQ,etf,1000000
CDL,VictoryShares US Large Cap High Div Volatility Wtd ETF,NASDAQ,etf,1000000
CDNG,Leverage Shares 2X Long CDNS Daily ETF,Cboe BZX,etf,1000000
CDPI,Columbia High Dividend Premium Income ETF,NYSE Arca,etf,1000000
CDX,Simplify High Yield ETF,NYSE Arca,etf,1000000
CEFA,Global X S&P Catholic Values Developed ex-U.S. ETF,NASDAQ,etf,1000000
CEFS,Saba Opportunistically Hedged Closed-End Funds ETF,Cboe BZX,etf,1000000
CEFZ,RiverNorth Active Income ETF,Cboe BZX,etf,1000000
CEGX,Tradr 2X Long CEG Daily ETF,Cboe BZX,etf,1000000
CEMB,iShares J.P. Morgan EM Corporate Bond ETF,Cboe BZX,etf,1000000
CEPI,REX Crypto Equity Premium Income ETF,NASDAQ,etf,1000000
CERY,State Street SPDR Bloomberg Enhanced Roll Yield Commodity Strategy No K-1 ETF,NYSE Arca,etf,1000000
CEW,WisdomTree Emerging Currency Strategy Fund,NYSE Arca,etf,1000000
CFA,VictoryShares US 500 Volatility Wtd ETF,NASDAQ,etf,1000000
CFIT,Cambria Fixed Income Trend ETF,Cboe BZX,etf,1000000
CFO,VictoryShares US 500 Enhanced Volatility Wtd ETF,NASDAQ,etf,1000000
CGBL,Capital Group Core Balanced ETF,NYSE Arca,etf,1000000
CGCB,Capital Group Core Bond ETF,NYSE Arca,etf,1000000
CGCP,Capital Group Core Plus Income ETF,NYSE Arca,etf,1000000
CGCV,Capital Group Conservative Equity ETF,NYSE Arca,etf,1000000
CGDG,Capital Group Dividend Growers ETF,NYSE Arca,etf,1000000
CGDV,Capital Group Dividend Value ETF,NYSE Arca,etf,1000000
CGFS,CG Flagship Equity ETF,Cboe BZX,etf,1000000
CGGE,Capital Group Global Equity ETF,NYSE Arca,etf,1000000
CGGG,Capital Group U.S. Large Growth ETF,NYSE Arca,etf,1000000
CGGO,Capital Group Global Growth Equity ETF,NYSE Arca,etf,1000000
CGGR,Capital Group Growth ETF,NYSE Arca,etf,1000000
CGHM,Capital Group Municipal High-Income ETF,NYSE Arca,etf,1000000
CGHY,Capital Group High Yield Bond ETF,NYSE Arca,etf,1000000
CGIB,Capital Group International Bond ETF (USD-Hedged),NYSE Arca,etf,1000000
CGIC,Capital Group International Core Equity ETF,NYSE Arca,etf,1000000
CGIE,Capital Group International Equity ETF,NYSE Arca,etf,1000000
CGMM,Capital Group U.S. Small and Mid Cap ETF,NYSE Arca,etf,1000000
CGMS,Capital Group U.S. Multi-Sector Income ETF,NYSE Arca,etf,1000000
CGMU,Capital Group Municipal Income ETF,NYSE Arca,etf,1000000
CGNG,Capital Group New Geography Equity ETF,NYSE Arca,etf,1000000
CGOV,Corgi 0-3 Month T-Bill ETF,Cboe BZX,etf,1000000
CGPT,VegaShares AI Inference ETF,NASDAQ,etf,1000000
CGRO,CoreValues Alpha Greater China Growth ETF,NYSE Arca,etf,1000000
CGSD,Capital Group Short Duration Income ETF,NYSE Arca,etf,1000000
CGSM,Capital Group Short Duration Municipal Income ETF,NYSE Arca,etf,1000000
CGUI,Capital Group Ultra Short Income ETF,NYSE Arca,etf,1000000
CGUS,Capital Group Core Equity ETF,NYSE Arca,etf,1000000
CGV,Conductor Global Equity Value ETF,NYSE,etf,1000000
CGVV,Capital Group U.S. Large Value ETF,NYSE Arca,etf,1000000
CGW,Invesco S&P Global Water Index ETF,NYSE Arca,etf,1000000
CGXU,Capital Group International Focus Equity ETF,NYSE Arca,etf,1000000
CHAT,Roundhill Generative AI & Technology ETF,NYSE Arca,etf,1000000
CHAU,Direxion Daily CSI 300 China A Share Bull 2X ETF,NYSE Arca,etf,1000000
CHDG,Calamos Active Hedged Equity ETF,Cboe BZX,etf,1000000
CHGX,Stance Sustainable Beta ETF,NASDAQ,etf,1000000
CHIP,REX AI Chipmaking ETF,NASDAQ,etf,1000000
CHIQ,Global X MSCI China Consumer Discretionary ETF,NYSE Arca,etf,1000000
CHNL,Chainlink ETF,Cboe BZX,etf,1000000
CHNU,2x Chainlink ETF,Cboe BZX,etf,1000000
CHPS,Xtrackers Semiconductor Select Equity ETF,NASDAQ,etf,1000000
CHPX,Global X AI Semiconductor & Quantum ETF,NASDAQ,etf,1000000
CHPY,YieldMax Semiconductor Portfolio Option Income ETF,NYSE Arca,etf,1000000
CHRI,Global X S&P 500 Christian Values ETF,NASDAQ,etf,1000000
CHYG,Corgi 0-5 Year High Yield Corporate Bond ETF,Cboe BZX,etf,1000000
CIBR,First Trust NASDAQ Cybersecurity ETF,NASDAQ,etf,1000000
CIEG,Leverage Shares 2X Long CIEN Daily ETF,Cboe BZX,etf,1000000
CIEI,Corgi 3-7 Year Treasury Bond ETF,Cboe BZX,etf,1000000
CIEX,Tradr 2X Long CIEN Daily ETF,Cboe BZX,etf,1000000
CIFC,Corgi CIFR 2x Daily ETF,Cboe BZX,etf,1000000
CIFG,Leverage Shares 2X Long CIFR Daily ETF,NASDAQ,etf,1000000
CIFU,T-REX 2X Long CIFR Daily Target ETF,Cboe BZX,etf,1000000
CIR,Corgi CRCL 2x Daily ETF,Cboe BZX,etf,1000000
CIVG,Corgi 1-5 Year Investment Grade Corporate Bond ETF,Cboe BZX,etf,1000000
CJUL,Corgi U.S. Equities 15% Structured Buffer ETF - July Series,Cboe BZX,etf,1000000
CJUN,Corgi U.S. Equities 15% Structured Buffer ETF - June Series,Cboe BZX,etf,1000000
CLCG,Crossmark Large Cap Growth ETF,NYSE Arca,etf,1000000
CLCV,Crossmark Large Cap Value ETF,NYSE Arca,etf,1000000
CLIM,Climate Global - Climate Resilient REIT Index ETF,NYSE Arca,etf,1000000
CLIP,Global X 1-3 Month T-Bill ETF,NYSE Arca,etf,1000000
CLIX,ProShares Long Online/Short Stores ETF,NYSE Arca,etf,1000000
CLOA,iShares AAA CLO Active ETF,NASDAQ,etf,1000000
CLOB,VanEck AA-BB CLO ETF,NYSE Arca,etf,1000000
CLOC,AAM Crescent CLO ETF,NYSE Arca,etf,1000000
CLOD,Themes Cloud Computing ETF,NASDAQ,etf,1000000
CLOI,VanEck CLO ETF,NYSE Arca,etf,1000000
CLOO,NYLIM Investment Grade CLO ETF,NYSE Arca,etf,1000000
CLOU,Global X Cloud Computing ETF,NASDAQ,etf,1000000
CLOX,Eldridge AAA CLO ETF,NYSE Arca,etf,1000000
CLOZ,Eldridge BBB-B CLO ETF,NYSE Arca,etf,1000000
CLSE,Convergence Long/Short Equity ETF,Cboe BZX,etf,1000000
CLSM,ETC Cabana Target Leading Sector Moderate ETF,NASDAQ,etf,1000000
CLSX,Tradr 2X Long CLSK Daily ETF,Cboe BZX,etf,1000000
CLUB,Billionaires Club ETF,NYSE Arca,etf,1000000
CMAG,Corgi Mag 7 ETF,Cboe BZX,etf,1000000
CMAY,Corgi U.S. Equities 15% Structured Buffer ETF - May Series,Cboe BZX,etf,1000000
CMBO,Wayfinder Dynamic U.S. Interest Rate ETF,NASDAQ,etf,1000000
CMBS,iShares CMBS Bond ETF,NYSE Arca,etf,1000000
CMCI,VanEck CMCI Commodity Strategy ETF,Cboe BZX,etf,1000000
CMDT,PIMCO Commodity Strategy Active Exchange-Traded Fund,NYSE Arca,etf,1000000
CMDY,iShares Bloomberg Roll Select Commodity Strategy ETF,NYSE Arca,etf,1000000
CMF,iShares California Muni Bond ETF,NYSE Arca,etf,1000000
CNAV,Mohr Company Nav ETF,Cboe BZX,etf,1000000
CNBS,Amplify Seymour Cannabis ETF,NYSE Arca,etf,1000000
CNEQ,Alger Concentrated Equity ETF,NYSE Arca,etf,1000000
CNQQ,Rayliant-ChinaAMC Transformative China Tech ETF,NASDAQ,etf,1000000
CNRG,State Street SPDR S&P Kensho Clean Power ETF,NYSE Arca,etf,1000000
CNXT,VanEck ChiNext Innovators ETF,NYSE Arca,etf,1000000
CNYA,iShares MSCI China A ETF,Cboe BZX,etf,1000000
COAL,Range Global Coal Index ETF,NYSE Arca,etf,1000000
COHC,Corgi COHR 2x Daily ETF,Cboe BZX,etf,1000000
COHH,Leverage Shares 2X Long COHR Daily ETF,Cboe BZX,etf,1000000
COHQ,Tradr 2X Short COHR Daily ETF,Cboe BZX,etf,1000000
COHX,Tradr 2X Long COHR Daily ETF,Cboe BZX,etf,1000000
COIA,ProShares Ultra COIN,NYSE Arca,etf,1000000
COIG,Leverage Shares 2X Long COIN Daily ETF,NASDAQ,etf,1000000
COIW,Roundhill COIN WeeklyPay ETF,Cboe BZX,etf,1000000
COIX,Corgi COIN 2x Daily ETF,Cboe BZX,etf,1000000
COLO,Global X MSCI Colombia ETF,NYSE Arca,etf,1000000
COM,Direxion Auspice Broad Commodity Strategy ETF,NYSE Arca,etf,1000000
COMB,GraniteShares Bloomberg Commodity Broad Strategy No K-1 ETF,NYSE Arca,etf,1000000
COMD,Global X Commodity Strategy ETF,Cboe BZX,etf,1000000
COMT,iShares GSCI Commodity Dynamic Roll Strategy ETF,NASDAQ,etf,1000000
CONI,GraniteShares 2x Short COIN Daily ETF,NASDAQ,etf,1000000
CONL,GraniteShares 2x Long COIN Daily ETF,NASDAQ,etf,1000000
CONX,Direxion Daily COIN Bull 2X ETF,NASDAQ,etf,1000000
CONY,YieldMax COIN Option Income Strategy ETF,NYSE Arca,etf,1000000
COOL,"VegaShares AI Thermal, Cooling & Power Management ETF",NASDAQ,etf,1000000
COPA,Themes Copper Miners ETF,Cboe BZX,etf,1000000
COPJ,Sprott Junior Copper Miners ETF,NASDAQ,etf,1000000
COPP,Sprott Copper Miners ETF,NASDAQ,etf,1000000
COPX,Global X Copper Miners ETF,NYSE Arca,etf,1000000
COPY,"Tweedy, Browne Insider + Value ETF",NYSE Arca,etf,1000000
COPZ,Defiance Daily Target 2X Long Copper Miners ETF,NYSE Arca,etf,1000000
CORB,AB Core Bond ETF,NYSE Arca,etf,1000000
CORD,T-REX 2X Inverse CRWV Daily Target ETF,Cboe BZX,etf,1000000
CORO,iShares International Country Rotation Active ETF,NASDAQ,etf,1000000
CORP,PIMCO Investment Grade Corporate Bond Index Exchange-Traded Fund,NYSE Arca,etf,1000000
COSW,Roundhill COST WeeklyPay ETF,Cboe BZX,etf,1000000
COTG,Leverage Shares 2X Long COST Daily ETF,NASDAQ,etf,1000000
COWG,Pacer US Large Cap Cash Cows Growth Leaders ETF,NASDAQ,etf,1000000
COWS,Amplify Cash Flow Dividend Leaders ETF,NASDAQ,etf,1000000
COWZ,Pacer US Cash Cows 100 ETF,Cboe BZX,etf,1000000
COYY,GraniteShares YieldBOOST COIN ETF,NASDAQ,etf,1000000
COZX,Tradr 2X Long CORZ Daily ETF,Cboe BZX,etf,1000000
CPAG,F/m Compoundr U.S. Aggregate Bond ETF,NASDAQ,etf,1000000
CPAI,Counterpoint Quantitative Equity ETF,NYSE,etf,1000000
CPHY,F/m Compoundr High Yield Bond ETF,NASDAQ,etf,1000000
CPII,American Beacon Ionic Inflation Protection ETF,NYSE Arca,etf,1000000
CPLB,NYLIM MacKay Core Plus Bond ETF,NYSE Arca,etf,1000000
CPLS,AB Core Plus Bond ETF,NASDAQ,etf,1000000
CPNJ,Calamos Nasdaq - 100 Structured Alt Protection ETF -June,NYSE Arca,etf,1000000
CPNM,Calamos Nasdaq-100 Structured Alt Protection ETF - March,NYSE Arca,etf,1000000
CPNQ,Calamos Nasdaq-100 Structured Alt Protection ETF December,NYSE Arca,etf,1000000
CPNS,Calamos Nasdaq-100 Structured Alt Protection ETF  September,NYSE Arca,etf,1000000
CPNX,Tradr 2X Long CPNG Daily ETF,Cboe BZX,etf,1000000
CPRA,Calamos Russell 2000 Structured Alt Protection ETF - April,NYSE Arca,etf,1000000
CPRJ,Calamos Russell 2000 Structured Alt Protection ETF  July,NYSE Arca,etf,1000000
CPRO,Calamos Russell 2000 Structured Alt Protection ETF - October,NYSE Arca,etf,1000000
CPRY,Calamos Russell 2000 Structured Alt Protection ETF January,NYSE Arca,etf,1000000
CPSA,Calamos S&P 500 Structured Alt Protection ETF  August,NYSE Arca,etf,1000000
CPSD,Calamos S&P 500 Structured Alt Protection ETF December,NYSE Arca,etf,1000000
CPSF,Calamos S&P 500 Structured Alt Protection ETF February,NYSE Arca,etf,1000000
CPSJ,Calamos S&P 500 Structured Alt Protection ETF  July,NYSE Arca,etf,1000000
CPSL,Calamos Laddered S&P 500 Structured Alt Protection ETF,Cboe BZX,etf,1000000
CPSM,Calamos S&P 500 Structured Alt Protection ETF  May,NYSE Arca,etf,1000000
CPSN,Calamos S&P 500 Structured Alt Protection ETF November,NYSE Arca,etf,1000000
CPSO,Calamos S&P 500 Structured Alt Protection ETF - October,NYSE Arca,etf,1000000
CPSP,Calamos S&P 500 Structured Alt Protection ETF - April,NYSE Arca,etf,1000000
CPSR,Calamos S&P 500 Structured Alt Protection ETF - March,NYSE Arca,etf,1000000
CPST,Calamos S&P 500 Structured Alt Protection ETF  September,NYSE Arca,etf,1000000
CPSU,Calamos S&P 500 Structured Alt Protection ETF June,NYSE Arca,etf,1000000
CPSY,Calamos S&P 500 Structured Alt Protection ETF January,NYSE Arca,etf,1000000
CPTL,Global X Morningstar Capital Allocation Leaders ETF,NASDAQ,etf,1000000
CPXR,USCF Daily Target 2X Copper Index ETF,NYSE Arca,etf,1000000
CQQQ,Invesco China Technology ETF,NYSE Arca,etf,1000000
CQTM,Corgi Quantum Computing ETF,Cboe BZX,etf,1000000
CRAK,VanEck Oil Refiners ETF,NYSE Arca,etf,1000000
CRAM,Defiance China Memory ETF,NASDAQ,etf,1000000
CRBN,iShares Low Carbon Optimized MSCI ACWI ETF,NYSE Arca,etf,1000000
CRCA,ProShares Ultra CRCL,NYSE Arca,etf,1000000
CRCD,T-REX 2X Inverse CRCL Daily Target ETF,Cboe BZX,etf,1000000
CRCG,Leverage Shares 2X Long CRCL Daily ETF,NASDAQ,etf,1000000
CRCO,YieldMax CRCL Option Income Strategy ETF,NYSE Arca,etf,1000000
CRD,Corgi CRDO 2x Daily ETF,Cboe BZX,etf,1000000
CRDD,Cardano ETF,Cboe BZX,etf,1000000
CRDT,Simplify Opportunistic Income ETF,NYSE Arca,etf,1000000
CRDU,Tradr 2X Long CRDO Daily ETF,Cboe BZX,etf,1000000
CRDX,2x Cardano ETF,Cboe BZX,etf,1000000
CRIB,Russell Investments Global Real Estate ETF,NYSE Arca,etf,1000000
CRMG,Leverage Shares 2X Long CRM Daily ETF,NASDAQ,etf,1000000
CRMU,Leverage Shares 2x Long CRML Daily ETF,NASDAQ,etf,1000000
CRMX,Tradr 2X Long CRML Daily ETF,Cboe BZX,etf,1000000
CROB,Defiance China Robotics ETF,NASDAQ,etf,1000000
CRPT,First Trust SkyBridge Crypto Industry and Digital Economy ETF,NYSE Arca,etf,1000000
CRSH,YieldMax Short TSLA Option Income Strategy ETF,NYSE Arca,etf,1000000
CRTC,Xtrackers US National Critical Technologies ETF,NYSE Arca,etf,1000000
CRUC,Corgi CRUS 2x Daily ETF,Cboe BZX,etf,1000000
CRUX,Columbia Core Bond ETF,NYSE Arca,etf,1000000
CRWC,Corgi CRWD 2x Daily ETF,Cboe BZX,etf,1000000
CRWG,Leverage Shares 2X Long CRWV Daily ETF,NASDAQ,etf,1000000
CRWL,GraniteShares 2x Long CRWD Daily ETF,NASDAQ,etf,1000000
CRWU,T-REX 2X Long CRWV Daily Target ETF,Cboe BZX,etf,1000000
CRWX,Corgi CRWV 2x Daily ETF,Cboe BZX,etf,1000000
CRXP,Columbia Core Plus Bond ETF,NYSE Arca,etf,1000000
CRY,GraniteShares YieldBOOST CRCL ETF,NASDAQ,etf,1000000
CSB,VictoryShares US Small Cap High Div Volatility Wtd ETF,NASDAQ,etf,1000000
CSCL,Direxion Daily CSCO Bull 2X ETF,NASDAQ,etf,1000000
CSCS,Direxion Daily CSCO Bear 1X ETF,NASDAQ,etf,1000000
CSD,Invesco S&P Spin-Off ETF,NYSE Arca,etf,1000000
CSEN,Cohen & Steers Future of Energy Active ETF,NASDAQ,etf,1000000
CSEP,Corgi U.S. Equities 15% Structured Buffer ETF - September Series,Cboe BZX,etf,1000000
CSEX,Tradr 2X Long CLS Daily ETF,Cboe BZX,etf,1000000
CSHI,NEOS Enhanced Income 1-3 Month T-Bill ETF,NYSE Arca,etf,1000000
CSHP,iShares Dynamic Short-Term Active ETF,NYSE Arca,etf,1000000
CSIO,Cohen & Steers Infrastructure Opportunities Active ETF,NYSE Arca,etf,1000000
CSM,ProShares Large Cap Core Plus,Cboe BZX,etf,1000000
CSMD,Congress SMid Growth ETF,NYSE Arca,etf,1000000
CSNR,Cohen & Steers Natural Resources Active ETF,NYSE Arca,etf,1000000
CSRA,Cohen & Steers Real Assets Active ETF,NYSE Arca,etf,1000000
CSRE,Cohen & Steers Real Estate Active ETF,NYSE Arca,etf,1000000
CSTK,Invesco Comstock Contrarian Equity ETF,Cboe BZX,etf,1000000
CTA,Simplify Managed Futures Strategy ETF,NYSE Arca,etf,1000000
CTAG,Calamos Timpani Active SMID Growth ETF,F,etf,1000000
CTAP,Simplify US Equity PLUS Managed Futures Strategy ETF,NYSE Arca,etf,1000000
CTAU,Corgi U.S. Equities 30% Structured Buffer ETF - August Series,Cboe BZX,etf,1000000
CTEC,Global X ClimateTech ETF,NASDAQ,etf,1000000
CTEF,Castellan Targeted Equity ETF,Cboe BZX,etf,1000000
CTEX,ProShares S&P Kensho Cleantech ETF,NYSE Arca,etf,1000000
CTIF,Castellan Targeted Income ETF,Cboe BZX,etf,1000000
CTJL,Corgi U.S. Equities 30% Structured Buffer ETF - July Series,Cboe BZX,etf,1000000
CTJN,Corgi U.S. Equities 30% Structured Buffer ETF - June Series,Cboe BZX,etf,1000000
CTMA,Corgi U.S. Equities 30% Structured Buffer ETF - May Series,Cboe BZX,etf,1000000
CTSE,Corgi U.S. Equities 30% Structured Buffer ETF - September Series,Cboe BZX,etf,1000000
CURE,Direxion Daily Healthcare Bull 3X ETF,NYSE Arca,etf,1000000
CUST,Corgi 1-3 Year Treasury Bond ETF,Cboe BZX,etf,1000000
CUT,Invesco MSCI Global Timber ETF,NYSE Arca,etf,1000000
CVAR,Cultivar ETF,Cboe BZX,etf,1000000
CVGD,CresAlta Global Dividend ETF,NYSE Arca,etf,1000000
CVIE,Calvert International Responsible Index ETF,NYSE Arca,etf,1000000
CVLC,Calvert US Large-Cap Core Responsible Index ETF,NYSE Arca,etf,1000000
CVMC,Calvert US Mid-Cap Core Responsible Index ETF,NYSE Arca,etf,1000000
CVNY,YieldMax CVNA Option Income Strategy ETF,NYSE Arca,etf,1000000
CVRD,Madison Covered Call ETF,NYSE Arca,etf,1000000
CVRT,Calamos Convertible Equity Alternative ETF,NYSE Arca,etf,1000000
CVSB,Calvert Ultra-Short Investment Grade ETF,NYSE Arca,etf,1000000
CVSM,CresAlta Small and Mid-Cap ETF,NYSE Arca,etf,1000000
CVY,Invesco Zacks Multi-Asset Income ETF,NYSE Arca,etf,1000000
CWB,State Street SPDR Bloomberg Convertible Securities ETF,NYSE Arca,etf,1000000
CWEB,Direxion Daily CSI China Internet Index Bull 2X ETF,NYSE Arca,etf,1000000
CWI,State Street SPDR MSCI ACWI ex-US ETF,NYSE Arca,etf,1000000
CWS,AdvisorShares Focused Equity ETF,NYSE Arca,etf,1000000
CWVX,Tradr 2X Long CRWV Daily ETF,Cboe BZX,etf,1000000
CWY,GraniteShares YieldBOOST CRWV ETF,NASDAQ,etf,1000000
CXRN,Teucrium 2x Daily Corn ETF,NYSE Arca,etf,1000000
CXSE,WisdomTree China ex-State-Owned Enterprises Fund,NASDAQ,etf,1000000
CZA,Invesco Zacks Mid-Cap ETF,NYSE Arca,etf,1000000
DABS,DoubleLine Asset-Backed Securities ETF,NYSE Arca,etf,1000000
DACL,REX Defensive Autocallable Income ETF,NYSE Arca,etf,1000000
DADS,Digital Asset Debt Strategy ETF,NASDAQ,etf,1000000
DAK,Dakota Active Equity ETF,NASDAQ,etf,1000000
DALI,First Trust Dorsey Wright DALI Equity ETF,NASDAQ,etf,1000000
DAMD,Defiance Daily Target 2X Short AMD ETF,NYSE Arca,etf,1000000
DANA,Dana Limited Volatility ETF,NYSE Arca,etf,1000000
DAPP,VanEck Digital Transformation ETF,NASDAQ,etf,1000000
DAPR,FT Vest U.S. Equity Deep Buffer ETF - April,Cboe BZX,etf,1000000
DARP,Grizzle Growth ETF,NYSE Arca,etf,1000000
DAT,ProShares Big Data Refiners ETF,NYSE Arca,etf,1000000
DAUG,FT Vest U.S. Equity Deep Buffer ETF - August,Cboe BZX,etf,1000000
DAX,Global X DAX Germany ETF,NASDAQ,etf,1000000
DBAR,IMGP DBI Absolute Return ETF,NYSE Arca,etf,1000000
DBAW,Xtrackers MSCI All World ex US Hedged Equity ETF,NYSE Arca,etf,1000000
DBEF,Xtrackers MSCI EAFE Hedged Equity ETF,NYSE Arca,etf,1000000
DBEM,Xtrackers MSCI Emerging Markets Hedged Equity ETF,NYSE Arca,etf,1000000
DBEU,Xtrackers MSCI Europe Hedged Equity ETF,NYSE Arca,etf,1000000
DBEZ,Xtrackers MSCI Eurozone Hedged Equity ETF,NYSE Arca,etf,1000000
DBJP,Xtrackers MSCI Japan Hedged Equity ETF,NYSE Arca,etf,1000000
DBMF,iMGP DBi Managed Futures Strategy ETF,NYSE Arca,etf,1000000
DBND,DoubleLine Opportunistic Core Bond ETF,NYSE Arca,etf,1000000
DCMT,DoubleLine Commodity Strategy ETF,NYSE Arca,etf,1000000
DCOR,US Core Equity 1 Portfolio ETF Class Shares,NYSE Arca,etf,1000000
DCRE,DoubleLine Commercial Real Estate Debt ETF,NYSE Arca,etf,1000000
DDDD,YieldMax U.S. Stocks Target Double Distribution ETF,NYSE Arca,etf,1000000
DDEC,FT Vest U.S. Equity Deep Buffer ETF - December,Cboe BZX,etf,1000000
DDFA,Innovator Equity Dual Directional 15 Buffer ETF - April,Cboe BZX,etf,1000000
DDFD,Innovator Equity Dual Directional 15 Buffer ETF - December,Cboe BZX,etf,1000000
DDFF,Innovator Equity Dual Directional 15 Buffer ETF - February,Cboe BZX,etf,1000000
DDFG,Innovator Equity Dual Directional 15 Buffer ETF - August,Cboe BZX,etf,1000000
DDFJ,Innovator Equity Dual Directional 15 Buffer ETF - January,Cboe BZX,etf,1000000
DDFL,Innovator Equity Dual Directional 15 Buffer ETF - July,Cboe BZX,etf,1000000
DDFM,Innovator Equity Dual Directional 15 Buffer ETF - March,Cboe BZX,etf,1000000
DDFN,Innovator Equity Dual Directional 15 Buffer ETF - November,Cboe BZX,etf,1000000
DDFO,Innovator Equity Dual Directional 15 Buffer ETF - October,Cboe BZX,etf,1000000
DDFS,Innovator Equity Dual Directional 15 Buffer ETF - September,Cboe BZX,etf,1000000
DDFY,Innovator Equity Dual Directional 15 Buffer ETF - May,Cboe BZX,etf,1000000
DDFZ,Innovator Equity Dual Directional 15 Buffer ETF - June,Cboe BZX,etf,1000000
DDIV,First Trust Dorsey Wright Momentum & Dividend ETF,NASDAQ,etf,1000000
DDLS,WisdomTree Dynamic International SmallCap Equity Fund,Cboe BZX,etf,1000000
DDM,ProShares Ultra Dow30,NYSE Arca,etf,1000000
DDNQ,Innovator Growth-100 Dual Directional 5 Buffer ETF - Quarterly,Cboe BZX,etf,1000000
DDSQ,Innovator Equity Dual Directional 5 Buffer ETF - Quarterly,Cboe BZX,etf,1000000
DDTA,Innovator Equity Dual Directional 10 Buffer ETF - April,Cboe BZX,etf,1000000
DDTD,Innovator Equity Dual Directional 10 Buffer ETF - December,Cboe BZX,etf,1000000
DDTF,Innovator Equity Dual Directional 10 Buffer ETF - February,Cboe BZX,etf,1000000
DDTG,Innovator Equity Dual Directional 10 Buffer ETF - August,Cboe BZX,etf,1000000
DDTJ,Innovator Equity Dual Directional 10 Buffer ETF - January,Cboe BZX,etf,1000000
DDTL,Innovator Equity Dual Directional 10 Buffer ETF - July,Cboe BZX,etf,1000000
DDTM,Innovator Equity Dual Directional 10 Buffer ETF - March,Cboe BZX,etf,1000000
DDTN,Innovator Equity Dual Directional 10 Buffer ETF - November,Cboe BZX,etf,1000000
DDTO,Innovator Equity Dual Directional 10 Buffer ETF - October,Cboe BZX,etf,1000000
DDTS,Innovator Equity Dual Directional 10 Buffer ETF - September,Cboe BZX,etf,1000000
DDTY,Innovator Equity Dual Directional 10 Buffer ETF - May,Cboe BZX,etf,1000000
DDTZ,Innovator Equity Dual Directional 10 Buffer ETF - June,Cboe BZX,etf,1000000
DDV,Defined Duration 5 ETF,Cboe BZX,etf,1000000
DDWM,WisdomTree Dynamic International Equity Fund,Cboe BZX,etf,1000000
DDX,Defined Duration 10 ETF,Cboe BZX,etf,1000000
DDXX,Defined Duration 20 ETF,Cboe BZX,etf,1000000
DECM,FT Vest U.S. Equity Max Buffer ETF - December,Cboe BZX,etf,1000000
DECO,State Street Galaxy Digital Asset Ecosystem ETF,NASDAQ,etf,1000000
DECP,PGIM S&P 500 Buffer 12 ETF - December,Cboe BZX,etf,1000000
DECT,AllianzIM U.S. Large Cap Buffer10 Dec ETF,Cboe BZX,etf,1000000
DECU,AllianzIM U.S. Equity Buffer15 Uncapped Dec ETF,Cboe BZX,etf,1000000
DECW,AllianzIM U.S. Large Cap Buffer20 Dec ETF,Cboe BZX,etf,1000000
DECZ,TrueShares Structured Outcome (December) ETF,Cboe BZX,etf,1000000
DEED,First Trust Securitized Plus ETF,NYSE Arca,etf,1000000
DEEF,Xtrackers FTSE Developed ex US Multifactor ETF,NYSE Arca,etf,1000000
DEEP,Acquirers Small and Micro Deep Value ETF,NYSE Arca,etf,1000000
DEFR,Aptus Deferred Income ETF,Cboe BZX,etf,1000000
DEHP,Dimensional Emerging Markets High Profitability ETF,NYSE Arca,etf,1000000
DEM,WisdomTree Emerging Markets High Dividend Fund,NYSE Arca,etf,1000000
DEMZ,Democratic Large Cap Core ETF,NASDAQ,etf,1000000
DEPW,Google DeepMind AI Lab Ecosystem ETF,NYSE Arca,etf,1000000
DES,WisdomTree U.S. SmallCap Dividend Fund,NYSE Arca,etf,1000000
DESK,VanEck Office and Commercial REIT ETF,NYSE Arca,etf,1000000
DEUS,Xtrackers Russell US Multifactor ETF,NYSE Arca,etf,1000000
DEW,WisdomTree Global High Dividend Fund,NYSE Arca,etf,1000000
DEXC,Dimensional Emerging Markets ex China Core Equity ETF,NYSE Arca,etf,1000000
DFAC,Dimensional U.S. Core Equity 2 ETF,NYSE Arca,etf,1000000
DFAE,Dimensional Emerging Core Equity Market ETF,NYSE Arca,etf,1000000
DFAI,Dimensional International Core Equity Market ETF,NYSE Arca,etf,1000000
DFAL,Dimensional US Large Cap Core Equity Market ETF,Cboe BZX,etf,1000000
DFAR,DFA Real Estate Securities Portfolio ETF Class Shares,NYSE Arca,etf,1000000
DFAS,Dimensional U.S. Small Cap ETF,NYSE Arca,etf,1000000
DFAT,Dimensional U.S. Targeted Value ETF,NYSE Arca,etf,1000000
DFAU,Dimensional US Core Equity Market ETF,NYSE Arca,etf,1000000
DFAW,Dimensional World Equity ETF,NYSE Arca,etf,1000000
DFAX,Dimensional World ex U.S. Core Equity 2 ETF,NYSE Arca,etf,1000000
DFCA,Dimensional California Municipal Bond ETF,NYSE Arca,etf,1000000
DFCF,Dimensional Core Fixed Income ETF,NYSE Arca,etf,1000000
DFE,WisdomTree Europe SmallCap Dividend Fund,NYSE Arca,etf,1000000
DFEB,FT Vest U.S. Equity Deep Buffer ETF - February,Cboe BZX,etf,1000000
DFEM,Dimensional Emerging Markets Core Equity 2 ETF,NYSE Arca,etf,1000000
DFEN,Direxion Daily Aerospace & Defense Bull 3X ETF,NYSE Arca,etf,1000000
DFEV,Dimensional Emerging Markets Value ETF,NYSE Arca,etf,1000000
DFGP,Dimensional Global Core Plus Fixed Income ETF,NASDAQ,etf,1000000
DFGR,Dimensional Global Real Estate ETF,NYSE Arca,etf,1000000
DFGX,Dimensional International Core Fixed Income ETF,NASDAQ,etf,1000000
DFIC,Dimensional International Core Equity 2 ETF,Cboe BZX,etf,1000000
DFII,FT Vest Bitcoin Strategy & Target Income ETF,NYSE Arca,etf,1000000
DFIP,Dimensional Inflation-Protected Securities ETF,NYSE Arca,etf,1000000
DFIS,Dimensional International Small Cap ETF,Cboe BZX,etf,1000000
DFIV,Dimensional International Value ETF,NYSE Arca,etf,1000000
DFJ,WisdomTree Japan SmallCap Fund,NYSE Arca,etf,1000000
DFLV,Dimensional US Large Cap Value ETF,NYSE Arca,etf,1000000
DFMC,U.S. Micro Cap Portfolio: ETF Class Shares,NYSE Arca,etf,1000000
DFNL,Davis Select Financial ETF,Cboe BZX,etf,1000000
DFNM,Dimensional National Municipal Bond ETF,NYSE Arca,etf,1000000
DFSB,Dimensional Global Sustainability Fixed Income ETF,NYSE Arca,etf,1000000
DFSD,Dimensional Short-Duration Fixed Income ETF,NYSE Arca,etf,1000000
DFSE,Dimensional Emerging Markets Sustainability Core 1 ETF,NYSE Arca,etf,1000000
DFSI,Dimensional International Sustainability Core 1 ETF,NYSE Arca,etf,1000000
DFSU,Dimensional US Sustainability Core 1 ETF,NYSE Arca,etf,1000000
DFSV,US Small Cap Value Portfolio ETF Class Shares,NYSE Arca,etf,1000000
DFTT,DF Tactical 30 ETF,NYSE Arca,etf,1000000
DFUS,Dimensional U.S. Equity Market ETF,NYSE Arca,etf,1000000
DFUV,Dimensional US Marketwide Value ETF,NYSE Arca,etf,1000000
DFVE,DoubleLine Fortune 500 Equal Weight ETF,NYSE Arca,etf,1000000
DFVX,Dimensional US Large Cap Vector ETF,NYSE Arca,etf,1000000
DGAP,FT Vest U.S. Equity Buffer & Digital Return ETF - April,Cboe BZX,etf,1000000
DGCB,Dimensional Global Credit ETF,NASDAQ,etf,1000000
DGIN,VanEck Digital India ETF,NYSE Arca,etf,1000000
DGJA,FT Vest U.S. Equity Buffer & Digital Return ETF - January,Cboe BZX,etf,1000000
DGJL,FT Vest U.S. Equity Buffer & Digital Return ETF - July,Cboe BZX,etf,1000000
DGLO,First Trust RBA Deglobalization ETF,NASDAQ,etf,1000000
DGOC,FT Vest U.S. Equity Buffer & Digital Return ETF - October,Cboe BZX,etf,1000000
DGRE,WisdomTree Emerging Markets Quality Dividend Growth Fund,NASDAQ,etf,1000000
DGRO,iShares Core Dividend Growth ETF,NYSE Arca,etf,1000000
DGRS,WisdomTree U.S. SmallCap Quality Dividend Growth Fund,NASDAQ,etf,1000000
DGRW,WisdomTree U.S. Quality Dividend Growth Fund,NASDAQ,etf,1000000
DGS,WisdomTree Emerging Market SmallCap Fund,NYSE Arca,etf,1000000
DGT,State Street SPDR Global Dow ETF,NYSE Arca,etf,1000000
DHDG,FT Vest U.S. Equity Quarterly 2.5 to 15 Buffer ETF,Cboe BZX,etf,1000000
DHLX,Diamond Hill Large Cap Concentrated ETF,NYSE Arca,etf,1000000
DHS,WisdomTree U.S. High Dividend Fund,NYSE Arca,etf,1000000
DHSB,Day Hagan Smart Buffer ETF,NYSE Arca,etf,1000000
DIAL,Columbia Diversified Fixed Income Allocation ETF,NYSE Arca,etf,1000000
DICE,Tema Trading & Prediction Markets ETF,Cboe BZX,etf,1000000
DIEM,Franklin Emerging Market Core Dividend Tilt Index ETF,NYSE Arca,etf,1000000
DIG,ProShares Ultra Energy,NYSE Arca,etf,1000000
DIHP,Dimensional International High Profitability ETF,Cboe BZX,etf,1000000
DIM,WisdomTree International MidCap Dividend Fund,NYSE Arca,etf,1000000
DIME,CoinShares Altcoins ETF,NASDAQ,etf,1000000
DINE,Simplify Tax Aware Diversified Income Strategy ETF,NASDAQ,etf,1000000
DINT,Davis Select International ETF,Cboe BZX,etf,1000000
DIPR,Corgi Space & Satellite Communications ETF,Cboe BZX,etf,1000000
DIPS,YieldMax Short NVDA Option Income Strategy ETF,NYSE Arca,etf,1000000
DISK,Tema Memory ETF,NYSE Arca,etf,1000000
DISV,Dimensional International Small Cap Value ETF,Cboe BZX,etf,1000000
DIV,Global X Super Dividend ETF,NYSE Arca,etf,1000000
DIVB,iShares Core Dividend ETF,Cboe BZX,etf,1000000
DIVD,Altrius Global Dividend ETF,NASDAQ,etf,1000000
DIVE,Dana Concentrated Dividend ETF,NYSE Arca,etf,1000000
DIVG,Invesco S&P 500 High Dividend Growers ETF,NYSE Arca,etf,1000000
DIVH,Integrity Dividend Harvest ETF,NYSE Arca,etf,1000000
DIVI,Franklin International Core Dividend Tilt Index ETF,NYSE Arca,etf,1000000
DIVL,Madison Dividend Value ETF,NYSE Arca,etf,1000000
DIVN,Horizon Dividend Income ETF,Cboe BZX,etf,1000000
DIVO,Amplify CWP Enhanced Dividend Income ETF,NYSE Arca,etf,1000000
DIVP,Cullen Enhanced Equity Income ETF,NYSE Arca,etf,1000000
DIVS,Guinness Atkinson Dividend Builder ETF,NYSE Arca,etf,1000000
DIVY,Sound Equity Dividend Income ETF,NYSE,etf,1000000
DIVZ,Polen Dividend Income ETF,NYSE Arca,etf,1000000
DJAN,FT Vest U.S. Equity Deep Buffer ETF - January,Cboe BZX,etf,1000000
DJD,Invesco Dow Jones Industrial Average Dividend ETF,NYSE Arca,etf,1000000
DJIA,Global X Dow 30 Covered Call ETF,NYSE Arca,etf,1000000
DJTU,T-REX 2X Long DJT Daily Target ETF,Cboe BZX,etf,1000000
DJUL,FT Vest U.S. Equity Deep Buffer ETF - July,Cboe BZX,etf,1000000
DJUN,FT Vest U.S. Equity Deep Buffer ETF - June,Cboe BZX,etf,1000000
DLAG,FT Vest U.S. Equity Dual Directional Buffer ETF - August,Cboe BZX,etf,1000000
DLCU,U.S. Large Company Portfolio: ETF Class Shares,NASDAQ,etf,1000000
DLFE,FT Vest U.S. Equity Dual Directional Buffer ETF - February,Cboe BZX,etf,1000000
DLLL,GraniteShares 2x Long DELL Daily ETF,NASDAQ,etf,1000000
DLMY,FT Vest U.S. Equity Dual Directional Buffer ETF - May,Cboe BZX,etf,1000000
DLN,WisdomTree U.S. LargeCap Dividend Fund,NYSE Arca,etf,1000000
DLNV,FT Vest U.S. Equity Dual Directional Buffer ETF - November,Cboe BZX,etf,1000000
DLS,WisdomTree International SmallCap Fund,NYSE Arca,etf,1000000
DLUX,DoubleLine Ultrashort Income ETF,NYSE Arca,etf,1000000
DMAR,FT Vest U.S. Equity Deep Buffer ETF - March,Cboe BZX,etf,1000000
DMAX,iShares Large Cap Max Buffer Dec ETF,Cboe BZX,etf,1000000
DMAY,FT Vest U.S. Equity Deep Buffer ETF - May,Cboe BZX,etf,1000000
DMBS,DoubleLine Mortgage ETF,NYSE Arca,etf,1000000
DMX,DoubleLine Multi-Sector Income ETF,NYSE Arca,etf,1000000
DMXF,iShares ESG Advanced MSCI EAFE ETF,NASDAQ,etf,1000000
DMXU,Xtrackers Bloomberg Developed Markets ex US Equity ETF,NYSE Arca,etf,1000000
DNL,WisdomTree Global ex-U.S. Quality Growth Fund,NYSE Arca,etf,1000000
DNOV,FT Vest U.S. Equity Deep Buffer ETF - November,Cboe BZX,etf,1000000
DOCK,"Corgi Ports, Rail & Freight ETF",Cboe BZX,etf,1000000
DOCT,FT Vest U.S. Equity Deep Buffer ETF - October,Cboe BZX,etf,1000000
DOG,ProShares Short Dow30,NYSE Arca,etf,1000000
DOGG,FT Vest DJIA Dogs 10 Target Income ETF,Cboe BZX,etf,1000000
DOJE,REX-Osprey DOGE ETF,Cboe BZX,etf,1000000
DOL,WisdomTree True Developed International Fund,NYSE Arca,etf,1000000
DON,WisdomTree U.S. MidCap Dividend Fund,NYSE Arca,etf,1000000
DPRE,Virtus Duff & Phelps Real Estate Income ETF,NYSE Arca,etf,1000000
DPST,Direxion Daily Regional Banks Bull 3X ETF,NYSE Arca,etf,1000000
DQJN,FT Vest Nasdaq-100 Dual Directional Buffer ETF - June,Cboe BZX,etf,1000000
DQSE,FT Vest Nasdaq-100 Dual Directional Buffer ETF - September,Cboe BZX,etf,1000000
DRAI,Draco Evolution AI ETF,NYSE Arca,etf,1000000
DRAL,Defiance Daily Target 2X Long DRAM ETF,Cboe BZX,etf,1000000
DRAM,Roundhill Memory ETF,Cboe BZX,etf,1000000
DRAY,YieldMax DKNG Option Income Strategy ETF,NYSE Arca,etf,1000000
DRES,GMO Domestic Resilience ETF,NYSE Arca,etf,1000000
DRGN,Themes China Generative Artificial Intelligence ETF,Cboe BZX,etf,1000000
DRIP,Direxion Daily S&P Oil & Gas Exp. & Prod. Bear 2X ETF,NYSE Arca,etf,1000000
DRIV,Global X Autonomous & Electric Vehicles ETF,NASDAQ,etf,1000000
DRKY,VistaShares Target 15 DRUKMacro Distribution ETF,NYSE Arca,etf,1000000
DRLL,Strive U.S. Energy ETF,NYSE,etf,1000000
DRMP,Tuttle Capital Memory Stack Income Blast ETF,Cboe BZX,etf,1000000
DRMY,XFUNDS Memory Income ETF,NYSE Arca,etf,1000000
DRN,Direxion Daily Real Estate Bull 3X ETF,NYSE Arca,etf,1000000
DRNZ,REX Drone ETF,NASDAQ,etf,1000000
DRSK,Aptus Defined Risk ETF,Cboe BZX,etf,1000000
DRUP,GraniteShares Nasdaq Select Disruptors ETF,NYSE Arca,etf,1000000
DRV,Direxion Daily Real Estate Bear 3X ETF,NYSE Arca,etf,1000000
DRVR,Amplify S&P 500 Dividend Drivers ETF,NYSE Arca,etf,1000000
DSCO,DoubleLine Securitized Credit ETF,NYSE Arca,etf,1000000
DSEP,FT Vest U.S. Equity Deep Buffer ETF - September,Cboe BZX,etf,1000000
DSI,iShares ESG MSCI KLD 400 ETF,NYSE Arca,etf,1000000
DSMC,Distillate Small/Mid Cash Flow ETF,NYSE,etf,1000000
DSPC,Leverage Shares 1X Short SPCX Daily ETF,Cboe BZX,etf,1000000
DSPY,Tema S&P 500 Historical Weight ETF Strategy,NYSE Arca,etf,1000000
DSTL,Distillate U.S. Fundamental Stability & Value ETF,NYSE Arca,etf,1000000
DSTX,Distillate International Fundamental Stability & Value ETF,NYSE,etf,1000000
DTAN,Sparkline International Intangible Value ETF,NYSE Arca,etf,1000000
DTCR,Global X Data Center & Digital Infrastructure ETF,NASDAQ,etf,1000000
DTD,WisdomTree U.S. Total Dividend Fund,NYSE Arca,etf,1000000
DTEC,ALPS Disruptive Technologies ETF,NYSE Arca,etf,1000000
DTH,WisdomTree International High Dividend Fund,NYSE Arca,etf,1000000
DTRE,First Trust Alerian Disruptive Technology Real Estate ETF,NYSE Arca,etf,1000000
DUBS,Aptus Large Cap Enhanced Yield ETF,Cboe BZX,etf,1000000
DUG,ProShares UltraShort Energy,NYSE Arca,etf,1000000
DUHP,US High Relative Profitability Portfolio ETF Class Shares,NYSE Arca,etf,1000000
DUKH,Ocean Park High Income ETF,NASDAQ,etf,1000000
DUKQ,Ocean Park Domestic ETF,NYSE Arca,etf,1000000
DUKX,Ocean Park International ETF,NASDAQ,etf,1000000
DUKZ,Ocean Park Diversified Income ETF,NYSE Arca,etf,1000000
DUNK,Dana Unconstrained Equity ETF,NYSE Arca,etf,1000000
DUOG,Leverage Shares 2X Long DUOL Daily ETF,NASDAQ,etf,1000000
DURA,VanEck Durable High Dividend ETF,Cboe BZX,etf,1000000
DUSA,Davis Select U.S. Equity ETF,Cboe BZX,etf,1000000
DUSB,Dimensional Ultrashort Fixed Income ETF,NYSE Arca,etf,1000000
DUSG,U.S. Small Cap Growth Portfolio: ETF Class Shares,NASDAQ,etf,1000000
DUSL,Direxion Daily Industrials Bull 3X ETF,NYSE Arca,etf,1000000
DUST,Direxion Daily Gold Miners Index Bear 2X ETF,NYSE Arca,etf,1000000
DUTY,U.S. Defense ETF,NYSE Arca,etf,1000000
DVAL,BrandywineGLOBAL-Dynamic US Large Cap Value ETF,NASDAQ,etf,1000000
DVDN,Kingsbarn Dividend Opportunity ETF,NYSE Arca,etf,1000000
DVGR,DAC 3D Dividend Growth ETF,NASDAQ,etf,1000000
DVLU,First Trust Dorsey Wright Momentum & Value ETF,NASDAQ,etf,1000000
DVND,Touchstone Dividend Select ETF,NYSE Arca,etf,1000000
DVOL,First Trust Dorsey Wright Momentum & Low Volatility ETF,NASDAQ,etf,1000000
DVQQ,WEBs QQQ Defined Volatility ETF,NASDAQ,etf,1000000
DVSP,WEBs SPY Defined Volatility ETF,NASDAQ,etf,1000000
DVVY,Invesco Diversified Dividend Opportunities ETF,Cboe BZX,etf,1000000
DVY,iShares Select Dividend ETF,NASDAQ,etf,1000000
DVYA,iShares Asia / Pacific Dividend 30 Index Fund Exchange Traded Fund,NYSE Arca,etf,1000000
DVYE,iShares Emerging Markets Dividend Index Fund Exchange Traded Fund,NYSE Arca,etf,1000000
DWAS,Invesco Dorsey Wright SmallCap Momentum ETF,NASDAQ,etf,1000000
DWAW,AdvisorShares Dorsey Wright FSM All Cap World ETF,NASDAQ,etf,1000000
DWLD,Davis Select Worldwide ETF,Cboe BZX,etf,1000000
DWM,WisdomTree International Equity Fund,NYSE Arca,etf,1000000
DWMF,WisdomTree International Multifactor Fund,NYSE Arca,etf,1000000
DWSH,AdvisorShares Dorsey Wright Short ETF,NASDAQ,etf,1000000
DWUS,AdvisorShares Dorsey Wright FSM US Core ETF,NASDAQ,etf,1000000
DWWN,Principal Long Duration ETF,Cboe BZX,etf,1000000
DWX,State Street SPDR S&P International Dividend ETF,NYSE Arca,etf,1000000
DXD,ProShares UltraShort Dow30,NYSE Arca,etf,1000000
DXIV,Dimensional International Vector Equity ETF,NYSE Arca,etf,1000000
DXJ,WisdomTree Japan Hedged Equity Fund,NYSE Arca,etf,1000000
DXUV,US Vector Equity Portfolio ETF Class Shares,NYSE Arca,etf,1000000
DYFI,IDX Dynamic Fixed Income ETF,NASDAQ,etf,1000000
DYLD,LeaderShares Dynamic Yield ETF,NYSE Arca,etf,1000000
DYLG,Global X Dow 30 Covered Call & Growth ETF,NYSE Arca,etf,1000000
DYNB,Hartford Dynamic Bond ETF,NASDAQ,etf,1000000
DYNF,iShares U.S. Equity Factor Rotation Active ETF,NYSE Arca,etf,1000000
DYTA,SGI Dynamic Tactical ETF,NASDAQ,etf,1000000
EAFG,Pacer Developed Markets Cash Cows Growth Leaders ETF,NYSE Arca,etf,1000000
EAFH,Xtrackers MSCI EAFE 50% Hedged Equity ETF,Cboe BZX,etf,1000000
EAGG,iShares ESG Aware U.S. Aggregate Bond ETF,NYSE Arca,etf,1000000
EAGL,Eagle Capital Select Equity ETF,NYSE Arca,etf,1000000
EALT,Innovator U.S. Equity 5 to 15 Buffer ETF - Quarterly,Cboe BZX,etf,1000000
EAPR,Innovator Emerging Markets Power Buffer ETF April,NYSE Arca,etf,1000000
EART,Global X Rare Earth & Critical Materials ETF,NASDAQ,etf,1000000
EASY,Liberty One Defensive Dividend Growth ETF,NASDAQ,etf,1000000
EBI,Longview Advantage ETF,NASDAQ,etf,1000000
EBIT,Harbor AlphaEdge Small Cap Earners ETF,NYSE Arca,etf,1000000
EBIZ,Global X E-commerce ETF,NASDAQ,etf,1000000
EBND,State Street SPDR Bloomberg Emerging Markets Local Bond ETF,NYSE Arca,etf,1000000
EBUF,Innovator Emerging Markets 10 Buffer ETF - Quarterly,NYSE Arca,etf,1000000
ECH,iShares MSCI Chile ETF,Cboe BZX,etf,1000000
ECHX,Leverage Shares 2X Long ECHO Daily ETF,NASDAQ,etf,1000000
ECML,Euclidean Fundamental Value ETF,NYSE Arca,etf,1000000
ECNS,iShares MSCI China Small-Cap ETF,NYSE Arca,etf,1000000
ECON,Columbia Research Enhanced Emerging Economies ETF,NYSE Arca,etf,1000000
ECOW,Pacer Emerging Markets Cash Cows 100 ETF,NASDAQ,etf,1000000
EDC,Direxion Emerging Markets Bull 3X ETF,NYSE Arca,etf,1000000
EDEN,iShares MSCI Denmark ETF,Cboe BZX,etf,1000000
EDGE,MRBL Enhanced Equity ETF,Cboe BZX,etf,1000000
EDGF,3EDGE Dynamic Fixed Income ETF,NYSE Arca,etf,1000000
EDGH,3EDGE Dynamic Hard Assets ETF,NYSE Arca,etf,1000000
EDGI,3EDGE Dynamic International Equity ETF,NYSE Arca,etf,1000000
EDGQ,Global X Nasdaq-100 Income Edge ETF,NYSE Arca,etf,1000000
EDGU,3EDGE Dynamic US Equity ETF,NYSE Arca,etf,1000000
EDGX,Global X U.S. 500 Income Edge ETF,NYSE Arca,etf,1000000
EDIV,State Street SPDR S&P Emerging Markets Dividend ETF,NYSE Arca,etf,1000000
EDOG,ALPS Emerging Sector Dividend Dogs ETF,NYSE Arca,etf,1000000
EDOW,First Trust Dow 30 Equal Weight ETF,NYSE Arca,etf,1000000
EDV,Vanguard Extended Duration Treasury ETF,NYSE Arca,etf,1000000
EDZ,Direxion Emerging Markets Bear 3X ETF,NYSE Arca,etf,1000000
EEE,CYBER HORNET S&P 500 and Ethereum 75/25 Strategy ETF,NASDAQ,etf,1000000
EELV,Invesco S&P Emerging Markets Low Volatility ETF,NYSE Arca,etf,1000000
EEM,iShares MSCI Emerging Index Fund,NYSE Arca,etf,1000000
EEMA,iShares MSCI Emerging Markets Asia ETF,NASDAQ,etf,1000000
EEMO,Invesco S&P Emerging Markets Momentum ETF,NYSE Arca,etf,1000000
EEMS,iShares MSCI Emerging Markets Small Cap ETF,NYSE Arca,etf,1000000
EEMV,iShares MSCI Emerging Markets Min Vol Factor ETF,Cboe BZX,etf,1000000
EEMX,State Street SPDR MSCI Emerging Markets Fossil Fuel Reserves Free ETF,NYSE Arca,etf,1000000
EES,WisdomTree U.S. SmallCap Fund,NYSE Arca,etf,1000000
EET,ProShares Ultra MSCI Emerging Markets,NYSE Arca,etf,1000000
EETH,ProShares Ether ETF,NYSE Arca,etf,1000000
EEV,ProShares UltraShort MSCI Emerging Markets,NYSE Arca,etf,1000000
EFA,iShares MSCI EAFE ETF,NYSE Arca,etf,1000000
EFAA,Invesco MSCI EAFE Income Advantage ETF,NYSE Arca,etf,1000000
EFAD,ProShares MSCI EAFE Dividend Growers ETF,Cboe BZX,etf,1000000
EFAS,Global X MSCI SuperDividend EAFE ETF,NASDAQ,etf,1000000
EFAV,iShares MSCI EAFE Min Vol Factor ETF,Cboe BZX,etf,1000000
EFAX,State Street SPDR MSCI EAFE Fossil Fuel Reserves Free ETF,NYSE Arca,etf,1000000
EFFE,Harbor Osmosis Emerging Markets Resource Efficient ETF,NYSE Arca,etf,1000000
EFFI,Harbor Osmosis International Resource Efficient ETF,NYSE Arca,etf,1000000
EFG,iShares MSCI EAFE Growth ETF,Cboe BZX,etf,1000000
EFIV,State Street SPDR S&P 500 ESG ETF,NYSE Arca,etf,1000000
EFNL,iShares MSCI Finland ETF,Cboe BZX,etf,1000000
EFO,ProShares Ultra MSCI EAFE,NYSE Arca,etf,1000000
EFRA,iShares Environmental Infrastructure and Industrials ETF,NASDAQ,etf,1000000
EFU,ProShares UltraShort MSCI EAFE,NYSE Arca,etf,1000000
EFV,iShares MSCI EAFE Value ETF,Cboe BZX,etf,1000000
EFZ,ProShares Short MSCI EAFE,NYSE Arca,etf,1000000
EGGQ,NestYield Visionary ETF,NASDAQ,etf,1000000
EGGS,NestYield Total Return Guard ETF,NYSE Arca,etf,1000000
EGGY,NestYield Dynamic Income ETF,NYSE Arca,etf,1000000
EGLE,Global X S&P 500 U.S. Revenue Leaders ETF,NYSE Arca,etf,1000000
EGUS,iShares ESG Aware MSCI USA Growth ETF,Cboe BZX,etf,1000000
EHCC,Global X Ethereum Covered Call ETF,Cboe BZX,etf,1000000
EHLS,Even Herd Long Short ETF,NASDAQ,etf,1000000
EHY,Amplify Ethereum Max Income Covered Call ETF,Cboe BZX,etf,1000000
EIDO,iShares MSCI Indonesia ETF,NYSE Arca,etf,1000000
EINC,VanEck Energy Income ETF,NYSE Arca,etf,1000000
EIPI,FT Energy Income Partners Enhanced Income ETF,NYSE Arca,etf,1000000
EIPX,FT Energy Income Partners Strategy ETF,NYSE Arca,etf,1000000
EIRL,iShares MSCI Ireland ETF,NYSE Arca,etf,1000000
EIS,iShares MSCI Israel ETF,NYSE Arca,etf,1000000
EJAN,Innovator Emerging Markets Power Buffer ETF January,NYSE Arca,etf,1000000
EJUL,Innovator Emerging Markets Power Buffer ETF July,NYSE Arca,etf,1000000
EKG,First Trust Nasdaq Lux Digital Health Solutions ETF,NASDAQ,etf,1000000
ELCV,Strategy Shares Eventide High Dividend ETF,NYSE Arca,etf,1000000
ELD,WisdomTree Emerging Markets Local Debt Fund,NYSE Arca,etf,1000000
ELFY,ALPS Electrification Infrastructure ETF,NASDAQ,etf,1000000
ELIL,Direxion Daily LLY Bull 2X ETF,NASDAQ,etf,1000000
ELM,Elm Market Navigator ETF,NYSE Arca,etf,1000000
ELOL,Leverage Shares 100% TSLA AND 100% SPCX Daily ETF,NASDAQ,etf,1000000
EMAU,Corgi Emerging Markets Equities 15% Structured Buffer ETF - August Series,Cboe BZX,etf,1000000
EMB,iShares J.P. Morgan USD Emerging Markets Bond ETF,NASDAQ,etf,1000000
EMBD,Global X Emerging Markets Bond ETF,NYSE Arca,etf,1000000
EMBX,VanEck Emerging Markets Bond ETF,NYSE Arca,etf,1000000
EMC,Global X Emerging Markets Great Consumer ETF,NYSE Arca,etf,1000000
EMCB,WisdomTree Emerging Markets Corporate Bond Fund,NASDAQ,etf,1000000
EMCR,Xtrackers Emerging Markets Carbon Reduction and Climate Improvers ETF,NYSE Arca,etf,1000000
EMCS,Xtrackers MSCI Emerging Markets Select ETF,NYSE Arca,etf,1000000
EMDM,First Trust Bloomberg Emerging Market Democracies ETF,NYSE Arca,etf,1000000
EMDV,ProShares MSCI Emerging Markets Dividend Growers ETF,Cboe BZX,etf,1000000
EMEM,Sophus Capital Emerging Market ETF,NASDAQ,etf,1000000
EMEQ,Nomura Focused Emerging Markets Equity ETF,NASDAQ,etf,1000000
EMES,Harbor Emerging Markets Select ETF,NYSE Arca,etf,1000000
EMET,VanEck Copper and Electrification Metals ETF,NYSE Arca,etf,1000000
EMFI,Pictet Emerging Markets Debt ETF,NYSE Arca,etf,1000000
EMGF,iShares Emerging Markets Equity Factor ETF,Cboe BZX,etf,1000000
EMHC,State Street SPDR Bloomberg Emerging Markets USD Bond ETF,NYSE Arca,etf,1000000
EMHY,iShares J.P. Morgan EM High Yield Bond ETF,Cboe BZX,etf,1000000
EMIF,iShares Emerging Markets Infrastructure ETF,NASDAQ,etf,1000000
EMJL,Corgi Emerging Markets Equities 15% Structured Buffer ETF - July Series,Cboe BZX,etf,1000000
EMJN,Corgi Emerging Markets Equities 15% Structured Buffer ETF - June Series,Cboe BZX,etf,1000000
EMKT,Lazard Emerging Markets Opportunities ETF,NYSE Arca,etf,1000000
EMLC,VanEck J. P. Morgan EM Local Currency Bond ET,NYSE Arca,etf,1000000
EMLP,First Trust North American Energy Infrastructure Fund,NYSE Arca,etf,1000000
EMM,Global X Emerging Markets ex-China ETF,NYSE Arca,etf,1000000
EMMF,WisdomTree Emerging Markets Multifactor Fund,NYSE Arca,etf,1000000
EMMY,Corgi Emerging Markets Equities 15% Structured Buffer ETF - May Series,Cboe BZX,etf,1000000
EMNT,PIMCO Enhanced Short Maturity Active ESG Exchange-Traded Fund,NYSE Arca,etf,1000000
EMOP,AB Emerging Markets Opportunities ETF,NYSE Arca,etf,1000000
EMOT,First Trust S&P 500 Economic Moat ETF,NYSE Arca,etf,1000000
EMPB,Efficient Market Portfolio Plus ETF,NYSE Arca,etf,1000000
EMQQ,EMQQ The Emerging Markets Internet ETF,NYSE Arca,etf,1000000
EMSC,Sophus Capital Emerging Market Small Cap ETF,NASDAQ,etf,1000000
EMSE,Corgi Emerging Markets Equities 15% Structured Buffer ETF - September Series,Cboe BZX,etf,1000000
EMSF,Matthews Emerging Markets Sustainable Future Active ETF,NYSE Arca,etf,1000000
EMTY,ProShares Decline of the Retail Store ETF,NYSE Arca,etf,1000000
EMXC,iShares MSCI Emerging Markets ex China ETF,NASDAQ,etf,1000000
EMXF,iShares ESG Advanced MSCI EM ETF,NASDAQ,etf,1000000
EMXX,Corgi Emerging Markets 2x Daily ETF,Cboe BZX,etf,1000000
ENDW,Cambria Endowment Style ETF,NASDAQ,etf,1000000
ENFR,Alerian Energy Infrastructure ETF,NYSE Arca,etf,1000000
ENHE,iShares Enhanced Emerging Markets Active ETF,NASDAQ,etf,1000000
ENHI,iShares Enhanced International Active ETF,NASDAQ,etf,1000000
ENHU,iShares Enhanced Large Cap Core Active ETF,NASDAQ,etf,1000000
ENOR,iShares MSCI Norway ETF,Cboe BZX,etf,1000000
ENRG,Ninepoint North American Energy Independence ETF,NYSE Arca,etf,1000000
ENTL,Leverage Shares 2X Long ENTG Daily ETF,Cboe BZX,etf,1000000
ENZL,iShares MSCI New Zealand ETF,NASDAQ,etf,1000000
EO,Corgi EOSE 2x Daily ETF,Cboe BZX,etf,1000000
EOCT,Innovator Emerging Markets Power Buffer ETF - October,NYSE Arca,etf,1000000
EOSU,T-REX 2X Long EOSE Daily Target ETF,Cboe BZX,etf,1000000
EPAI,Harbor AI Inflection Strategy ETF,NYSE Arca,etf,1000000
EPEM,Harbor Emerging Markets Equity ETF,NYSE Arca,etf,1000000
EPHE,iShares MSCI Philippines ETF,NYSE Arca,etf,1000000
EPI,WisdomTree India Earnings Fund,NYSE Arca,etf,1000000
EPIN,Harbor International Equity ETF,NYSE Arca,etf,1000000
EPMB,Harbor Mid Cap Core ETF,NYSE Arca,etf,1000000
EPMV,Harbor Mid Cap Value ETF,NYSE Arca,etf,1000000
EPOL,iShares MSCI Poland ETF,NYSE Arca,etf,1000000
EPP,iShares MSCI Pacific Ex-Japan Index Fund,NYSE Arca,etf,1000000
EPS,WisdomTree U.S. LargeCap Fund,NYSE Arca,etf,1000000
EPSB,Harbor SMID Cap Core ETF,NYSE Arca,etf,1000000
EPSV,Harbor SMID Cap Value ETF,NYSE Arca,etf,1000000
EPU,iShares MSCI Peru and Global Exposure ETF,NYSE Arca,etf,1000000
EPV,ProShares UltraShort FTSE Europe ETF,NYSE Arca,etf,1000000
EQAL,Invesco Russell 1000 Equal Weight ETF,NYSE Arca,etf,1000000
EQIN,Columbia U.S. Equity Income ETF,NYSE Arca,etf,1000000
EQL,ALPS Equal Sector Weight ETF,NYSE Arca,etf,1000000
EQLT,iShares MSCI Emerging Markets Quality Factor ETF,Cboe BZX,etf,1000000
EQQQ,ProShares Ultra QQQ Equal Weight,NASDAQ,etf,1000000
EQRR,ProShares Equities for Rising Rates ETF,NASDAQ,etf,1000000
EQTY,Kovitz Core Equity ETF,NYSE Arca,etf,1000000
EQWL,Invesco S&P 100 Equal Weight ETF,NYSE Arca,etf,1000000
ERET,iShares Environmentally Aware Real Estate ETF,NASDAQ,etf,1000000
ERTH,Invesco MSCI Sustainable Future ETF,NYSE Arca,etf,1000000
ERX,Direxion Energy Bull 2X ETF,NYSE Arca,etf,1000000
ERY,Direxion Daily Energy Bear 2X ETF,NYSE Arca,etf,1000000
ESBG,"First Trust Enhanced Stocks, Bonds & Gold ETF",NYSE Arca,etf,1000000
ESG,Northern Trust STOXX US ESG Select ETF,Cboe BZX,etf,1000000
ESGD,iShares ESG Aware MSCI EAFE ETF,NASDAQ,etf,1000000
ESGE,iShares ESG Aware MSCI EM ETF,NASDAQ,etf,1000000
ESGG,Northern Trust STOXX Global ESG Select ETF,Cboe BZX,etf,1000000
ESGU,iShares ESG Aware MSCI USA ETF,NASDAQ,etf,1000000
ESGV,Vanguard ESG U.S. Stock ETF,Cboe BZX,etf,1000000
ESIM,Eventide International ETF,NYSE Arca,etf,1000000
ESLG,Eventide Large Cap Growth ETF,NYSE Arca,etf,1000000
ESLV,Eventide Large Cap Value ETF,NYSE Arca,etf,1000000
ESML,iShares ESG Aware MSCI USA Small-Cap ETF,Cboe BZX,etf,1000000
ESMV,iShares ESG Optimized MSCI USA Min Vol Factor ETF,NASDAQ,etf,1000000
ESN,Essential 40 Stock ETF,NASDAQ,etf,1000000
ESPO,VanEck Video Gaming and eSports ETF,NASDAQ,etf,1000000
ESSC,Eventide Small Cap ETF,NYSE Arca,etf,1000000
ESUM,Eventide US Market ETF,NYSE Arca,etf,1000000
ETCO,Grayscale Ethereum High Income ETF,NYSE Arca,etf,1000000
ETEC,iShares Breakthrough Environmental Solutions ETF,NASDAQ,etf,1000000
ETFT,Fundsmith Equity ETF,NYSE Arca,etf,1000000
ETHD,ProShares UltraShort Ether ETF,NYSE Arca,etf,1000000
ETHO,Amplify Etho Climate Leadership U.S. ETF,NYSE Arca,etf,1000000
ETHT,ProShares Ultra Ether ETF,NYSE Arca,etf,1000000
ETHU,2x Ether ETF,Cboe BZX,etf,1000000
ETNG,Leverage Shares 2X Long ETN Daily ETF,Cboe BZX,etf,1000000
ETTY,Amplify Ethereum 3% Monthly Option Income ETF,Cboe BZX,etf,1000000
ETU,T-Rex 2X Long Ether Daily Target ETF,Cboe BZX,etf,1000000
EUAD,Select STOXX Europe Aerospace & Defense ETF,Cboe BZX,etf,1000000
EUDG,WisdomTree Europe Quality Dividend Growth Fund,NYSE Arca,etf,1000000
EUDV,ProShares MSCI Europe Dividend Growers ETF,Cboe BZX,etf,1000000
EUFN,iShares MSCI Europe Financials ETF,NASDAQ,etf,1000000
EUHY,iShares Euro High Yield Corporate Bond USD Hedged ETF,Cboe BZX,etf,1000000
EUIG,iShares Euro Investment Grade Corporate Bond USD Hedged ETF,Cboe BZX,etf,1000000
EUM,ProShares Short MSCI Emerging Markets,NYSE Arca,etf,1000000
EURL,Direxion Daily FTSE Europe Bull 3X ETF,NYSE Arca,etf,1000000
EUSA,iShares MSCI USA Equal Weighted ETF,NYSE Arca,etf,1000000
EUSB,iShares ESG Advanced Universal USD Bond ETF,NYSE Arca,etf,1000000
EUV,Corgi Lithography & Semiconductor Photonics ETF,Cboe BZX,etf,1000000
EUVX,Corgi Lithography & Semiconductor Photonics 2x Daily ETF,Cboe BZX,etf,1000000
EVHY,Eaton Vance High Yield ETF,NYSE Arca,etf,1000000
EVIM,Eaton Vance Intermediate Municipal Income ETF,NYSE Arca,etf,1000000
EVLN,Eaton Vance Floating-Rate ETF,NYSE Arca,etf,1000000
EVLU,iShares MSCI Emerging Markets Value Factor ETF,Cboe BZX,etf,1000000
EVMO,Eaton Vance Mortgage Opportunities ETF,NYSE Arca,etf,1000000
EVMT,Invesco Electric Vehicle Metals Commodity Strategy No K-1 ETF,NASDAQ,etf,1000000
EVMU,Direxion Daily Ether Bull 2X ETF,NYSE Arca,etf,1000000
EVNT,AltShares Event-Driven ETF,NYSE Arca,etf,1000000
EVSB,Eaton Vance Ultra-Short Income ETF,NYSE Arca,etf,1000000
EVSD,Eaton Vance Short Duration Income ETF,NASDAQ,etf,1000000
EVSM,Eaton Vance Short Duration Municipal Income ETF,NYSE Arca,etf,1000000
EVTR,Eaton Vance Total Return Bond ETF,NYSE,etf,1000000
EVUS,iShares ESG Aware MSCI USA Value ETF,Cboe BZX,etf,1000000
EVX,VanEck Environmental Services ETF,NYSE Arca,etf,1000000
EVYM,Eaton Vance High Income Municipal ETF,NASDAQ,etf,1000000
EWA,iShares MSCI Australia Index Fund,NYSE Arca,etf,1000000
EWC,iShares MSCI Canada Index Fund,NYSE Arca,etf,1000000
EWD,iShares MSCI Sweden ETF,NYSE Arca,etf,1000000
EWG,iShares MSCI Germany Index Fund,NYSE Arca,etf,1000000
EWH,iShares MSCI Hong Kong Index Fund,NYSE Arca,etf,1000000
EWI,iShares MSCI Italy ETF,NYSE Arca,etf,1000000
EWJ,iShares MSCI Japan Index Fund,NYSE Arca,etf,1000000
EWJV,iShares MSCI Japan Value ETF,NASDAQ,etf,1000000
EWK,iShares MSCI Belgium ETF,NYSE Arca,etf,1000000
EWL,iShares MSCI Switzerland ETF,NYSE Arca,etf,1000000
EWM,iShares MSCI Malaysia Index Fund,NYSE Arca,etf,1000000
EWN,iShares MSCI Netherlands Index Fund,NYSE Arca,etf,1000000
EWO,iShares MSCI Austria ETF,NYSE Arca,etf,1000000
EWP,iShares MSCI Spain ETF,NYSE Arca,etf,1000000
EWQ,iShares MSCI France Index Fund,NYSE Arca,etf,1000000
EWS,iShares MSCI Singapore ETF,NYSE Arca,etf,1000000
EWT,iShares MSCI Taiwan ETF,NYSE Arca,etf,1000000
EWU,iShares MSCI United Kingdom ETF,NYSE Arca,etf,1000000
EWUS,iShares MSCI United Kingdom Small Cap ETF,Cboe BZX,etf,1000000
EWV,ProShares UltraShort MSCI Japan,NYSE Arca,etf,1000000
EWW,iShares MSCI Mexico ETF,NYSE Arca,etf,1000000
EWX,State Street SPDR S&P Emerging Markets Small Cap ETF,NYSE Arca,etf,1000000
EWY,iShares MSCI South Korea ETF,NYSE Arca,etf,1000000
EWZ,iShares MSCI Brazil ETF,NYSE Arca,etf,1000000
EWZS,iShares MSCI Brazil Small-Cap ETF,NASDAQ,etf,1000000
EXEQ,Wedbush ReturnOnLeadership U.S. Large-Cap ETF,NYSE Arca,etf,1000000
EXI,iShares Global Industrials ETF,NYSE Arca,etf,1000000
EXPN,Horizon Expansion Leaders ETF,Cboe BZX,etf,1000000
EXUS,Nomura Focused International Core ETF,NASDAQ,etf,1000000
EYEG,AB Corporate Bond ETF,NASDAQ,etf,1000000
EYES,Corgi Data & Surveillance ETF,Cboe BZX,etf,1000000
EYLD,Cambria Emerging Shareholder Yield ETF,Cboe BZX,etf,1000000
EZA,iShares MSCI South Africa Index Fund,NYSE Arca,etf,1000000
EZJ,ProShares Ultra MSCI Japan,NYSE Arca,etf,1000000
EZM,WisdomTree U.S. MidCap Fund,NYSE Arca,etf,1000000
EZMO,AlphaDroid Broad Markets Momentum ETF,NASDAQ,etf,1000000
EZRO,AlphaDroid Defensive Sector Rotation ETF,NASDAQ,etf,1000000
EZU,iShares MSCI Eurozone ETF,Cboe BZX,etf,1000000
FAAA,Fidelity AAA CLO ETF,NASDAQ,etf,1000000
FAAR,First Trust Alternative Absolute Return Strategy ETF,NASDAQ,etf,1000000
FAB,First Trust Multi Cap Value AlphaDEX Fund,NASDAQ,etf,1000000
FAD,First Trust Multi Cap Growth AlphaDEX Fund,NASDAQ,etf,1000000
FAI,First Trust Bloomberg Artificial Intelligence ETF,NYSE Arca,etf,1000000
FALN,iShares Fallen Angels USD Bond ETF,NASDAQ,etf,1000000
FAN,First Trust Global Wind Energy ETF,NYSE Arca,etf,1000000
FAPR,FT Vest U.S. Equity Buffer ETF - April,Cboe BZX,etf,1000000
FARX,Frontier Asset Absolute Return ETF,NYSE Arca,etf,1000000
FAS,Direxion Financial Bull 3X ETF,NYSE Arca,etf,1000000
FAUG,FT Vest U.S. Equity Buffer ETF - August,Cboe BZX,etf,1000000
FAZ,Direxion Financial Bear 3X ETF,NYSE Arca,etf,1000000
FB,ProShares S&P 500 Dynamic Buffer ETF,Cboe BZX,etf,1000000
FBCG,Fidelity Blue Chip Growth ETF,Cboe BZX,etf,1000000
FBCV,Fidelity Blue Chip Value ETF,Cboe BZX,etf,1000000
FBDC,FT Confluence BDC & Specialty Finance Income ETF,NYSE Arca,etf,1000000
FBL,GraniteShares 2x Long META Daily ETF,NASDAQ,etf,1000000
FBND,Fidelity Total Bond ETF,NYSE Arca,etf,1000000
FBOT,Fidelity Disruptive Automation ETF,NASDAQ,etf,1000000
FBT,First Trust Amex Biotech Index Fund,NYSE Arca,etf,1000000
FBUF,Fidelity Dynamic Buffered Equity ETF,Cboe BZX,etf,1000000
FBX,Corgi META 2x Daily ETF,Cboe BZX,etf,1000000
FBY,YieldMax META Option Income Strategy ETF,NYSE Arca,etf,1000000
FBYY,GraniteShares YieldBOOST META ETF,NASDAQ,etf,1000000
FCA,First Trust China AlphaDEX Fund,NASDAQ,etf,1000000
FCAL,First Trust California Municipal High income ETF,NASDAQ,etf,1000000
FCBD,Frontier Asset Core Bond ETF,NYSE Arca,etf,1000000
FCEF,First Trust Income Opportunities ETF,NASDAQ,etf,1000000
FCFY,First Trust S&P 500 Diversified Free Cash Flow ETF,NYSE Arca,etf,1000000
FCG,First Trust Natural Gas ETF,NYSE Arca,etf,1000000
FCLD,Fidelity Cloud Computing ETF,Cboe BZX,etf,1000000
FCLO,Fidelity CLO ETF,NASDAQ,etf,1000000
FCOM,Fidelity MSCI Communication Services Index ETF,NYSE Arca,etf,1000000
FCOR,Fidelity Corporate Bond ETF,NYSE Arca,etf,1000000
FCPI,Fidelity Stocks for Inflation ETF,Cboe BZX,etf,1000000
FCSH,Federated Hermes Short Duration Corporate ETF,NYSE Arca,etf,1000000
FCTE,SMI 3Fourteen Full-Cycle Trend ETF,NASDAQ,etf,1000000
FCTR,First Trust Lunt U.S. Factor Rotation ETF,Cboe BZX,etf,1000000
FCUS,Pinnacle Focused Opportunities ETF,NYSE Arca,etf,1000000
FCVT,First Trust SSI Strategic Convertible Securities ETF,NASDAQ,etf,1000000
FCXG,Leverage Shares 2x Long FCX Daily ETF,NASDAQ,etf,1000000
FDAT,Tactical Advantage ETF,NYSE Arca,etf,1000000
FDCF,Fidelity Disruptive Communications ETF,NASDAQ,etf,1000000
FDD,First Trust STOXX European Select Dividend Index Fund,NYSE Arca,etf,1000000
FDEC,FT Vest U.S. Equity Buffer ETF - December,Cboe BZX,etf,1000000
FDEM,Fidelity Emerging Markets Multifactor ETF,Cboe BZX,etf,1000000
FDEV,Fidelity International Multifactor ETF,Cboe BZX,etf,1000000
FDFF,Fidelity Disruptive Finance ETF,NASDAQ,etf,1000000
FDG,American Century Focused Dynamic Growth ETF,NYSE Arca,etf,1000000
FDHY,Fidelity Enhanced High Yield ETF,NYSE Arca,etf,1000000
FDIF,Fidelity Disruptors ETF,NASDAQ,etf,1000000
FDIG,Fidelity Crypto Industry and Digital Payments ETF,NASDAQ,etf,1000000
FDIQ,Invesco Bloomberg Financial Data Providers ETF,NASDAQ,etf,1000000
FDIS,Fidelity MSCI Consumer Discretionary Index ETF,NYSE Arca,etf,1000000
FDIV,MarketDesk Focused U.S. Dividend ETF,NASDAQ,etf,1000000
FDL,First Trust Morningstar ETF,NYSE Arca,etf,1000000
FDLO,Fidelity Low Volatility Factor ETF,NYSE Arca,etf,1000000
FDLS,Inspire Fidelis Multi Factor ETF,NYSE Arca,etf,1000000
FDM,First Trust DJ Select MicroCap ETF,NYSE Arca,etf,1000000
FDMO,Fidelity Momentum Factor ETF,NYSE Arca,etf,1000000
FDN,First Trust DJ Internet Index Fund,NYSE Arca,etf,1000000
FDND,FT Vest Dow Jones Internet & Target Income ETF,Cboe BZX,etf,1000000
FDNI,First Trust Dow Jones International Internet ETF,NASDAQ,etf,1000000
FDRR,Fidelity Dividend ETF for Rising Rates,NYSE Arca,etf,1000000
FDRS,Founder-Led ETF,NASDAQ,etf,1000000
FDRV,Fidelity Electric Vehicles and Future Transportation ETF,Cboe BZX,etf,1000000
FDRX,Founder-Led 2X Daily ETF,NASDAQ,etf,1000000
FDT,First Trust Developed Markets Ex-US AlphaDEX Fund,NASDAQ,etf,1000000
FDTS,First Trust Developed Markets ex-US Small Cap AlphaDEX Fund,NASDAQ,etf,1000000
FDTX,Fidelity Disruptive Technology ETF,NASDAQ,etf,1000000
FDV,Federated Hermes U.S. Strategic Dividend ETF,NYSE Arca,etf,1000000
FDVV,Fidelity High Dividend ETF,NYSE Arca,etf,1000000
FEAC,Fidelity Enhanced U.S. All-Cap Equity ETF,NYSE Arca,etf,1000000
FEBM,FT Vest U.S. Equity Max Buffer ETF - February,Cboe BZX,etf,1000000
FEBP,PGIM S&P 500 Buffer 12 ETF - February,Cboe BZX,etf,1000000
FEBT,AllianzIM U.S. Large Cap Buffer10 Feb ETF,Cboe BZX,etf,1000000
FEBU,AllianzIM U.S. Equity Buffer15 Uncapped Feb ETF,Cboe BZX,etf,1000000
FEBW,AllianzIM U.S. Large Cap Buffer20 Feb ETF,Cboe BZX,etf,1000000
FEBZ,TrueShares Structured Outcome (February) ETF,Cboe BZX,etf,1000000
FECM,First Eagle Core Municipal ETF,NYSE Arca,etf,1000000
FEDM,Northern Trust ESG & Climate Developed Markets ex-US Core ETF,NYSE Arca,etf,1000000
FEGE,First Eagle Global Equity ETF,NYSE,etf,1000000
FEIG,Northern Trust ESG & Climate Investment Grade Corporate Core ETF,NYSE Arca,etf,1000000
FELC,Fidelity Enhanced Large Cap Core ETF,NYSE Arca,etf,1000000
FELG,Fidelity Enhanced Large Cap Growth ETF,NYSE Arca,etf,1000000
FELV,Fidelity Enhanced Large Cap Value ETF,NYSE Arca,etf,1000000
FEM,First Trust Emerging Markets AlphaDEX Fund,NASDAQ,etf,1000000
FEMB,First Trust Emerging Markets Local Currency Bond ETF,NASDAQ,etf,1000000
FEMD,First Eagle Mid Cap Equity ETF,NYSE Arca,etf,1000000
FEMG,Fidelity Enhanced Mid Cap Growth ETF,NYSE Arca,etf,1000000
FEMR,Fidelity Enhanced Emerging Markets ETF,NYSE Arca,etf,1000000
FEMS,First Trust Emerging Markets Small Cap AlphaDEX Fund,NASDAQ,etf,1000000
FEMV,Fidelity Enhanced Mid Cap Value ETF,NYSE Arca,etf,1000000
FENI,Fidelity Enhanced International ETF,NYSE Arca,etf,1000000
FENY,Fidelity MSCI Energy Index ETF,NYSE Arca,etf,1000000
FEOE,First Eagle Overseas Equity ETF,NYSE,etf,1000000
FEP,First Trust Europe AlphaDEX Fund,NASDAQ,etf,1000000
FEPI,REX FANG & Innovation Equity Premium Income ETF,NASDAQ,etf,1000000
FESC,First Eagle Small Cap Equity ETF,NYSE Arca,etf,1000000
FESM,Fidelity Enhanced Small Cap Core ETF,NYSE Arca,etf,1000000
FEUS,Northern Trust ESG & Climate US Large Cap Core ETF,NYSE Arca,etf,1000000
FEUZ,First Trust Eurozone AlphaDEX ETF,NASDAQ,etf,1000000
FEX,First Trust Large Cap Core AlphaDEX Fund,NASDAQ,etf,1000000
FEZ,State Street SPDR EURO STOXX 50 ETF,NYSE Arca,etf,1000000
FFDI,Fidelity Fundamental Developed International ETF,Cboe BZX,etf,1000000
FFEB,FT Vest U.S. Equity Buffer ETF - February,Cboe BZX,etf,1000000
FFEM,Fidelity Fundamental Emerging Markets ETF,Cboe BZX,etf,1000000
FFF,Founders 100 ETF,Cboe BZX,etf,1000000
FFGX,Fidelity Fundamental Global ex-U.S. ETF,Cboe BZX,etf,1000000
FFIU,UVA Unconstrained Medium-Term Fixed Income ETF,NYSE Arca,etf,1000000
FFLC,Fidelity Fundamental Large Cap Core ETF,Cboe BZX,etf,1000000
FFLG,Fidelity Fundamental Large Cap Growth ETF,Cboe BZX,etf,1000000
FFLS,The Future Fund Long/Short ETF,NYSE Arca,etf,1000000
FFLV,Fidelity Fundamental Large Cap Value ETF,Cboe BZX,etf,1000000
FFLX,First Trust Flexible Income ETF,NYSE Arca,etf,1000000
FFND,One Global ETF,NYSE Arca,etf,1000000
FFOG,Franklin Focused Growth ETF,Cboe BZX,etf,1000000
FFOX,FundX Future Fund Opportunities ETF,NYSE Arca,etf,1000000
FFR,FF EAI Robotics Ecosystem Inc.,NASDAQ,stock,1000000
FFSM,Fidelity Fundamental Small-Mid Cap ETF,Cboe BZX,etf,1000000
FFTY,CapForce IBD 50 ETF,NYSE Arca,etf,1000000
FFUT,Fidelity Managed Futures ETF,NASDAQ,etf,1000000
FGD,First Trust DJ Global Select Dividend,NYSE Arca,etf,1000000
FGM,First Trust Germany AlphaDEX Fund,NASDAQ,etf,1000000
FGRU,T-REX 2X Long FIGR Daily Target ETF,Cboe BZX,etf,1000000
FGSI,FT Vest Growth Strength & Target Income ETF,NASDAQ,etf,1000000
FGSM,Frontier Asset Global Small Cap Equity ETF,NYSE Arca,etf,1000000
FHDG,FT Vest U.S. Equity Quarterly Dynamic Buffer ETF,Cboe BZX,etf,1000000
FHEQ,Fidelity Hedged Equity ETF,Cboe BZX,etf,1000000
FHIL,Federated Hermes International Leaders ETF,Cboe BZX,etf,1000000
FHLC,Fidelity MSCI Health Care Index ETF,NYSE Arca,etf,1000000
FHYS,Federated Hermes Short Duration High Yield ETF,NYSE Arca,etf,1000000
FIAT,YieldMax Short COIN Option Income Strategy ETF,NYSE Arca,etf,1000000
FIAX,Nicholas Fixed Income Alternative ETF,NYSE Arca,etf,1000000
FICS,First Trust International Developed Capital Strength ETF,NASDAQ,etf,1000000
FID,First Trust S&P International Dividend Aristocrats ETF,NASDAQ,etf,1000000
FIDI,Fidelity International High Dividend ETF,NYSE Arca,etf,1000000
FIDU,Fidelity MSCI Industrials Index ETF,NYSE Arca,etf,1000000
FIGB,Fidelity Investment Grade Bond ETF,NYSE Arca,etf,1000000
FIGG,Leverage Shares 2x Long FIG Daily ETF,NASDAQ,etf,1000000
FIIG,First Trust Intermediate Duration Investment Grade Corporate ETF,NYSE Arca,etf,1000000
FIMU,Fidelity Intermediate Municipal Income ETF,NASDAQ,etf,1000000
FINA,Fidelity MSCI North American Subset Index ETF,NYSE Arca,etf,1000000
FINT,Frontier Asset Total International Equity ETF,NYSE Arca,etf,1000000
FINX,Global X FinTech ETF,NASDAQ,etf,1000000
FINY,GraniteShares YieldBOOST Financials ETF,NASDAQ,etf,1000000
FISR,State Street Fixed Income Sector Rotation ETF,NYSE Arca,etf,1000000
FITE,State Street SPDR S&P Kensho Future Security ETF,NYSE Arca,etf,1000000
FITZ,Fitz-Gerald Must Have Portfolio ETF,NYSE Arca,etf,1000000
FIVA,Fidelity International Value Factor ETF,NYSE Arca,etf,1000000
FIW,First Trust Water ETF,NYSE Arca,etf,1000000
FIXD,First Trust Smith Opportunistic Fixed Income ETF,NASDAQ,etf,1000000
FIXP,FolioBeyond Enhanced Fixed Income Premium ETF,NYSE Arca,etf,1000000
FIXT,TCW Core Plus Bond ETF,NYSE,etf,1000000
FIXX,Leverage Shares 2X Long FIX Daily ETF,Cboe BZX,etf,1000000
FIYY,GraniteShares YieldBOOST 20Y Treasuries ETF,NASDAQ,etf,1000000
FIZY,Fitz-Gerald Must Have Portfolio and Options Overlay ETF,NYSE Arca,etf,1000000
FJAN,FT Vest U.S. Equity Buffer ETF - January,Cboe BZX,etf,1000000
FJP,First Trust Japan AlphaDEX Fund,NASDAQ,etf,1000000
FJUL,FT Vest U.S. Equity Buffer ETF - July,Cboe BZX,etf,1000000
FJUN,FT Vest U.S. Equity Buffer ETF - June,Cboe BZX,etf,1000000
FKU,First Trust United Kingdom AlphaDEX Fund,NASDAQ,etf,1000000
FLAG,Global X S&P 500 U.S. Market Leaders Top 50 ETF,NYSE Arca,etf,1000000
FLAO,AllianzIM U.S. Equity 6 Month Floor5 Apr/Oct ETF,Cboe BZX,etf,1000000
FLAU,Franklin FTSE Australia ETF,NYSE Arca,etf,1000000
FLAX,Franklin FTSE Asia ex Japan ETF,NYSE Arca,etf,1000000
FLBL,Franklin Senior Loan ETF,Cboe BZX,etf,1000000
FLBR,Franklin FTSE Brazil ETF,NYSE Arca,etf,1000000
FLCA,Franklin FTSE Canada ETF,NYSE Arca,etf,1000000
FLCB,Franklin U.S. Core Bond ETF,NYSE Arca,etf,1000000
FLCC,Federated Hermes MDT Large Cap Core ETF,NYSE Arca,etf,1000000
FLCE,Frontier Asset U.S. Large Cap Equity ETF,NYSE Arca,etf,1000000
FLCG,Federated Hermes MDT Large Cap Growth ETF,NYSE Arca,etf,1000000
FLCH,Franklin FTSE China ETF,NYSE Arca,etf,1000000
FLCO,Franklin Investment Grade Corporate ETF,NYSE Arca,etf,1000000
FLCV,Federated Hermes MDT Large Cap Value ETF,NYSE Arca,etf,1000000
FLDB,Fidelity Low Duration Bond ETF,NASDAQ,etf,1000000
FLDR,Fidelity Low Duration Bond Factor ETF,Cboe BZX,etf,1000000
FLDZ,TrueShares Patriot Defense ETF,Cboe BZX,etf,1000000
FLEE,Franklin FTSE Europe ETF,NYSE Arca,etf,1000000
FLEL,Leverage Shares 2X Long FLEX Daily ETF,Cboe BZX,etf,1000000
FLEU,Franklin FTSE Eurozone ETF,NYSE Arca,etf,1000000
FLGB,Franklin FTSE United Kingdom ETF,NYSE Arca,etf,1000000
FLGR,Franklin FTSE Germany ETF,NYSE Arca,etf,1000000
FLGV,Franklin U.S. Treasury Bond ETF,NYSE Arca,etf,1000000
FLHY,Franklin High Yield Corporate ETF,Cboe BZX,etf,1000000
FLIA,Franklin International Aggregate Bond ETF,Cboe BZX,etf,1000000
FLIN,Franklin FTSE India ETF,NYSE Arca,etf,1000000
FLJH,Franklin FTSE Japan Hedged ETF,NYSE Arca,etf,1000000
FLJJ,AllianzIM U.S. Equity 6 Month Floor5 Jan/Jul ETF,Cboe BZX,etf,1000000
FLJP,Franklin FTSE Japan ETF,NYSE Arca,etf,1000000
FLKR,Franklin FTSE South Korea ETF,NYSE Arca,etf,1000000
FLLA,Franklin FTSE Latin America ETF,NYSE Arca,etf,1000000
FLMB,Franklin Municipal Green Bond ETF,NYSE Arca,etf,1000000
FLMI,Franklin Dynamic Municipal Bond ETF,NYSE Arca,etf,1000000
FLMX,Franklin FTSE Mexico ETF,NYSE Arca,etf,1000000
FLN,First Trust Latin America AlphaDEX Fund,NASDAQ,etf,1000000
FLOT,iShares Floating Rate Bond ETF,Cboe BZX,etf,1000000
FLOW,Global X U.S. Cash Flow Kings 100 ETF,NYSE Arca,etf,1000000
FLQL,Franklin U.S. Large Cap Multifactor Index ETF,Cboe BZX,etf,1000000
FLQM,Franklin U.S. Mid Cap Multifactor Index ETF,Cboe BZX,etf,1000000
FLQS,Franklin U.S. Small Cap Multifactor Index ETF,Cboe BZX,etf,1000000
FLRG,Fidelity U.S. Multifactor ETF,NYSE Arca,etf,1000000
FLRN,State Street SPDR Bloomberg Investment Grade Floating Rate ETF,NYSE Arca,etf,1000000
FLRT,Pacer Aristotle Pacific Floating Rate High Income ETF,NYSE Arca,etf,1000000
FLSA,Franklin FTSE Saudi Arabia ETF,NYSE Arca,etf,1000000
FLSP,Franklin Systematic Style Premia ETF,NYSE Arca,etf,1000000
FLSW,Franklin FTSE Switzerland ETF,NYSE Arca,etf,1000000
FLTB,Fidelity Limited Term Bond ETF,NYSE Arca,etf,1000000
FLTR,VanEck IG Floating Rate ETF,NYSE Arca,etf,1000000
FLTW,Franklin FTSE Taiwan ETF,NYSE Arca,etf,1000000
FLUD,Franklin Ultra Short Bond ETF,NYSE Arca,etf,1000000
FLV,American Century Focused Large Cap Value ETF,NYSE Arca,etf,1000000
FLXI,Invesco Flexible Income ETF,Cboe BZX,etf,1000000
FLXN,Horizon Flexible Income ETF,Cboe BZX,etf,1000000
FLXR,TCW Flexible Income ETF,NYSE,etf,1000000
FLYT,Tradr 2X Long FLY Daily ETF,Cboe BZX,etf,1000000
FMAG,Fidelity Magellan ETF,Cboe BZX,etf,1000000
FMAR,FT Vest U.S. Equity Buffer ETF - March,Cboe BZX,etf,1000000
FMAT,Fidelity MSCI Materials Index ETF,NYSE Arca,etf,1000000
FMAY,FT Vest U.S. Equity Buffer ETF - May,Cboe BZX,etf,1000000
FMB,First Trust Managed Municipal ETF,NASDAQ,etf,1000000
FMCE,FM Compounders Equity ETF,NYSE Arca,etf,1000000
FMCX,FM Focus Equity ETF,NYSE Arca,etf,1000000
FMDE,Fidelity Enhanced Mid Cap Core ETF,NYSE Arca,etf,1000000
FMED,Fidelity Disruptive Medicine ETF,NASDAQ,etf,1000000
FMET,Fidelity Metaverse ETF,NASDAQ,etf,1000000
FMF,First Trust Managed Futures Strategy Fund,NYSE Arca,etf,1000000
FMHI,First Trust Municipal High Income ETF,NASDAQ,etf,1000000
FMKT,The Free Markets ETF,NYSE Arca,etf,1000000
FMNY,First Trust New York Municipal High Income ETF,NYSE Arca,etf,1000000
FMQQ,FMQQ The Next Frontier Internet ETF,NYSE Arca,etf,1000000
FMTL,First Trust Indxx Critical Metals ETF,NYSE Arca,etf,1000000
FMTM,MarketDesk Focused U.S. Momentum ETF,NASDAQ,etf,1000000
FMUB,Fidelity Municipal Bond Opportunities ETF,NASDAQ,etf,1000000
FMUN,Fidelity Systematic Municipal Bond Index ETF,NASDAQ,etf,1000000
FNCL,Fidelity MSCI Financials Index ETF,NYSE Arca,etf,1000000
FNDA,Schwab Fundamental U.S. Small Company ETF,NYSE Arca,etf,1000000
FNDB,Schwab Fundamental U.S. Broad Market ETF,NYSE Arca,etf,1000000
FNDC,Schwab Fundamental International Small Equity ETF,NYSE Arca,etf,1000000
FNDE,Schwab Fundamental Emerging Markets Equity ETF,NYSE Arca,etf,1000000
FNDF,Schwab Fundamental International Equity ETF,NYSE Arca,etf,1000000
FNDX,Schwab Fundamental U.S. Large Company ETF,NYSE Arca,etf,1000000
FNG,Leverage Shares 2X Long FN Daily ETF,Cboe BZX,etf,1000000
FNGG,Direxion Daily NYSE FANG+ Bull 2X ETF,NYSE Arca,etf,1000000
FNK,First Trust Mid Cap Value AlphaDEX Fund,NASDAQ,etf,1000000
FNOV,FT Vest U.S. Equity Buffer ETF - November,Cboe BZX,etf,1000000
FNX,First Trust Mid Cap Core AlphaDEX Fund,NASDAQ,etf,1000000
FNY,First Trust Mid Cap Growth AlphaDEX Fund,NASDAQ,etf,1000000
FOCT,FT Vest U.S. Equity Buffer ETF - October,Cboe BZX,etf,1000000
FOMG,Leverage Shares 2X Long FORM Daily ETF,Cboe BZX,etf,1000000
FOPC,Frontier Asset Opportunistic Credit ETF,NYSE Arca,etf,1000000
FORH,Formidable ETF,Cboe BZX,etf,1000000
FOTO,Tuttle Capital Pure Play Photonics ETF,Cboe BZX,etf,1000000
FOWF,Pacer Solactive Whitney Future of Warfare ETF,Cboe BZX,etf,1000000
FOXY,Simplify Currency Strategy ETF,NYSE Arca,etf,1000000
FPA,First Trust Asia Pacific Ex-Japan AlphaDEX Fund,NASDAQ,etf,1000000
FPAA,FPA Global Allocation ETF,Cboe BZX,etf,1000000
FPAG,FPA Global Equity ETF,Cboe BZX,etf,1000000
FPAS,FPA Short Duration Government ETF,Cboe BZX,etf,1000000
FPRO,Fidelity Real Estate Investment ETF,Cboe BZX,etf,1000000
FPSX,Leverage Shares 2X Long FPS Daily ETF,Cboe BZX,etf,1000000
FPWR,First Trust EIP Power Solutions ETF,NYSE Arca,etf,1000000
FPX,First Trust US Equity Opportunities ETF,NYSE Arca,etf,1000000
FPXE,First Trust IPOX Europe Equity Opportunities ETF,NASDAQ,etf,1000000
FPXI,First Trust International Equity Opportunities ETF,NASDAQ,etf,1000000
FQAL,Fidelity Quality Factor ETF,NYSE Arca,etf,1000000
FRBA,First Bank,NASDAQ,stock,1000000
FRDM,Freedom 100 Emerging Markets ETF,Cboe BZX,etf,1000000
FREI,Fidelity Real Estate Income ETF,NASDAQ,etf,1000000
FREL,Fidelity MSCI Real Estate Index ETF,NYSE Arca,etf,1000000
FRGN,Horizon International Equity ETF,NYSE Arca,etf,1000000
FRI,First Trust S&P REIT Index Fund,NYSE Arca,etf,1000000
FRIZ,Franklin Dividend Growth ETF,NYSE Arca,etf,1000000
FRNW,Fidelity Clean Energy ETF,Cboe BZX,etf,1000000
FRTY,Alger Mid Cap 40 ETF,NYSE Arca,etf,1000000
FRUT,Yorkville America MANGOS Plus Index ETF,NYSE Arca,etf,1000000
FRWD,Nomura Transformational Technologies ETF,NASDAQ,etf,1000000
FSCC,Federated Hermes MDT Small Cap Core ETF,NYSE Arca,etf,1000000
FSCS,First Trust SMID Capital Strength ETF,NASDAQ,etf,1000000
FSEC,Fidelity Investment Grade Securitized ETF,NYSE Arca,etf,1000000
FSEG,Fidelity Enhanced Small Cap Growth ETF,NYSE Arca,etf,1000000
FSEP,FT Vest U.S. Equity Buffer ETF - September,Cboe BZX,etf,1000000
FSEV,Fidelity Enhanced Small Cap Value ETF,NYSE Arca,etf,1000000
FSGS,First Trust SMID Growth Strength ETF,NASDAQ,etf,1000000
FSIG,First Trust Limited Duration Investment Grade Corporate ETF,NYSE Arca,etf,1000000
FSMB,First Trust Short Duration Managed Municipal ETF,NYSE Arca,etf,1000000
FSMD,Fidelity Small-Mid Multifactor ETF,NYSE Arca,etf,1000000
FSML,Franklin Small Cap Enhanced ETF,NYSE Arca,etf,1000000
FSPC,First Trust Bloomberg Space Economy ETF,NYSE Arca,etf,1000000
FSTA,Fidelity MSCI Consumer Staples Index ETF,NYSE Arca,etf,1000000
FSTB,Fidelity Short-Term Bond ETF,NASDAQ,etf,1000000
FSYD,Fidelity Sustainable High Yield ETF,NYSE Arca,etf,1000000
FSZ,First Trust Switzerland AlphaDEX Fund,NASDAQ,etf,1000000
FTA,First Trust Large Cap Value AlphaDEX Fund,NASDAQ,etf,1000000
FTAG,First Trust Indxx Global Agriculture ETF,NASDAQ,etf,1000000
FTBD,Fidelity Tactical Bond ETF,NYSE Arca,etf,1000000
FTBI,First Trust Balanced Income ETF,NYSE Arca,etf,1000000
FTC,First Trust Large Cap Growth AlphaDEX Fund,NASDAQ,etf,1000000
FTCA,Franklin California Municipal Income ETF,NYSE Arca,etf,1000000
FTCB,First Trust Core Investment Grade ETF,NYSE Arca,etf,1000000
FTCE,First Trust New Constructs Core Earnings Leaders ETF,NYSE Arca,etf,1000000
FTCS,First Trust Capital Strength ETF,NASDAQ,etf,1000000
FTDS,First Trust Dividend Strength ETF,NASDAQ,etf,1000000
FTEC,Fidelity MSCI Information Technology Index ETF,NYSE Arca,etf,1000000
FTG,FullerThaler Behavioral Growth ETF,NASDAQ,etf,1000000
FTGC,First Trust Global Tactical Commodity Strategy Fund,NASDAQ,etf,1000000
FTGS,First Trust Growth Strength ETF,NASDAQ,etf,1000000
FTHB,FIS Faith Income ETF,NYSE Arca,etf,1000000
FTHF,First Trust Emerging Markets Human Flourishing ETF,NYSE Arca,etf,1000000
FTHI,First Trust BuyWrite Income ETF,NASDAQ,etf,1000000
FTIF,First Trust Bloomberg Inflation Sensitive Equity ETF,NYSE Arca,etf,1000000
FTKI,First Trust Small Cap BuyWrite Income ETF,NYSE Arca,etf,1000000
FTLS,First Trust Long/Short Equity,NYSE Arca,etf,1000000
FTMA,Franklin Massachusetts Municipal Income ETF,NYSE Arca,etf,1000000
FTMH,Franklin Municipal High Yield ETF,NYSE Arca,etf,1000000
FTMN,Franklin Minnesota Municipal Income ETF,NYSE Arca,etf,1000000
FTMS,Franklin Short-Term Municipal Income ETF,NYSE Arca,etf,1000000
FTMU,Franklin Municipal Income ETF,NYSE Arca,etf,1000000
FTNJ,Franklin New Jersey Municipal Income ETF,NYSE Arca,etf,1000000
FTNY,Franklin New York Municipal Income ETF,NYSE Arca,etf,1000000
FTOH,Franklin Ohio Municipal Income ETF,NYSE Arca,etf,1000000
FTPA,Franklin Pennsylvania Municipal Income ETF,NYSE Arca,etf,1000000
FTQI,First Trust Nasdaq BuyWrite Income ETF,NASDAQ,etf,1000000
FTRB,Federated Hermes Total Return Bond ETF,NYSE Arca,etf,1000000
FTRI,First Trust Indxx Global Natural Resources Income ETF,NASDAQ,etf,1000000
FTSD,Franklin Short Duration U.S. Government ETF,NYSE Arca,etf,1000000
FTSL,First Trust Senior Loan Fund,NASDAQ,etf,1000000
FTSM,First Trust Enhanced Short Maturity ETF,NASDAQ,etf,1000000
FTWO,Strive Natural Resources and Security ETF,NYSE,etf,1000000
FTXG,First Trust Nasdaq Food & Beverage ETF,NASDAQ,etf,1000000
FTXH,First Trust Nasdaq Pharmaceuticals ETF,NASDAQ,etf,1000000
FTXL,First Trust Nasdaq Semiconductor ETF,NASDAQ,etf,1000000
FTXN,First Trust Nasdaq Oil & Gas ETF,NASDAQ,etf,1000000
FTXO,First Trust Nasdaq Bank ETF,NASDAQ,etf,1000000
FTXR,First Trust Nasdaq Transportation ETF,NASDAQ,etf,1000000
FUMB,First Trust Ultra Short Duration Municipal ETF,NYSE Arca,etf,1000000
FUSD,Federated Hermes Ultrashort Bond ETF,Cboe BZX,etf,1000000
FUSI,American Century Ultrashort Income ETF,NYSE Arca,etf,1000000
FUTG,Leverage Shares 2x Long FUTU Daily ETF,NASDAQ,etf,1000000
FUTY,Fidelity MSCI Utilities Index ETF,NYSE Arca,etf,1000000
FV,First Trust Dorsey Wright Focus 5 ETF,NASDAQ,etf,1000000
FVAL,Fidelity Value Factor ETF,NYSE Arca,etf,1000000
FVC,First Trust Dorsey Wright Dynamic Focus 5 ETF,NASDAQ,etf,1000000
FVD,First Trust VL Dividend,NYSE Arca,etf,1000000
FWD,AB Disruptors ETF,NYSE Arca,etf,1000000
FXD,First Trust Cons. Discret. AlphaDEX,NYSE Arca,etf,1000000
FXED,Sound Enhanced Fixed Income ETF,NYSE,etf,1000000
FXG,First Trust Cons. Staples AlphaDEX,NYSE Arca,etf,1000000
FXH,First Trust Health Care AlphaDEX,NYSE Arca,etf,1000000
FXI,iShares China Large-Cap ETF,NYSE Arca,etf,1000000
FXL,First Trust Technology AlphaDEX,NYSE Arca,etf,1000000
FXN,First Trust Energy AlphaDEX Fund,NYSE Arca,etf,1000000
FXO,First Trust Financials AlphaDEX,NYSE Arca,etf,1000000
FXP,ProShares UltraShort FTSE China 50,NYSE Arca,etf,1000000
FXR,First Trust Industrials AlphaDEX,NYSE Arca,etf,1000000
FXU,First Trust Utilities AlphaDEX Fund,NYSE Arca,etf,1000000
FXZ,First Trust Materials AlphaDEX Fund,NYSE Arca,etf,1000000
FYC,First Trust Small Cap Growth AlphaDEX Fund,NASDAQ,etf,1000000
FYEE,Fidelity Yield Enhanced Equity ETF,Cboe BZX,etf,1000000
FYLD,Cambria Foreign Shareholder Yield ETF,Cboe BZX,etf,1000000
FYT,First Trust Small Cap Value AlphaDEX Fund,NASDAQ,etf,1000000
FYX,First Trust Small Cap Core AlphaDEX Fund,NASDAQ,etf,1000000
GAA,Cambria Global Asset Allocation ETF,Cboe BZX,etf,1000000
GABF,Gabelli ETFs Trust Gabelli Financial Services Opportunities ETF,NYSE Arca,etf,1000000
GAEM,Simplify Gamma Emerging Market Bond ETF,NYSE Arca,etf,1000000
GAIQ,Guinness Atkinson Global Innovators Fund: ETF Class Shares,NYSE Arca,etf,1000000
GAL,State Street Global Allocation ETF,NYSE Arca,etf,1000000
GALX,VistaShares Space Supercycle ETF,NYSE Arca,etf,1000000
GAMR,Amplify Video Game Leaders ETF,NYSE Arca,etf,1000000
GAPR,FT Vest U.S. Equity Moderate Buffer ETF - April,Cboe BZX,etf,1000000
GARA,Guinness Atkinson Real Assets Income ETF,NYSE Arca,etf,1000000
GARP,iShares MSCI USA Quality GARP ETF,Cboe BZX,etf,1000000
GARY,Mango Growth ETF,NASDAQ,etf,1000000
GASZ,Corgi Natural Gas Power & Turbines ETF,Cboe BZX,etf,1000000
GAUG,FT Vest U.S. Equity Moderate Buffer ETF - August,Cboe BZX,etf,1000000
GBHI,Gabelli High Income ETF,NYSE Arca,etf,1000000
GBIL,Goldman Sachs Access Treasury 0-1 Year ETF,NYSE Arca,etf,1000000
GBND,Goldman Sachs Core Bond ETF,NYSE Arca,etf,1000000
GCAD,Gabelli Commercial Aerospace and Defense ETF,NYSE Arca,etf,1000000
GCAL,Goldman Sachs Dynamic California Municipal Income ETF,NYSE Arca,etf,1000000
GCC,WisdomTree EnhancedContinuous Commodity Index Fund,NYSE Arca,etf,1000000
GCLO,Guggenheim Investment Grade CLO ETF,NYSE Arca,etf,1000000
GCOR,Goldman Sachs Access U.S. Aggregate Bond ETF,NYSE Arca,etf,1000000
GCOW,Pacer Global Cash Cows Dividend ETF,Cboe BZX,etf,1000000
GCPB,Goldman Sachs Core Plus Bond ETF,NYSE,etf,1000000
GCPU,Grayscale AI Compute ETF,NYSE Arca,etf,1000000
GCSH,Guggenheim Ultra Short Income ETF,NYSE Arca,etf,1000000
GDE,WisdomTree Efficient Gold Plus Equity Strategy Fund,Cboe BZX,etf,1000000
GDEC,FT Vest U.S. Equity Moderate Buffer ETF - December,Cboe BZX,etf,1000000
GDIV,Harbor Dividend Growth Leaders ETF,NYSE,etf,1000000
GDMA,Gadsden Dynamic Multi-Asset ETF,Cboe BZX,etf,1000000
GDMN,WisdomTree Efficient Gold Plus Gold Miners Strategy Fund,Cboe BZX,etf,1000000
GDOC,Goldman Sachs Future Health Care Equity ETF,NYSE Arca,etf,1000000
GDT,WisdomTree Efficient TIPS Plus Gold Fund,Cboe BZX,etf,1000000
GDX,VanEck Gold Miners ETF,NYSE Arca,etf,1000000
GDXJ,VanEck Junior Gold Miners ETF,NYSE Arca,etf,1000000
GDXW,Roundhill Gold Miners WeeklyPay ETF,Cboe BZX,etf,1000000
GDXY,YieldMax Gold Miners Option Income Strategy ETF,NYSE Arca,etf,1000000
GEEQ,Guggenheim Enhanced Equity Income ETF,NYSE Arca,etf,1000000
GEM,Goldman Sachs ActiveBeta Emerging Markets Equity ETF,NYSE Arca,etf,1000000
GEMD,Goldman Sachs Access Emerging Markets USD Bond ETF,Cboe BZX,etf,1000000
GEME,Pacific North of South EM Equity Active ETF,NASDAQ,etf,1000000
GEMG,Leverage Shares 2X Long GEMI Daily ETF,NASDAQ,etf,1000000
GEMQ,Goldman Sachs Data Enhanced Emerging Markets Equity ETF,NASDAQ,etf,1000000
GEND,Genter Capital Dividend Income ETF,NYSE Arca,etf,1000000
GENM,Genter Capital Municipal Quality Intermediate ETF,NYSE Arca,etf,1000000
GENT,Genter Capital Taxable Quality Intermediate ETF,NYSE Arca,etf,1000000
GENW,Genter Capital International Dividend ETF,NYSE Arca,etf,1000000
GENZ,VanEck Digital Native Economy ETF,NASDAQ,etf,1000000
GEQ,Cambria Global EW 2 ETF,NASDAQ,etf,1000000
GEVC,Corgi GEV 2x Daily ETF,Cboe BZX,etf,1000000
GEVG,Leverage Shares 2X Long GEV Daily ETF,NASDAQ,etf,1000000
GEVX,Tradr 2X Long GEV Daily ETF,Cboe BZX,etf,1000000
GEW,Cambria Global EW ETF,NASDAQ,etf,1000000
GFEB,FT Vest U.S. Equity Moderate Buffer ETF - February,Cboe BZX,etf,1000000
GFGF,Guru Favorite Stocks ETF,NASDAQ,etf,1000000
GFLW,VictoryShares Free Cash Flow Growth ETF,NASDAQ,etf,1000000
GFSG,Leverage Shares 2X Long GFS Daily ETF,Cboe BZX,etf,1000000
GGLL,Direxion Daily GOOGL Bull 2X ETF,NASDAQ,etf,1000000
GGLS,Direxion Daily GOOGL Bear 1X ETF,NASDAQ,etf,1000000
GGM,GGM Macro Alignment ETF,NYSE Arca,etf,1000000
GGME,Invesco Next Gen Media and Gaming ETF,NYSE Arca,etf,1000000
GGOV,iShares Global Government Bond USD Hedged Active ETF,NYSE Arca,etf,1000000
GGRW,Gabelli Growth Innovators ETF,NYSE Arca,etf,1000000
GGTL,Gabelli Global Technology Leaders ETF,NYSE Arca,etf,1000000
GGUS,Goldman Sachs MarketBeta Russell 1000 Growth Equity ETF,NYSE Arca,etf,1000000
GHTA,Goose Hollow Tactical Allocation ETF,Cboe BZX,etf,1000000
GHYB,Goldman Sachs Access High Yield Corporate Bond ETF,NYSE Arca,etf,1000000
GHYG,iShares US & Intl High Yield Corp Bond ETF,Cboe BZX,etf,1000000
GIAX,Nicholas Global Equity and Income ETF,NYSE Arca,etf,1000000
GIEQ,Goldman Sachs Data Enhanced International Equity ETF,NASDAQ,etf,1000000
GIGB,Goldman Sachs Access Investment Grade Corporate Bond ETF,NYSE Arca,etf,1000000
GIGL,Goldman Sachs Corporate Bond ETF,NYSE Arca,etf,1000000
GII,State Street SPDR S&P Global Infrastructure ETF,NYSE Arca,etf,1000000
GINC,Goldman Sachs Income ETF,NYSE Arca,etf,1000000
GIND,Goldman Sachs India Equity ETF,NASDAQ,etf,1000000
GINN,Goldman Sachs Innovate Equity ETF,NYSE Arca,etf,1000000
GINX,SGI Enhanced Global Income ETF,NASDAQ,etf,1000000
GISC,Guggenheim Securitized Income ETF,NYSE Arca,etf,1000000
GJAN,FT Vest U.S. Equity Moderate Buffer ETF - January,Cboe BZX,etf,1000000
GJUL,FT Vest U.S. Equity Moderate Buffer ETF - July,Cboe BZX,etf,1000000
GJUN,FT Vest U.S. Equity Moderate Buffer ETF - June,Cboe BZX,etf,1000000
GK,AdvisorShares Gerber Kawasaki ETF,NYSE Arca,etf,1000000
GKAT,Scharf Global Opportunity ETF,NASDAQ,etf,1000000
GLAM,"Corgi Beauty, Skincare & Aesthetics ETF",Cboe BZX,etf,1000000
GLBL,Pacer MSCI World Industry Advantage ETF,Cboe BZX,etf,1000000
GLCR,GlacierShares Nasdaq Iceland ETF,NASDAQ,etf,1000000
GLDB,IDX Alternative FIAT ETF,NASDAQ,etf,1000000
GLDN,Nicholas Gold Income ETF,NYSE Arca,etf,1000000
GLDW,Roundhill Gold WeeklyPay ETF,Cboe BZX,etf,1000000
GLGG,Leverage Shares 2X Long GLXY Daily ETF,NASDAQ,etf,1000000
GLIN,VanEck India Growth Leaders ETF,NYSE Arca,etf,1000000
GLIX,Lazard Listed Infrastructure ETF,NYSE Arca,etf,1000000
GLOF,iShares Global Equity Factor ETF,NYSE Arca,etf,1000000
GLOW,VictoryShares WestEnd Global Equity ETF,NASDAQ,etf,1000000
GLRY,Inspire Growth ETF,NYSE Arca,etf,1000000
GLWG,Leverage Shares 2X Long GLW Daily ETF,NASDAQ,etf,1000000
GLX,Corgi GLXY 2x Daily ETF,Cboe BZX,etf,1000000
GLXU,T-REX 2X Long GLXY Daily Target ETF,Cboe BZX,etf,1000000
GMAR,FT Vest U.S. Equity Moderate Buffer ETF - March,Cboe BZX,etf,1000000
GMAY,FT Vest U.S. Equity Moderate Buffer ETF - May,Cboe BZX,etf,1000000
GMEC,Corgi GME 2x Daily ETF,Cboe BZX,etf,1000000
GMEU,T-REX 2X Long GME Daily Target ETF,Cboe BZX,etf,1000000
GMEY,YieldMax GME Option Income Strategy ETF,NYSE Arca,etf,1000000
GMF,State Street SPDR S&P Emerging Asia Pacific ETF,NYSE Arca,etf,1000000
GMMA,GammaRoad Market Navigation ETF,NYSE Arca,etf,1000000
GMMF,iShares Government Money Market ETF,NYSE,etf,1000000
GMNY,Goldman Sachs Dynamic New York Municipal Income ETF,NYSE Arca,etf,1000000
GMOC,GMO Ultra-Short Income ETF,NYSE Arca,etf,1000000
GMOD,GMO Dynamic Allocation ETF,NYSE Arca,etf,1000000
GMOI,GMO International Value ETF,NYSE Arca,etf,1000000
GMOM,Cambria Global Momentum ETF,Cboe BZX,etf,1000000
GMOV,GMO US Value ETF,NYSE Arca,etf,1000000
GMUB,Goldman Sachs Municipal Income ETF,NYSE Arca,etf,1000000
GNMA,iShares GNMA Bond ETF,NASDAQ,etf,1000000
GNMX,Corgi Genomics & Precision Medicine ETF,Cboe BZX,etf,1000000
GNOM,Global X Genomics & Biotechnology ETF,NASDAQ,etf,1000000
GNOV,FT Vest U.S. Equity Moderate Buffer ETF - November,Cboe BZX,etf,1000000
GNR,State Street SPDR S&P Global Natural Resources ETF,NYSE Arca,etf,1000000
GOAU,US Global GO Gold and Precious Metal Miners ETF,NYSE Arca,etf,1000000
GOCT,FT Vest U.S. Equity Moderate Buffer ETF - October,Cboe BZX,etf,1000000
GOEX,Global X Gold Explorers ETF,NYSE Arca,etf,1000000
GOGL,Corgi GOOGL 2x Daily ETF,Cboe BZX,etf,1000000
GOIB,Direxion GOOGL Defined Income Boost ETF,Cboe BZX,etf,1000000
GOLI,Defiance Gold Enhanced Options Income ETF,NASDAQ,etf,1000000
GOLS,Gabelli Opportunities in Live and Sports ETF,NYSE Arca,etf,1000000
GOLY,Strategy Shares Gold Enhanced Yield ETF,Cboe BZX,etf,1000000
GOOL,Leverage Shares 2X Long GOOGL Daily ETF,Cboe BZX,etf,1000000
GOOP,Kurv Yield Premium Strategy Google (GOOGL) ETF,Cboe BZX,etf,1000000
GOOW,Roundhill GOOGL WeeklyPay ETF,Cboe BZX,etf,1000000
GOOX,T-Rex 2X Long Alphabet Daily Target ETF,Cboe BZX,etf,1000000
GOOY,YieldMax GOOGL Option Income Strategy ETF,NYSE Arca,etf,1000000
GOP,Subversive Congressional Republicans Trading ETF,Cboe BZX,etf,1000000
GOU,GraniteShares 2x Long GOOGL Daily ETF,NASDAQ,etf,1000000
GOVI,Invesco Equal Weight 0-30 Year Treasury ETF,NASDAQ,etf,1000000
GOVM,iShares 1-10 Year Treasury Bond ETF,Cboe BZX,etf,1000000
GOVT,iShares U.S. Treasury Bond ETF,Cboe BZX,etf,1000000
GOVZ,iShares 25  Year Treasury STRIPS Bond ETF,Cboe BZX,etf,1000000
GPIQ,Goldman Sachs Nasdaq-100 Premium Income ETF,NASDAQ,etf,1000000
GPIX,Goldman Sachs S&P 500 Premium Income ETF,NASDAQ,etf,1000000
GPT,Intelligent Alpha Atlas ETF,NASDAQ,etf,1000000
GPTY,YieldMax AI & Tech Portfolio Option Income ETF,NYSE Arca,etf,1000000
GPZ,VanEck Alternative Asset Manager ETF,NYSE Arca,etf,1000000
GQGU,GQG US Equity ETF,NYSE Arca,etf,1000000
GQI,Natixis Gateway Quality Income ETF,NYSE Arca,etf,1000000
GQQQ,Astoria US Quality Growth Kings ETF,NASDAQ,etf,1000000
GQRE,Northern Trust Global Quality Real Estate ETF,NYSE Arca,etf,1000000
GRAG,Leverage Shares 2X Long GRAB Daily ETF,NASDAQ,etf,1000000
GREK,Global X MSCI Greece ETF,NYSE Arca,etf,1000000
GRID,First Trust NASDAQ Clean Edge Smart Grid Infrastructure Index Fund,NASDAQ,etf,1000000
GRIN,VictoryShares International Free Cash Flow Growth ETF,NASDAQ,etf,1000000
GRNB,VanEck Green Bond ETF,NYSE Arca,etf,1000000
GRNI,Fundstrat Granny Shots US Large Cap & Income ETF,NYSE Arca,etf,1000000
GRNJ,Fundstrat Granny Shots US Small- & Mid-Cap ETF,NYSE Arca,etf,1000000
GRNY,Fundstrat Granny Shots US Large Cap ETF,NYSE Arca,etf,1000000
GROZ,Zacks Focus Growth ETF,Cboe BZX,etf,1000000
GRPM,Invesco S&P MidCap 400 GARP ETF,NYSE Arca,etf,1000000
GRPZ,Invesco S&P SmallCap 600 GARP ETF,NYSE Arca,etf,1000000
GRW,TCW Durable Growth ETF,NASDAQ,etf,1000000
GSC,Goldman Sachs Small Cap Equity ETF,NYSE Arca,etf,1000000
GSEE,Goldman Sachs MarketBeta Emerging Markets Equity ETF,Cboe BZX,etf,1000000
GSEP,FT Vest U.S. Equity Moderate Buffer ETF - September,Cboe BZX,etf,1000000
GSEU,Goldman Sachs ActiveBeta Europe Equity ETF,NYSE Arca,etf,1000000
GSEW,Goldman Sachs Equal Weight U.S. Large Cap Equity ETF,Cboe BZX,etf,1000000
GSGO,Goldman Sachs Growth Opportunities ETF,NASDAQ,etf,1000000
GSIB,Themes Global Systemically Important Banks ETF,NASDAQ,etf,1000000
GSID,Goldman Sachs MarketBeta International Equity ETF,Cboe BZX,etf,1000000
GSIE,Goldman Sachs ActiveBeta International Equity ETF,NYSE Arca,etf,1000000
GSJY,Goldman Sachs ActiveBeta Japan Equity ETF,NYSE Arca,etf,1000000
GSKH,GSK plc ADRhedged,NYSE Arca,etf,1000000
GSLC,Goldman Sachs ActiveBeta U.S. Large Cap Equity ETF,NYSE Arca,etf,1000000
GSPY,Gotham Enhanced 500 ETF,NYSE Arca,etf,1000000
GSSC,GS ActiveBeta U.S. Small Cap Equity ETF,NYSE Arca,etf,1000000
GSST,Goldman Sachs Ultra Short Bond ETF,Cboe BZX,etf,1000000
GSUS,Goldman Sachs MarketBeta U.S. Equity ETF,Cboe BZX,etf,1000000
GSWO,Goldman Sachs ActiveBeta World Equity ETF,Cboe BZX,etf,1000000
GSY,Invesco Ultra Short Duration ETF,NYSE Arca,etf,1000000
GTEK,Goldman Sachs Future Tech Leaders Equity ETF,NYSE Arca,etf,1000000
GTIP,Goldman Sachs Access Inflation Protected USD Bond ETF,Cboe BZX,etf,1000000
GTND,Goaltender ETF,NYSE Arca,etf,1000000
GTO,Invesco Total Return Bond ETF,NYSE Arca,etf,1000000
GTOC,Invesco Core Fixed Income ETF,Cboe BZX,etf,1000000
GTOH,Invesco Short Duration High Yield ETF,Cboe BZX,etf,1000000
GTOP,Goldman Sachs Technology Opportunities ETF,NASDAQ,etf,1000000
GTOQ,Invesco High Yield Systematic Bond ETF,NASDAQ,etf,1000000
GTOS,Invesco Short Duration Total Return Bond ETF,Cboe BZX,etf,1000000
GTPE,Goldman Sachs MSCI World Private Equity Return Tracker ETF,NASDAQ,etf,1000000
GTR,WisdomTree Target Range Fund,NASDAQ,etf,1000000
GUMI,Goldman Sachs Ultra Short Municipal Income ETF,NYSE Arca,etf,1000000
GUNR,Northern Trust Morningstar Global Upstream Natural Resources ETF,NYSE Arca,etf,1000000
GURU,Global X Guru Index ETF,NYSE Arca,etf,1000000
GUSA,Goldman Sachs MarketBeta U.S. 1000 Equity ETF,NYSE Arca,etf,1000000
GUSE,Goldman Sachs Enhanced U.S. Equity ETF,NASDAQ,etf,1000000
GUSH,Direxion Daily S&P Oil & Gas Exp. & Prod. Bull 2X ETF,NYSE Arca,etf,1000000
GVAL,Cambria Global Value ETF,Cboe BZX,etf,1000000
GVI,iShares Intermediate Government/Credit Bond ETF,Cboe BZX,etf,1000000
GVIP,Goldman Sachs Hedge Industry VIP ETF,NYSE Arca,etf,1000000
GVLE,Goldman Sachs Value Opportunities ETF,NASDAQ,etf,1000000
GVLU,Gotham 1000 Value ETF,NYSE Arca,etf,1000000
GVUS,Goldman Sachs MarketBeta Russell 1000 Value Equity ETF,NYSE Arca,etf,1000000
GWX,State Street SPDR S&P International Small Cap ETF,NYSE Arca,etf,1000000
GXC,State Street SPDR S&P China ETF,NYSE Arca,etf,1000000
GXDW,Global X Dorsey Wright Thematic ETF,NASDAQ,etf,1000000
GXIG,Global X Investment Grade Corporate Bond ETF,NYSE Arca,etf,1000000
GXLC,Global X U.S. 500 ETF,NYSE Arca,etf,1000000
GXPC,Global X PureCap MSCI Communication Services ETF,NYSE Arca,etf,1000000
GXPD,Global X PureCap MSCI Consumer Discretionary ETF,NYSE Arca,etf,1000000
GXPE,Global X PureCap MSCI Energy ETF,NYSE Arca,etf,1000000
GXPS,Global X PureCap MSCI Consumer Staples ETF,NYSE Arca,etf,1000000
GXPT,Global X PureCap MSCI Information Technology ETF,NYSE Arca,etf,1000000
GXUS,Goldman Sachs MarketBeta Total International Equity ETF,NYSE Arca,etf,1000000
GYLD,Arrow Dow Jones Global Yield ETF ETF,NYSE,etf,1000000
HACK,Amplify Cybersecurity ETF,NYSE Arca,etf,1000000
HAIL,State Street SPDR S&P Kensho Smart Mobility ETF,NYSE Arca,etf,1000000
HAKY,Amplify HACK Cybersecurity Covered Call ETF,NYSE Arca,etf,1000000
HALX,Tuttle Capital Heavy Assets Low Obsolescence ETF,Cboe BZX,etf,1000000
HAP,VanEck Natural Resources ETF,NYSE Arca,etf,1000000
HAPI,Harbor Human Capital Factor US Large Cap ETF,NYSE Arca,etf,1000000
HAPS,Harbor Human Capital Factor US Small Cap ETF,NYSE Arca,etf,1000000
HARD,Simplify Commodities Strategy No K-1 ETF,NYSE Arca,etf,1000000
HAUG,Corgi U.S. Equities 100% Structured Buffer ETF - August Series,Cboe BZX,etf,1000000
HAUS,Residential REIT ETF,Cboe BZX,etf,1000000
HAUZ,Xtrackers International Real Estate ETF,NYSE Arca,etf,1000000
HAWG,HCM Hedged Equity ETF,NYSE Arca,etf,1000000
HAWX,iShares Currency Hedged MSCI ACWI ex U.S. ETF,NYSE Arca,etf,1000000
HBDC,Hilton BDC Corporate Bond ETF,NASDAQ,etf,1000000
HBIL,Harbor Short Term Treasury ETF,NYSE Arca,etf,1000000
HBIT,Hedgeye Hedged Bitcoin ETF,NYSE Arca,etf,1000000
HBMX,Tuttle Capital Concentrated Memory Stack ETF,Cboe BZX,etf,1000000
HBR,Canary HBAR ETF,NASDAQ,etf,1000000
HBRD,Invesco U.S. Hybrid Bond ETF,NYSE Arca,etf,1000000
HBTA,Horizon Expedition Plus ETF,NYSE Arca,etf,1000000
HBTC,Fortuna Hedged Bitcoin ETF,Cboe BZX,etf,1000000
HCMT,Direxion HCM Tactical Enhanced US ETF,NYSE Arca,etf,1000000
HCOW,Amplify COWS Covered Call ETF,NASDAQ,etf,1000000
HCRB,Hartford Core Bond ETF,Cboe BZX,etf,1000000
HDEF,Xtrackers MSCI EAFE High Dividend Yield Equity ETF,NYSE Arca,etf,1000000
HDG,ProShares Hedge Replication ETF,NYSE Arca,etf,1000000
HDGE,Ranger Equity Bear Bear ETF,NYSE Arca,etf,1000000
HDMV,First Trust Horizon Managed Volatility Developed International ETF,NYSE Arca,etf,1000000
HDUS,Hartford Disciplined US Equity ETF,NYSE Arca,etf,1000000
HDV,iShares Core High Dividend ETF,NYSE Arca,etf,1000000
HEAL,Global X HealthTech ETF,NASDAQ,etf,1000000
HECA,Hedgeye Capital Allocation ETF,NYSE Arca,etf,1000000
HECO,State Street Galaxy Hedged Digital Asset Ecosystem ETF,NASDAQ,etf,1000000
HEDG,Equable Shares Hedged Equity ETF,NYSE Arca,etf,1000000
HEDJ,WisdomTree Europe Hedged Equity Fund,NYSE Arca,etf,1000000
HEEM,iShares Currency Hedged MSCI Emerging Markets ETF,Cboe BZX,etf,1000000
HEFA,iShares Currency Hedged MSCI EAFE ETF,Cboe BZX,etf,1000000
HEFT,Hedgeye Fourth Turning ETF,NYSE Arca,etf,1000000
HEGD,Swan Hedged Equity US Large Cap ETF,Cboe BZX,etf,1000000
HELO,JPMorgan Hedged Equity Laddered Overlay ETF,NYSE Arca,etf,1000000
HELS,Hedgeye 130/30 Equity ETF,NYSE Arca,etf,1000000
HELX,Franklin Genomic Advancements ETF,Cboe BZX,etf,1000000
HEMI,Hartford Equity Premium Income ETF,Cboe BZX,etf,1000000
HEQQ,JPMorgan Nasdaq Hedged Equity Laddered Overlay ETF,NASDAQ,etf,1000000
HEQT,Simplify Hedged Equity ETF,NYSE Arca,etf,1000000
HERD,Pacer Cash Cows Fund of Funds ETF,NASDAQ,etf,1000000
HERO,Global X Video Games & Esports ETF,NASDAQ,etf,1000000
HEWJ,iShares Currency Hedged MSCI Japan ETF,NYSE Arca,etf,1000000
HEZU,iShares Currency Hedged MSCI Eurozone ETF,NYSE Arca,etf,1000000
HF,DGA Core Plus Absolute Return ETF,NYSE,etf,1000000
HFEQ,Unlimited HFEQ Equity Long/Short ETF,NYSE,etf,1000000
HFGM,Unlimited HFGM Global Macro ETF,NYSE,etf,1000000
HFGO,Hartford Large Cap Growth ETF,Cboe BZX,etf,1000000
HFMF,Unlimited HFMF Managed Futures ETF,NYSE,etf,1000000
HFND,Unlimited HFND Multi-Strategy Return Tracker ETF,NYSE,etf,1000000
HFSI,Hartford Strategic Income ETF,Cboe BZX,etf,1000000
HFSP,TradersAI Large Cap Equity & Cash ETF,NASDAQ,etf,1000000
HFXI,NYLIM FTSE International Equity Currency Neutral ETF,NYSE Arca,etf,1000000
HGER,Harbor Commodity All-Weather Strategy ETF,NYSE,etf,1000000
HGRO,Hedgeye Quality Growth ETF,NYSE Arca,etf,1000000
HIAI,Ai Funds High Conviction US Equity AI-Managed ETF,Cboe BZX,etf,1000000
HIBL,Direxion Daily S&P 500 High Beta Bull 3X ETF,NYSE Arca,etf,1000000
HIBS,Direxion Daily S&P 500 High Beta Bear 3X ETF,NYSE Arca,etf,1000000
HIDE,Alpha Architect High Inflation and Deflation ETF,NASDAQ,etf,1000000
HIDV,AB US High Dividend ETF,NYSE Arca,etf,1000000
HIFS,Hingham Institution for Savings,NASDAQ,stock,1000000
HIGH,Simplify Enhanced Income ETF,NYSE Arca,etf,1000000
HIMC,Corgi HIMS 2x Daily ETF,Cboe BZX,etf,1000000
HIMU,iShares High Yield Muni Active ETF,Cboe BZX,etf,1000000
HIMZ,Defiance Daily Target 2X Long HIMS ETF,NASDAQ,etf,1000000
HIPS,GraniteShares HIPS US High Income ETF,NYSE Arca,etf,1000000
HIS,Humilis US Focused Opportunities ETF,NASDAQ,etf,1000000
HISF,First Trust High Income Strategic Focus ETF,NASDAQ,etf,1000000
HIYY,YieldMax HIMS Option Income Strategy ETF,NYSE Arca,etf,1000000
HJLY,Corgi U.S. Equities 100% Structured Buffer ETF - July Series,Cboe BZX,etf,1000000
HJUN,Corgi U.S. Equities 100% Structured Buffer ETF - June Series,Cboe BZX,etf,1000000
HLAL,Wahed FTSE USA Shariah ETF,NASDAQ,etf,1000000
HLTH,Tema Healthcare AI ETF,NASDAQ,etf,1000000
HMAY,Corgi U.S. Equities 100% Structured Buffer ETF - May Series,Cboe BZX,etf,1000000
HMOP,Hartford Municipal Opportunities ETF,NYSE Arca,etf,1000000
HMYY,GraniteShares YieldBoost HIMS ETF,NASDAQ,etf,1000000
HNDL,Strategy Shares Nasdaq 7HANDL Index ETF,NASDAQ,etf,1000000
HODU,Direxion Daily HOOD Bull 2X ETF,NASDAQ,etf,1000000
HOLA,JPMorgan International Hedged Equity Laddered Overlay ETF,NYSE Arca,etf,1000000
HOLD,Harbor Alpha Layering ETF,NYSE Arca,etf,1000000
HOMZ,Hoya Capital Housing ETF,NYSE Arca,etf,1000000
HONG,Leverage Shares 2X Long HON Daily ETF,Cboe BZX,etf,1000000
HOOC,Corgi HOOD 2x Daily ETF,Cboe BZX,etf,1000000
HOOG,Leverage Shares 2X Long HOOD Daily ETF,NASDAQ,etf,1000000
HOOW,Roundhill HOOD WeeklyPay ETF,Cboe BZX,etf,1000000
HOOX,Defiance Daily Target 2X Long HOOD ETF,NASDAQ,etf,1000000
HOOY,YieldMax HOOD Option Income Strategy ETF,NYSE Arca,etf,1000000
HOYY,GraniteShares YieldBOOST HOOD ETF,NASDAQ,etf,1000000
HPEL,Leverage Shares 2X Long HPE Daily ETF,Cboe BZX,etf,1000000
HQDG,Raub Brock Dividend Growth ETF,NASDAQ,etf,1000000
HQGO,Hartford US Quality Growth ETF,NASDAQ,etf,1000000
HRSK,Toews Agility Shares Hedged Risk ETF,NYSE Arca,etf,1000000
HRTS,Tema Heart & Health ETF,NASDAQ,etf,1000000
HSBH,HSBC Holdings plc ADRhedged,NYSE Arca,etf,1000000
HSCZ,iShares Currency Hedged MSCI EAFE Small-Cap ETF,NYSE Arca,etf,1000000
HSEP,Corgi U.S. Equities 100% Structured Buffer ETF - September Series,Cboe BZX,etf,1000000
HSMV,First Trust Horizon Managed Volatility Small/Mid ETF,NYSE Arca,etf,1000000
HTAB,Hartford Schroders Tax-Aware Bond ETF,NYSE Arca,etf,1000000
HTAX,Nomura National High-Yield Municipal Bond ETF,NYSE Arca,etf,1000000
HTEC,ROBO Global Healthcare Technology and Innovation ETF,NYSE Arca,etf,1000000
HTRB,Hartford Total Return Bond ETF,NYSE Arca,etf,1000000
HTUS,Hull Tactical US ETF,Cboe BZX,etf,1000000
HULL,Corgi Shipping & Global Logistics ETF,Cboe BZX,etf,1000000
HUMM,800VDC AI Datacenter Ecosystem ETF,NYSE Arca,etf,1000000
HUMN,Roundhill Humanoid Robotics ETF,Cboe BZX,etf,1000000
HUSV,First Trust Horizon Managed Volatility Domestic ETF,NYSE Arca,etf,1000000
HUTG,Leverage Shares 2X Long HUT Daily ETF,NASDAQ,etf,1000000
HVAC,AdvisorShares HVAC and Industrials ETF,NYSE Arca,etf,1000000
HWGV,Hotchkis & Wiley Global Value Fund,NASDAQ,etf,1000000
HWIV,Hotchkis & Wiley International Value Fund,NASDAQ,etf,1000000
HWMV,Hotchkis & Wiley Mid-Cap Value Fund,NASDAQ,etf,1000000
HWO,Hotchkis & Wiley Opportunities Fund,NASDAQ,etf,1000000
HWSM,Hotchkis & Wiley SMID Cap Diversified Value Fund,NASDAQ,etf,1000000
HXA,Mast HedgeIndex Corporate Arbitrage ETF,NYSE Arca,etf,1000000
HXC,Mast HedgeIndex Strategic Commodities ETF,NYSE Arca,etf,1000000
HXE,Mast HedgeIndex Adaptive Equities ETF,NYSE Arca,etf,1000000
HXF,Mast HedgeIndex Managed Futures Strategy ETF,NYSE Arca,etf,1000000
HYBB,iShares BB Rated Corporate Bond ETF,NYSE Arca,etf,1000000
HYBI,NEOS Enhanced Income Credit Select ETF,NASDAQ,etf,1000000
HYBL,State Street Blackstone High Income ETF,Cboe BZX,etf,1000000
HYBX,TCW High Yield Bond ETF,NYSE,etf,1000000
HYD,VanEck High Yield Muni ETF,Cboe BZX,etf,1000000
HYDB,iShares High Yield Systematic Bond ETF,Cboe BZX,etf,1000000
HYDR,Global X Hydrogen ETF,NASDAQ,etf,1000000
HYDW,Xtrackers Low Beta High Yield Bond ETF,NYSE Arca,etf,1000000
HYEM,VanEck Emerging Markets High Yield Bond ETF,NYSE Arca,etf,1000000
HYFI,AB High Yield ETF,NYSE Arca,etf,1000000
HYG,iShares iBoxx $ High Yield Corporate Bond ETF,NYSE Arca,etf,1000000
HYGH,iShares Interest Rate Hedged High Yield Bond ETF,NYSE Arca,etf,1000000
HYGM,Amplify HYG High Yield 10% Target Income ETF,Cboe BZX,etf,1000000
HYGV,Northern Trust High Yield Value-Scored Bond ETF,NYSE Arca,etf,1000000
HYGW,iShares High Yield Corporate Bond BuyWrite Strategy ETF,Cboe BZX,etf,1000000
HYHG,ProShares High Yield Interest Rate Hedged,Cboe BZX,etf,1000000
HYIN,WisdomTree Private Credit and Alternative Income Fund,Cboe BZX,etf,1000000
HYLB,Xtrackers USD High Yield Corporate Bond ETF,NYSE Arca,etf,1000000
HYLS,First Trust Tactical High Yield ETF,NASDAQ,etf,1000000
HYMB,State Street SPDR Nuveen ICE High Yield Municipal Bond ETF,NYSE Arca,etf,1000000
HYNX,T-REX 2X Long SKHY Daily Target ETF,NYSE Arca,etf,1000000
HYP,Golden Eagle Dynamic Hypergrowth ETF,NASDAQ,etf,1000000
HYS,PIMCO 0-5 Year High Yield Corporat Bond Index Exchange-Traded Fund,NYSE Arca,etf,1000000
HYSA,BondBloxx High Yield Income ETF,NYSE Arca,etf,1000000
HYSD,Columbia Short Duration High Yield ETF,NYSE Arca,etf,1000000
HYTI,FT Vest High Yield & Target Income ETF,NYSE Arca,etf,1000000
HYTR,Counterpoint High Yield Trend ETF,NYSE,etf,1000000
HYUP,Xtrackers High Beta High Yield Bond ETF,NYSE Arca,etf,1000000
HYXF,iShares ESG Advanced High Yield Corporate Bond ETF,NASDAQ,etf,1000000
HYZD,WisdomTree Interest Rate Hedged High Yield Bond Fund,NASDAQ,etf,1000000
IACL,GraniteShares US 100 Autocallable Income ETF,Cboe BZX,etf,1000000
IAGG,iShares International Aggregate Bond Fund,Cboe BZX,etf,1000000
IAI,iShares U.S. Broker-Dealers & Securities Exchanges ETF,NYSE Arca,etf,1000000
IAK,iShares U.S. Insurance ETF,NYSE Arca,etf,1000000
IALT,iShares Systematic Alternatives Active ETF,NASDAQ,etf,1000000
IAPR,Innovator International Developed Power Buffer ETF  April,NYSE Arca,etf,1000000
IAT,iShares U.S. Regional Banks ETF,NYSE Arca,etf,1000000
IAUG,Innovator International Developed Power Buffer ETF  August,NYSE Arca,etf,1000000
IAUI,NEOS Gold High Income ETF,Cboe BZX,etf,1000000
IBAT,iShares Energy Storage & Materials ETF,NASDAQ,etf,1000000
IBB,iShares Biotechnology ETF,NASDAQ,etf,1000000
IBBQ,Invesco Nasdaq Biotechnology ETF,NASDAQ,etf,1000000
IBCA,iShares iBonds Dec 2035 Term Corporate ETF,NYSE Arca,etf,1000000
IBCB,iShares iBonds Dec 2036 Term Corporate ETF,NYSE Arca,etf,1000000
IBD,Inspire Corporate Bond ETF,NYSE Arca,etf,1000000
IBDR,iShares iBonds Dec 2026 Term Corporate ETF,NYSE Arca,etf,1000000
IBDS,iShares iBonds Dec 2027 Term Corporate ETF,NYSE Arca,etf,1000000
IBDT,iShares iBonds Dec 2028 Term Corporate ETF,NYSE Arca,etf,1000000
IBDU,iShares iBonds Dec 2029 Term Corporate ETF,NYSE Arca,etf,1000000
IBDV,iShares iBonds Dec 2030 Term Corporate ETF,NYSE Arca,etf,1000000
IBDW,iShares iBonds Dec 2031 Term Corporate ETF,NYSE Arca,etf,1000000
IBDX,iShares iBonds Dec 2032 Term Corporate ETF,NYSE Arca,etf,1000000
IBDY,iShares iBonds Dec 2033 Term Corporate ETF,NYSE Arca,etf,1000000
IBDZ,iShares iBonds Dec 2034 Term Corporate ETF,NYSE Arca,etf,1000000
IBFR,Innovator International Developed Managed 10 Buffer ETF,NYSE Arca,etf,1000000
IBGA,iShares iBonds Dec 2044 Term Treasury ETF,NASDAQ,etf,1000000
IBGB,iShares iBonds Dec 2045 Term Treasury ETF,NASDAQ,etf,1000000
IBGC,iShares iBonds Dec 2046 Term Treasury ETF,NASDAQ,etf,1000000
IBGK,iShares iBonds Dec 2054 Term Treasury ETF,NASDAQ,etf,1000000
IBGL,iShares iBonds Dec 2055 Term Treasury ETF,NASDAQ,etf,1000000
IBGM,iShares iBonds Dec 2056 Term Treasury ETF,NASDAQ,etf,1000000
IBHF,iShares iBonds 2026 Term High Yield and Income ETF,Cboe BZX,etf,1000000
IBHG,iShares iBonds 2027 Term High Yield and Income ETF,Cboe BZX,etf,1000000
IBHH,iShares iBonds 2028 Term High Yield and Income ETF,Cboe BZX,etf,1000000
IBHI,iShares iBonds 2029 Term High Yield and Income ETF,Cboe BZX,etf,1000000
IBHJ,iShares iBonds 2030 Term High Yield and Income ETF,Cboe BZX,etf,1000000
IBHK,iShares iBonds 2031 Term High Yield and Income ETF,Cboe BZX,etf,1000000
IBHL,iShares iBonds 2032 Term High Yield and Income ETF,Cboe BZX,etf,1000000
IBHM,iShares iBonds 2033 Term High Yield and Income ETF,Cboe BZX,etf,1000000
IBIC,iShares iBonds Oct 2026 Term TIPS ETF,NYSE Arca,etf,1000000
IBID,iShares iBonds Oct 2027 Term TIPS ETF,NYSE Arca,etf,1000000
IBIE,iShares iBonds Oct 2028 Term TIPS ETF,NYSE Arca,etf,1000000
IBIF,iShares iBonds Oct 2029 Term TIPS ETF,NYSE Arca,etf,1000000
IBIG,iShares iBonds Oct 2030 Term TIPS ETF,NYSE Arca,etf,1000000
IBIH,iShares iBonds Oct 2031 Term TIPS ETF,NYSE Arca,etf,1000000
IBII,iShares iBonds Oct 2032 Term TIPS ETF,NYSE Arca,etf,1000000
IBIJ,iShares iBonds Oct 2033 Term TIPS ETF,NYSE Arca,etf,1000000
IBIK,iShares iBonds Oct 2034 Term TIPS ETF,NYSE Arca,etf,1000000
IBIL,iShares iBonds Oct 2035 Term TIPS ETF,NYSE Arca,etf,1000000
IBIM,iShares iBonds Oct 2036 Term TIPS ETF,NYSE Arca,etf,1000000
IBLC,iShares Blockchain and Tech ETF,NYSE Arca,etf,1000000
IBMO,iShares iBonds Dec 2026 Term Muni Bond ETF,Cboe BZX,etf,1000000
IBMP,iShares iBonds Dec 2027 Term Muni Bond ETF,Cboe BZX,etf,1000000
IBMQ,iShares iBonds Dec 2028 Term Muni Bond ETF,Cboe BZX,etf,1000000
IBMR,iShares iBonds Dec 2029 Term Muni Bond ETF,Cboe BZX,etf,1000000
IBMS,iShares iBonds Dec 2030 Term Muni Bond ETF,Cboe BZX,etf,1000000
IBMT,iShares iBonds Dec 2031 Term Muni Bond ETF,Cboe BZX,etf,1000000
IBMU,iShares iBonds Dec 2032 Term Muni Bond ETF,Cboe BZX,etf,1000000
IBMV,iShares iBonds Dec 2033 Term Muni Bond ETF,Cboe BZX,etf,1000000
IBMW,iShares iBonds Dec 2034 Term Muni Bond ETF,Cboe BZX,etf,1000000
IBMX,iShares iBonds Dec 2035 Term Muni Bond ETF,Cboe BZX,etf,1000000
IBND,State Street SPDR Bloomberg International Corporate Bond ETF,NYSE Arca,etf,1000000
IBOT,VanEck Robotics ETF,NASDAQ,etf,1000000
IBRN,iShares Neuroscience and Healthcare ETF,NYSE Arca,etf,1000000
IBTG,iShares iBonds Dec 2026 Term Treasury ETF,NASDAQ,etf,1000000
IBTH,iShares iBonds Dec 2027 Term Treasury ETF,NASDAQ,etf,1000000
IBTI,iShares iBonds Dec 2028 Term Treasury ETF,NASDAQ,etf,1000000
IBTJ,iShares iBonds Dec 2029 Term Treasury ETF,NASDAQ,etf,1000000
IBTK,iShares iBonds Dec 2030 Term Treasury ETF,NASDAQ,etf,1000000
IBTL,iShares iBonds Dec 2031 Term Treasury ETF,NASDAQ,etf,1000000
IBTM,iShares iBonds Dec 2032 Term Treasury ETF,NASDAQ,etf,1000000
IBTO,iShares iBonds Dec 2033 Term Treasury ETF,NASDAQ,etf,1000000
IBTP,iShares iBonds Dec 2034 Term Treasury ETF,NASDAQ,etf,1000000
IBTQ,iShares iBonds Dec 2035 Term Treasury ETF,NASDAQ,etf,1000000
IBTR,iShares iBonds Dec 2036 Term Treasury ETF,NASDAQ,etf,1000000
IBUF,Innovator International Developed 10 Buffer ETF - Quarterly,NYSE Arca,etf,1000000
IBUY,Amplify Online Retail ETF,NYSE Arca,etf,1000000
IBX,Tradr 2X Long IBM Daily ETF,Cboe BZX,etf,1000000
ICAP,Infrastructure Capital Equity Income ETF,NYSE Arca,etf,1000000
ICF,iShares Select U.S. REIT ETF,Cboe BZX,etf,1000000
ICLN,iShares Global Clean Energy ETF,NASDAQ,etf,1000000
ICMO,Symmetry Panoramic International Country Momentum ETF,NASDAQ,etf,1000000
ICOP,iShares Copper and Metals Mining ETF,NASDAQ,etf,1000000
ICOW,Pacer Developed Markets International Cash Cows 100 ETF,Cboe BZX,etf,1000000
ICPI,iShares 0-1 Year TIPS Bond ETF,NYSE Arca,etf,1000000
ICPY,"Tweedy, Browne International Insider + Value ETF",NYSE Arca,etf,1000000
ICSH,iShares Ultra Short Duration Bond Active ETF,Cboe BZX,etf,1000000
ICVT,iShares Convertible Bond ETF,Cboe BZX,etf,1000000
IDAU,Corgi International Developed Equities 15% Structured Buffer ETF - August Series,Cboe BZX,etf,1000000
IDEC,Innovator International Developed Power Buffer ETF  December,NYSE Arca,etf,1000000
IDEF,iShares Defense Industrials and Tech Active ETF,NASDAQ,etf,1000000
IDEQ,Lazard International Dynamic Equity ETF,NYSE Arca,etf,1000000
IDEV,iShares Core MSCI International Developed Markets ETF,NYSE Arca,etf,1000000
IDGT,iShares U.S. Digital Infrastructure and Real Estate ETF,NYSE Arca,etf,1000000
IDHQ,Invesco S&P International Developed Quality ETF,NYSE Arca,etf,1000000
IDJL,Corgi International Developed Equities 15% Structured Buffer ETF - July Series,Cboe BZX,etf,1000000
IDJN,Corgi International Developed Equities 15% Structured Buffer ETF - June Series,Cboe BZX,etf,1000000
IDLV,Invesco S&P International Developed Low Volatility ETF,NYSE Arca,etf,1000000
IDMO,Invesco S&P International Developed Momentum ETF,NYSE Arca,etf,1000000
IDMY,Corgi International Developed Equities 15% Structured Buffer ETF - May Series,Cboe BZX,etf,1000000
IDNA,iShares Genomics Immunology and Healthcare ETF,NYSE Arca,etf,1000000
IDOG,ALPS International Sector Dividend Dogs ETF,NYSE Arca,etf,1000000
IDRV,iShares Self-Driving EV and Tech ETF,NYSE Arca,etf,1000000
IDSE,Corgi International Developed Equities 15% Structured Buffer ETF - September Series,Cboe BZX,etf,1000000
IDU,iShares U.S. Utilities ETF,NYSE Arca,etf,1000000
IDUB,Aptus International Enhanced Yield ETF,Cboe BZX,etf,1000000
IDV,iShares International Select Dividend ETF,Cboe BZX,etf,1000000
IDVO,Amplify CWP International Enhanced Dividend Income ETF,NYSE Arca,etf,1000000
IDVY,First Trust International Rising Dividend Achievers ETF,NASDAQ,etf,1000000
IDVZ,Polen International Dividend Income Fund,Cboe BZX,etf,1000000
IDX,VanEck Indonesia Index ETF,NYSE Arca,etf,1000000
IDYN,iShares International Equity Factor Rotation Active ETF,NYSE Arca,etf,1000000
IEF,iShares 7-10 Year Treasury Bond ETF,NASDAQ,etf,1000000
IEFA,iShares Core MSCI EAFE ETF,Cboe BZX,etf,1000000
IEI,iShares 3-7 Year Treasury Bond ETF,NASDAQ,etf,1000000
IEMG,iShares Core MSCI Emerging Markets ETF,NYSE Arca,etf,1000000
IEO,iShares U.S. Oil & Gas Exploration & Production ETF,Cboe BZX,etf,1000000
IETC,iShares U.S. Tech Independence Focused ETF,Cboe BZX,etf,1000000
IEUR,iShares Core MSCI Europe ETF,NYSE Arca,etf,1000000
IEUS,iShares MSCI Europe Small-Cap ETF,NASDAQ,etf,1000000
IEV,iShares Europe ETF,NYSE Arca,etf,1000000
IEZ,iShares U.S. Oil Equipment & Services ETF,NYSE Arca,etf,1000000
IFEB,Innovator International Developed Power Buffer ETF  February,NYSE Arca,etf,1000000
IFGL,iShares International Developed Real Estate ETF,NASDAQ,etf,1000000
IFLN,Invesco Bloomberg Enhanced Fallen Angels ETF,NYSE Arca,etf,1000000
IFLO,VictoryShares International Free Cash Flow ETF,NASDAQ,etf,1000000
IFLR,Innovator International Developed Managed Floor ETF,NYSE Arca,etf,1000000
IFRA,iShares U.S. Infrastructure ETF,Cboe BZX,etf,1000000
IFV,First Trust Dorsey Wright International Focus 5 ETF,NASDAQ,etf,1000000
IG,Principal Investment Grade Corporate Active ETF,Cboe BZX,etf,1000000
IGBH,iShares Interest Rate Hedged Long-Term Corporate Bond ETF,NYSE Arca,etf,1000000
IGCB,TCW Corporate Bond ETF,NYSE,etf,1000000
IGE,iShares North American Natural Resources ETF,Cboe BZX,etf,1000000
IGEB,iShares Investment Grade Systematic Bond ETF,Cboe BZX,etf,1000000
IGF,iShares Global Infrastructure ETF,NASDAQ,etf,1000000
IGGY,AB International Growth ETF,NYSE Arca,etf,1000000
IGHG,ProShares Investment Grade-Interest Rate Hedged,Cboe BZX,etf,1000000
IGIB,iShares 5-10 Year Investment Grade Corporate Bond ETF,NASDAQ,etf,1000000
IGLB,iShares 10  Year Investment Grade Corporate Bond ETF,NYSE Arca,etf,1000000
IGLD,FT Vest Gold Strategy Target Income ETF,Cboe BZX,etf,1000000
IGM,iShares Expanded Tech Sector ETF,NYSE Arca,etf,1000000
IGOV,iShares International Treasury Bond ETF,NASDAQ,etf,1000000
IGPT,Invesco AI and Next Gen Software ETF,NYSE Arca,etf,1000000
IGRO,iShares International Dividend Growth ETF,Cboe BZX,etf,1000000
IGSB,iShares 1-5 Year Investment Grade Corporate Bond ETF,NASDAQ,etf,1000000
IGV,iShares Expanded Tech-Software Sector ETF,Cboe BZX,etf,1000000
IHAK,iShares Cybersecurity and Tech ETF,NYSE Arca,etf,1000000
IHDG,WisdomTree International Hedged Quality Dividend Growth Fund,NYSE Arca,etf,1000000
IHE,iShares U.S. Pharmaceutical ETF,NYSE Arca,etf,1000000
IHF,iShares U.S. Health Care Providers ETF,NYSE Arca,etf,1000000
IHI,iShares U.S. Medical Devices ETF,NYSE Arca,etf,1000000
IHY,VanEck International High Yield Bond ETF,NYSE Arca,etf,1000000
IIGD,Invesco Investment Grade Defensive ETF,NYSE Arca,etf,1000000
IINC,Alki Consolidated Income ETF,NYSE Arca,etf,1000000
IJAN,Innovator International Developed Power Buffer ETF January,NYSE Arca,etf,1000000
IJH,iShares Core S&P Mid-Cap ETF,NYSE Arca,etf,1000000
IJJ,iShares S&P Mid-Cap 400 Value ETF,NYSE Arca,etf,1000000
IJK,iShares S&P Mid-Cap 400 Growth ETF,NYSE Arca,etf,1000000
IJR,iShares Core S&P Small-Cap ETF,NYSE Arca,etf,1000000
IJS,iShares S&P SmallCap 600 Value ETF,NYSE Arca,etf,1000000
IJT,iShares S&P SmallCap 600 Growth ETF,NASDAQ,etf,1000000
IJUL,Innovator International Developed Power Buffer ETF  July,NYSE Arca,etf,1000000
IJUN,Innovator International Developed Power Buffer ETF June,NYSE Arca,etf,1000000
ILCB,iShares Morningstar Large-Cap ETF,NYSE Arca,etf,1000000
ILCG,iShares Morningstar Large-Cap Growth ETF,NYSE Arca,etf,1000000
ILCV,iShares Morningstar Large-Cap  Value ETF,NYSE Arca,etf,1000000
ILDR,First Trust Innovation Leaders ETF,NYSE Arca,etf,1000000
ILF,iShares Latin America 40 ETF,NYSE Arca,etf,1000000
ILIT,iShares Lithium Miners and Producers ETF,NASDAQ,etf,1000000
ILOW,AB International Low Volatility Equity ETF,NYSE Arca,etf,1000000
ILS,Brookmont Catastrophic Bond ETF,F,etf,1000000
ILTB,iShares Core 10  Year USD Bond ETF,NYSE Arca,etf,1000000
IMAR,Innovator International Developed Power Buffer ETF  March,NYSE Arca,etf,1000000
IMAY,Innovator International Developed Power Buffer ETF - May,NYSE Arca,etf,1000000
IMCB,iShares Morningstar Mid-Cap ETF,NYSE Arca,etf,1000000
IMCG,iShares Morningstar Mid-Cap Growth ETF,NYSE Arca,etf,1000000
IMCV,iShares Morningstar Mid-Cap Value ETF,NASDAQ,etf,1000000
IMF,Invesco Managed Futures Strategy ETF,Cboe BZX,etf,1000000
IMFL,Invesco International Developed Dynamic Multifactor ETF,Cboe BZX,etf,1000000
IMOM,Alpha Architect International Quantitative Momentum ETF,NASDAQ,etf,1000000
IMTB,iShares Core 5-10 Year USD Bond ETF,NYSE Arca,etf,1000000
IMTG,Invesco Agency MBS ETF,Cboe BZX,etf,1000000
IMTM,iShares MSCI Intl Momentum Factor ETF,NYSE Arca,etf,1000000
IMVP,Invesco India ETF,NYSE Arca,etf,1000000
INCE,Franklin Income Equity Focus ETF,NYSE Arca,etf,1000000
INCM,Franklin Income Focus ETF,NYSE Arca,etf,1000000
INCO,Columbia India Consumer ETF,NYSE Arca,etf,1000000
IND,Xtrackers Nifty 500 India ETF,NASDAQ,etf,1000000
INDA,iShares MSCI India ETF,Cboe BZX,etf,1000000
INDE,Matthews India Active ETF,NYSE Arca,etf,1000000
INDH,WisdomTree India Hedged Equity Fund,NASDAQ,etf,1000000
INDL,Direxion Daily MSCI India Bull 2X ETF,NYSE Arca,etf,1000000
INDQ,Pacer ActiveAlpha India Quality ETF,NASDAQ,etf,1000000
INDS,Pacer Industrial Real Estate ETF,NYSE Arca,etf,1000000
INDY,iShares India 50 ETF,NASDAQ,etf,1000000
INDZ,VanEck India Select ETF,NYSE Arca,etf,1000000
INEQ,Columbia International Equity Income ETF,NYSE Arca,etf,1000000
INFH,Defiance Daily Target 2X Long INFQ ETF,Cboe BZX,etf,1000000
INFL,Horizon Kinetics Inflation Beneficiaries ETF,NYSE Arca,etf,1000000
INFO,Harbor PanAgora Dynamic Large Cap Core ETF,NYSE,etf,1000000
INKM,State Street Income Allocation ETF,NYSE Arca,etf,1000000
INMU,iShares Intermediate Muni Income Active ETF,NYSE Arca,etf,1000000
INOV,Innovator International Developed Power Buffer ETF  November,NYSE Arca,etf,1000000
INQQ,INQQ The India Internet ETF,NYSE Arca,etf,1000000
INRO,iShares U.S. Industry Rotation Active ETF,NASDAQ,etf,1000000
INT,Corgi INTC 2x Daily ETF,Cboe BZX,etf,1000000
INTF,iShares International Equity Factor ETF,NYSE Arca,etf,1000000
INTL,Main International ETF,Cboe BZX,etf,1000000
INTM,Invesco Intermediate Municipal ETF,Cboe BZX,etf,1000000
INTW,GraniteShares 2x Long INTC Daily ETF,NASDAQ,etf,1000000
INVG,GMO Systematic Investment Grade Credit ETF,NYSE Arca,etf,1000000
INVN,Alger Russell Innovation ETF,NYSE Arca,etf,1000000
INYY,YieldMax INTC Option Income Strategy ETF,NYSE Arca,etf,1000000
IOCT,Innovator International Developed Power Buffer ETF - October,NYSE Arca,etf,1000000
ION,ProShares S&P Global Core Battery Metals ETF,NYSE Arca,etf,1000000
IONC,Corgi IONQ 2x Daily ETF,Cboe BZX,etf,1000000
IONL,GraniteShares 2x Long IONQ Daily ETF,NASDAQ,etf,1000000
IONX,Defiance Daily Target 2X Long IONQ ETF,NASDAQ,etf,1000000
IONZ,Defiance Daily Target 2x Short IONQ ETF,NASDAQ,etf,1000000
IOO,iShares Global 100 ETF,NYSE Arca,etf,1000000
IOPP,Simplify Tara India Opportunities ETF,NYSE Arca,etf,1000000
IOSX,Corgi AAPL 2x Daily ETF,Cboe BZX,etf,1000000
IOYY,GraniteShares YieldBOOST IONQ ETF,NASDAQ,etf,1000000
IPAC,iShares Core MSCI Pacific ETF,NYSE Arca,etf,1000000
IPAV,Global X Infrastructure Development ex-U.S. ETF,Cboe BZX,etf,1000000
IPAY,Amplify Digital Payments ETF,NYSE Arca,etf,1000000
IPKW,Invesco International BuyBack Achievers ETF,NASDAQ,etf,1000000
IPO,Renaissance IPO ETF,NYSE Arca,etf,1000000
IPOS,Renaissance Capital Greenwich Fund,NYSE Arca,etf,1000000
IQDF,Northern Trust International Quality Dividend ETF,NYSE Arca,etf,1000000
IQDG,WisdomTree International Quality Dividend Growth Fund,Cboe BZX,etf,1000000
IQDY,Northern Trust International Quality Dividend Dynamic ETF,NYSE Arca,etf,1000000
IQGR,Astoria International Quality Growth Kings ETF,NASDAQ,etf,1000000
IQHI,NYLIM MacKay High Income ETF,NYSE Arca,etf,1000000
IQLT,iShares MSCI Intl Quality Factor ETF,NYSE Arca,etf,1000000
IQM,Franklin Intelligent Machines ETF,Cboe BZX,etf,1000000
IQMM,ProShares GENIUS Money Market ETF,NYSE Arca,etf,1000000
IQQ,iShares Nasdaq 100 ETF,NASDAQ,etf,1000000
IQQQ,ProShares Nasdaq-100 High Income ETF,NASDAQ,etf,1000000
IQSI,NYLIM Candriam International Equity ETF,NYSE Arca,etf,1000000
IQSM,NYLIM Candriam U.S. Mid Cap Equity ETF,NYSE Arca,etf,1000000
IQSU,NYLIM Candriam U.S. Large Cap Equity ETF,NYSE Arca,etf,1000000
IQSZ,Invesco Global Equity Net Zero ETF,NYSE Arca,etf,1000000
IRE,Defiance Daily Target 2X Long IREN ETF,NYSE Arca,etf,1000000
IREC,Corgi IREN 2x Daily ETF,Cboe BZX,etf,1000000
IREG,Leverage Shares 2X Long IREN Daily ETF,NASDAQ,etf,1000000
IREX,Tradr 2X Long IREN Daily ETF,Cboe BZX,etf,1000000
IREZ,Tradr 2X Short IREN Daily ETF,Cboe BZX,etf,1000000
IROC,Invesco Rochester High Yield Municipal ETF,Cboe BZX,etf,1000000
IRTR,iShares LifePath Retirement ETF,NYSE Arca,etf,1000000
IRVH,Global X Interest Rate Volatility & Inflation Hedge ETF,NYSE Arca,etf,1000000
ISBG,IncomeSTKd 1x Bitcoin & 1x Gold Premium ETF,Cboe BZX,etf,1000000
ISCB,iShares Morningstar Small-Cap ETF,NYSE Arca,etf,1000000
ISCF,iShares International Small-Cap Equity Factor ETF,NYSE Arca,etf,1000000
ISCG,iShares Morningstar Small-Cap Growth ETF,NYSE Arca,etf,1000000
ISCV,iShares Morningstar Small-Cap Value ETF,NYSE Arca,etf,1000000
ISEP,Innovator International Developed Power Buffer ETF  September,NYSE Arca,etf,1000000
ISHG,iShares 1-3 Year International Treasury Bond ETF,NASDAQ,etf,1000000
ISHP,First Trust S-Network E-Commerce ETF,NASDAQ,etf,1000000
ISMD,Inspire Small/Mid Cap ETF,NYSE Arca,etf,1000000
ISMF,iShares Managed Futures Active ETF,Cboe BZX,etf,1000000
ISPY,ProShares S&P 500 High Income ETF,Cboe BZX,etf,1000000
ISRA,VanEck Israel ETF,NYSE Arca,etf,1000000
ISRL,Defiance KSM Israel 120 ETF,NASDAQ,etf,1000000
ISSB,IncomeSTKd 1x US Stocks & 1x Bitcoin Premium ETF,Cboe BZX,etf,1000000
ISTB,iShares Core 1-5 Year USD Bond ETF,NASDAQ,etf,1000000
ISTM,iShares Strategic Metals ETF,NASDAQ,etf,1000000
ISUL,GraniteShares 2x Long ISRG Daily ETF,NASDAQ,etf,1000000
ISVL,iShares International Developed Small Cap Value Factor ETF,Cboe BZX,etf,1000000
ISWN,Amplify BlackSwan ISWN ETF,NYSE Arca,etf,1000000
ITA,iShares U.S. Aerospace & Defense ETF,Cboe BZX,etf,1000000
ITAN,Sparkline Intangible Value ETF,NYSE Arca,etf,1000000
ITB,iShares U.S. Home Construction ETF,Cboe BZX,etf,1000000
ITDB,iShares LifePath Target Date 2030 ETF,NYSE Arca,etf,1000000
ITDC,iShares LifePath Target Date 2035 ETF,NYSE Arca,etf,1000000
ITDD,iShares LifePath Target Date 2040 ETF,NYSE Arca,etf,1000000
ITDE,iShares LifePath Target Date 2045 ETF,NYSE Arca,etf,1000000
ITDF,iShares LifePath Target Date 2050 ETF,NYSE Arca,etf,1000000
ITDG,iShares LifePath Target Date 2055 ETF,NYSE Arca,etf,1000000
ITDH,iShares LifePath Target Date 2060 ETF,NYSE Arca,etf,1000000
ITDI,iShares LifePath Target Date 2065 ETF,NYSE Arca,etf,1000000
ITDJ,iShares LifePath Target Date 2070 ETF,NYSE Arca,etf,1000000
ITEQ,Amplify BlueStar Israel Technology ETF,NYSE Arca,etf,1000000
ITM,VanEck Intermediate Muni ETF,Cboe BZX,etf,1000000
ITOT,iShares Core S&P Total U.S. Stock Market ETF,NYSE Arca,etf,1000000
ITWO,ProShares Russell 2000 High Income ETF,Cboe BZX,etf,1000000
IUS,Invesco RAFI Strategic US ETF,NASDAQ,etf,1000000
IUSB,iShares Core Universal USD Bond ETF,NASDAQ,etf,1000000
IUSG,iShares Core S&P U.S. Growth ETF,NASDAQ,etf,1000000
IUSV,iShares Core S&P U.S. Value ETF,NASDAQ,etf,1000000
IVAL,Alpha Architect International Quantitative Value ETF,NASDAQ,etf,1000000
IVE,iShares S&P 500 Value ETF,NYSE Arca,etf,1000000
IVEP,Dan IVES Wedbush AI Power & Infrastructure ETF,NYSE Arca,etf,1000000
IVES,Dan IVES Wedbush AI Revolution ETF,NYSE Arca,etf,1000000
IVLU,iShares MSCI Intl Value Factor ETF,NYSE Arca,etf,1000000
IVOG,Vanguard S&P Mid-Cap 400 Growth ETF,NYSE Arca,etf,1000000
IVOL,Quadratic Interest Rate Volatility and Inflation Hedge ETF,NYSE Arca,etf,1000000
IVOO,Vanguard S&P Mid-Cap 400 ETF,NYSE Arca,etf,1000000
IVOV,Vanguard S&P Mid-Cap 400 Value ETF,NYSE Arca,etf,1000000
IVSI,Applied Finance IVS International Large ETF,NASDAQ,etf,1000000
IVSS,Applied Finance IVS US SMID ETF,NASDAQ,etf,1000000
IVSX,Applied Finance IVS International SMID ETF,NASDAQ,etf,1000000
IVV,iShares Core S&P 500 ETF,NYSE Arca,etf,1000000
IVVB,iShares Large Cap Deep Quarterly Laddered ETF,Cboe BZX,etf,1000000
IVVM,iShares Large Cap Moderate Quarterly Laddered ETF,Cboe BZX,etf,1000000
IVVW,iShares S&P 500 BuyWrite ETF,Cboe BZX,etf,1000000
IVW,iShares S&P 500 Growth ETF,NYSE Arca,etf,1000000
IWB,iShares Russell 1000 ETF,NYSE Arca,etf,1000000
IWC,iShares Microcap ETF,NYSE Arca,etf,1000000
IWD,iShares Russell 1000 Value ETF,NYSE Arca,etf,1000000
IWF,iShares Russell 1000 Growth Fund,NYSE Arca,etf,1000000
IWFG,NYLIM Winslow Focused Large Cap Growth ETF,NYSE Arca,etf,1000000
IWL,iShares Russell Top 200 ETF,NYSE Arca,etf,1000000
IWLG,NYLIM Winslow Large Cap Growth ETF,NYSE Arca,etf,1000000
IWM,iShares Russell 2000 Index Fund,NYSE Arca,etf,1000000
IWMI,NEOS Russell 2000 High Income ETF,Cboe BZX,etf,1000000
IWMW,iShares Russell 2000 BuyWrite ETF,Cboe BZX,etf,1000000
IWMY,Defiance R2000 Weekly Distribution ETF,NYSE Arca,etf,1000000
IWN,iShares Russell 2000 Value ETF,NYSE Arca,etf,1000000
IWO,iShares Russell 2000 Growth Fund,NYSE Arca,etf,1000000
IWP,iShares Russell Midcap Growth ETF,NYSE Arca,etf,1000000
IWR,iShares Russell Mid-Cap ETF,NYSE Arca,etf,1000000
IWS,iShares Russell Mid-Cap Value ETF,NYSE Arca,etf,1000000
IWV,iShares Russell 3000 Fund,NYSE Arca,etf,1000000
IWX,iShares Russell Top 200 Value ETF,NYSE Arca,etf,1000000
IWY,iShares Russell Top 200 Growth ETF,NYSE Arca,etf,1000000
IXC,iShares Global Energy ETF,NYSE Arca,etf,1000000
IXG,iShares Global Financial ETF,NYSE Arca,etf,1000000
IXJ,iShares Global Healthcare ETF,NYSE Arca,etf,1000000
IXN,iShares Global Tech ETF,NYSE Arca,etf,1000000
IXP,iShares Global Comm Services ETF,NYSE Arca,etf,1000000
IXUS,iShares Core MSCI Total International Stock ETF,NASDAQ,etf,1000000
IYC,iShares U.S. Consumer Discretionary ETF,NYSE Arca,etf,1000000
IYE,iShares U.S. Energy ETF,NYSE Arca,etf,1000000
IYF,iShares U.S. Financial ETF,NYSE Arca,etf,1000000
IYG,iShares U.S. Financial Services ETF,NYSE Arca,etf,1000000
IYH,iShares U.S. Healthcare ETF,NYSE Arca,etf,1000000
IYJ,iShares U.S. Industrials ETF,Cboe BZX,etf,1000000
IYK,iShares U.S. Consumer Staples ETF,NYSE Arca,etf,1000000
IYLD,iShares Morningstar Multi-Asset Income ETF,Cboe BZX,etf,1000000
IYM,iShares U.S. Basic Materials ETF,NYSE Arca,etf,1000000
IYR,iShares U.S. Real Estate ETF,NYSE Arca,etf,1000000
IYRI,NEOS Real Estate High Income ETF,Cboe BZX,etf,1000000
IYT,iShares U.S. Transportation ETF,Cboe BZX,etf,1000000
IYW,iShares U.S. Technology ETF,NYSE Arca,etf,1000000
IYY,iShares Dow Jones U.S. ETF,NYSE Arca,etf,1000000
IYZ,iShares U.S. Telecommunications ETF,Cboe BZX,etf,1000000
IZRL,ARK Israel Innovative Technology ETF,Cboe BZX,etf,1000000
JA,Janus Henderson AA-A CLO ETF,NYSE Arca,etf,1000000
JAAA,Janus Henderson AAA CLO ETF,NYSE Arca,etf,1000000
JABS,Janus Henderson Asset-Backed Securities ETF,NYSE Arca,etf,1000000
JADB,Aptus January Deep Buffer ETF,Cboe BZX,etf,1000000
JADE,JPMorgan Active Developing Markets Equity ETF,NYSE Arca,etf,1000000
JAJL,Innovator Equity Defined Protection ETF - 6mo Jan/Jul,Cboe BZX,etf,1000000
JANB,Aptus January Buffer ETF,Cboe BZX,etf,1000000
JANH,Innovator Premium Income 20 Barrier ETF - January,Cboe BZX,etf,1000000
JANI,AllianzIM International Equity Buffer15 Uncapped Jan ETF,Cboe BZX,etf,1000000
JANJ,Innovator Premium Income 30 Barrier ETF - January,Cboe BZX,etf,1000000
JANM,FT Vest U.S. Equity Max Buffer ETF - January,Cboe BZX,etf,1000000
JANP,PGIM S&P 500 Buffer 12 ETF - January,Cboe BZX,etf,1000000
JANT,AllianzIM U.S. Large Cap Buffer10 Jan ETF,Cboe BZX,etf,1000000
JANU,AllianzIM U.S. Equity Buffer15 Uncapped Jan ETF,Cboe BZX,etf,1000000
JANW,AllianzIM U.S. Large Cap Buffer20 Jan ETF,Cboe BZX,etf,1000000
JANZ,TrueShares Structured Outcome (January) ETF,Cboe BZX,etf,1000000
JAPN,Horizon Kinetics Japan Owner Operator ETF,NASDAQ,etf,1000000
JAVA,JPMorgan Active Value ETF,NYSE Arca,etf,1000000
JBBB,Janus Henderson B-BBB CLO ETF,Cboe BZX,etf,1000000
JBLG,Leverage Shares 2X Long JBL Daily ETF,Cboe BZX,etf,1000000
JBND,JPMorgan Active Bond ETF,NYSE,etf,1000000
JCAL,JPMorgan California Tax Free Bond ETF,NYSE Arca,etf,1000000
JCHI,JPMorgan Active China ETF,NYSE Arca,etf,1000000
JCPB,JPMorgan Core Plus Bond ETF,NYSE Arca,etf,1000000
JCPI,JPMorgan Inflation Managed Bond ETF,NYSE Arca,etf,1000000
JDIV,JPMorgan Dividend Leaders ETF,NYSE Arca,etf,1000000
JDOC,JPMorgan Healthcare Leaders ETF,NASDAQ,etf,1000000
JDST,Direxion Daily Junior Gold Miners Index Bear 2X ETF,NYSE Arca,etf,1000000
JDVI,John Hancock Disciplined Value International Select ETF,NYSE Arca,etf,1000000
JDVL,John Hancock Disciplined Value Select ETF,NYSE Arca,etf,1000000
JEDI,Defiance Drone and Modern Warfare ETF,NYSE Arca,etf,1000000
JELH,Janus Henderson Equity Linked High Income ETF,Cboe BZX,etf,1000000
JELM,Janus Henderson Equity Linked Moderate Income ETF,Cboe BZX,etf,1000000
JEMA,JPMorgan ActiveBuilders Emerging Markets Equity ETF,NASDAQ,etf,1000000
JEMB,Janus Henderson Emerging Markets Debt Hard Currency ETF,NYSE Arca,etf,1000000
JEPI,JPMorgan Equity Premium Income ETF,NYSE Arca,etf,1000000
JEPQ,JPMorgan Nasdaq Equity Premium Income ETF,NASDAQ,etf,1000000
JETS,U.S. Global Jets ETF,NYSE Arca,etf,1000000
JFLI,JPMorgan Flexible Income ETF,NYSE Arca,etf,1000000
JFLX,JPMorgan Flexible Debt ETF,NYSE Arca,etf,1000000
JGLO,JPMorgan Global Select Equity ETF,NASDAQ,etf,1000000
JGRO,JPMorgan Active Growth ETF,NYSE Arca,etf,1000000
JGRW,Jensen Quality Growth ETF,NYSE Arca,etf,1000000
JHAC,John Hancock Fundamental All Cap Core ETF,NYSE Arca,etf,1000000
JHAI,Janus Henderson Global Artificial Intelligence ETF,NASDAQ,etf,1000000
JHCB,John Hancock Corporate Bond ETF,NYSE Arca,etf,1000000
JHCP,John Hancock Core Plus Bond ETF,NYSE Arca,etf,1000000
JHCR,John Hancock Core Bond ETF,NYSE Arca,etf,1000000
JHDG,John Hancock Hedged Equity ETF,NYSE Arca,etf,1000000
JHDV,John Hancock U.S. High Dividend ETF,NYSE Arca,etf,1000000
JHEM,John Hancock Multifactor Emerging Markets ETF,NYSE Arca,etf,1000000
JHHY,John Hancock High Yield ETF,NYSE Arca,etf,1000000
JHID,John Hancock International High Dividend ETF,NYSE Arca,etf,1000000
JHLN,John Hancock Global Senior Loan ETF,NYSE Arca,etf,1000000
JHMB,John Hancock Mortgage-Backed Securities ETF,NYSE Arca,etf,1000000
JHMD,John Hancock Multifactor Developed International ETF,NYSE Arca,etf,1000000
JHML,John Hancock Multifactor Large Cap ETF,NYSE Arca,etf,1000000
JHMM,John Hancock Multifactor Mid Cap ETF,NYSE Arca,etf,1000000
JHMU,John Hancock Dynamic Municipal Bond ETF,NYSE Arca,etf,1000000
JHSC,John Hancock Multifactor Small Cap ETF,NYSE Arca,etf,1000000
JIDE,JPMorgan International Dynamic ETF,NYSE Arca,etf,1000000
JIG,JPMorgan International Growth ETF,NYSE Arca,etf,1000000
JIII,Janus Henderson Income ETF,NYSE Arca,etf,1000000
JINT,Janus Henderson International Core Alpha ETF,NASDAQ,etf,1000000
JIRE,JPMorgan International Research Enhanced Equity ETF,NYSE Arca,etf,1000000
JIVE,JPMorgan International Value ETF,NASDAQ,etf,1000000
JLCO,John Hancock Large Cap Opportunities ETF,NYSE Arca,etf,1000000
JLQD,Janus Henderson Corporate Bond ETF,NYSE Arca,etf,1000000
JLVP,JPMorgan U.S. Large Cap Value Plus ETF,NASDAQ,etf,1000000
JMBS,Janus Henderson Mortgage-Backed Securities ETF,NYSE Arca,etf,1000000
JMEE,JPMorgan Small & Mid Cap Enhanced Equity ETF,NYSE Arca,etf,1000000
JMHI,JPMorgan High Yield Municipal ETF,NYSE Arca,etf,1000000
JMID,Janus Henderson Mid Cap Growth Alpha ETF,NASDAQ,etf,1000000
JMMF,JPMorgan 100% U.S. Treasury Securities Money Market ETF,NYSE Arca,etf,1000000
JMOM,JPMorgan U.S. Momentum Factor ETF,NYSE Arca,etf,1000000
JMSI,JPMorgan Sustainable Municipal Income ETF,NYSE Arca,etf,1000000
JMST,JPMorgan Ultra-Short Municipal Income ETF,NYSE Arca,etf,1000000
JMTG,JPMorgan Mortgage-Backed Securities ETF,NYSE Arca,etf,1000000
JMUB,JPMorgan Municipal ETF,NYSE Arca,etf,1000000
JNEU,AllianzIM U.S. Equity Buffer15 Uncapped June ETF,Cboe BZX,etf,1000000
JNK,State Street SPDR Bloomberg High Yield Bond ETF,NYSE Arca,etf,1000000
JNUG,Direxion Daily Junior Gold Miners Index Bull 2X ETF,NYSE Arca,etf,1000000
JOBC,Corgi JOBY 2x Daily ETF,Cboe BZX,etf,1000000
JOBX,Tradr 2X Long JOBY Daily ETF,Cboe BZX,etf,1000000
JOET,Virtus Terranova U.S. Quality Momentum ETF,NYSE Arca,etf,1000000
JOJO,ATAC Credit Rotation ETF,NYSE Arca,etf,1000000
JOUL,Corgi High Voltage Grid Equipment ETF,Cboe BZX,etf,1000000
JOYT,JPMorgan Equity and Options Total Return ETF,NASDAQ,etf,1000000
JPAN,Matthews Japan Active ETF,NYSE Arca,etf,1000000
JPEF,JPMorgan Equity Focus ETF,NASDAQ,etf,1000000
JPEM,JPMorgan Diversified Return Emerging Markets Equity ETF,NYSE Arca,etf,1000000
JPFP,JPMorgan Managed Futures Plus ETF,NASDAQ,etf,1000000
JPHY,JPMorgan Active High Yield ETF,NYSE Arca,etf,1000000
JPIB,JPMorgan International Bond Opportunities ETF,NYSE Arca,etf,1000000
JPIE,JPMorgan Income ETF,NYSE Arca,etf,1000000
JPIN,JPMorgan Diversified Return International Equity ETF,NYSE Arca,etf,1000000
JPLD,JPMorgan Limited Duration Bond ETF,NYSE Arca,etf,1000000
JPMB,JPMorgan USD Emerging Markets Sovereign Bond ETF,NYSE Arca,etf,1000000
JPME,JPMorgan Diversified Return U.S. Mid Cap Equity ETF,NYSE Arca,etf,1000000
JPO,YieldMax JP Option Income Strategy ETF,NYSE Arca,etf,1000000
JPRE,JPMorgan Realty Income ETF,NYSE Arca,etf,1000000
JPSE,JPMorgan Diversified Return U.S. Small Cap Equity ETF,NYSE Arca,etf,1000000
JPST,JPMorgan Ultra-Short Income ETF,NYSE Arca,etf,1000000
JPSV,JPMorgan Active Small Cap Value ETF,NYSE Arca,etf,1000000
JPUS,JPMorgan Diversified Return U.S. Equity ETF,NYSE Arca,etf,1000000
JPXN,iShares JPX-Nikkei 400 ETF,NYSE Arca,etf,1000000
JPY,Lazard Japanese Equity ETF,NASDAQ,etf,1000000
JQTY,Jensen U.S. Quality Index ETF,NYSE Arca,etf,1000000
JQUA,JPMorgan U.S. Quality Factor ETF,NYSE Arca,etf,1000000
JSCP,JPMorgan Short Duration Core Plus ETF,NYSE Arca,etf,1000000
JSI,Janus Henderson Securitized Income ETF,NYSE Arca,etf,1000000
JSMD,Janus Henderson Small/Mid Cap Growth Alpha ETF,NASDAQ,etf,1000000
JSML,Janus Henderson Small Cap Growth Alpha ETF,NASDAQ,etf,1000000
JSTC,Adasina Social Justice All Cap Global ETF,NYSE Arca,etf,1000000
JTEK,JPMorgan U.S. Tech Leaders ETF,NASDAQ,etf,1000000
JTNY,JPMorgan New York Tax Free Bond ETF,NYSE Arca,etf,1000000
JUCY,Aptus Enhanced Yield ETF,Cboe BZX,etf,1000000
JUDB,Aptus July Deep Buffer ETF,Cboe BZX,etf,1000000
JUDO,Janus Henderson U.S. Equity Enhanced Income ETF,Cboe BZX,etf,1000000
JULB,Aptus July Buffer ETF,Cboe BZX,etf,1000000
JULC,Corgi U.S. Equities 10% Structured Buffer ETF - July Series,Cboe BZX,etf,1000000
JULH,Innovator Premium Income 20 Barrier ETF - July,Cboe BZX,etf,1000000
JULI,AllianzIM International Equity Buffer15 Uncapped Jul ETF,Cboe BZX,etf,1000000
JULJ,Innovator Premium Income 30 Barrier ETF - July,Cboe BZX,etf,1000000
JULM,FT Vest U.S. Equity Max Buffer ETF - July,Cboe BZX,etf,1000000
JULP,PGIM S&P 500 Buffer 12 ETF - July,Cboe BZX,etf,1000000
JULT,AllianzIM U.S. Large Cap Buffer10 Jul ETF,Cboe BZX,etf,1000000
JULU,AllianzIM U.S. Equity Buffer15 Uncapped Jul ETF,Cboe BZX,etf,1000000
JULV,VanEck U.S. Equity Buffer ETF - July,NYSE Arca,etf,1000000
JULW,AllianzIM U.S. Large Cap Buffer20 Jul ETF,Cboe BZX,etf,1000000
JULZ,TrueShares Structured Outcome (July) ETF,Cboe BZX,etf,1000000
JUNC,Corgi U.S. Equities 10% Structured Buffer ETF - June Series,Cboe BZX,etf,1000000
JUNM,FT Vest U.S. Equity Max Buffer ETF - June,Cboe BZX,etf,1000000
JUNP,PGIM S&P 500 Buffer 12 ETF - June,Cboe BZX,etf,1000000
JUNT,AllianzIM U.S. Large Cap Buffer10 Jun ETF,Cboe BZX,etf,1000000
JUNW,AllianzIM U.S. Large Cap Buffer20 Jun ETF,Cboe BZX,etf,1000000
JUNZ,TrueShares Structured Outcome (June) ETF,Cboe BZX,etf,1000000
JUSA,JPMorgan U.S. Research Enhanced Large Cap ETF,NYSE Arca,etf,1000000
JUST,Goldman Sachs JUST U.S. Large Cap Equity ETF,NYSE Arca,etf,1000000
JVAL,JPMorgan U.S. Value Factor ETF,NYSE Arca,etf,1000000
JXI,iShares Global Utilities ETF,NYSE Arca,etf,1000000
JXX,Janus Henderson Transformational Growth ETF,Cboe BZX,etf,1000000
KAIT,KraneShares Asia AI Technology ETF,NYSE Arca,etf,1000000
KAMO,Kensington Credit Opportunities ETF,Cboe BZX,etf,1000000
KAPR,Innovator U.S. Small Cap Power Buffer ETF - April,Cboe BZX,etf,1000000
KARS,KraneShares Electric Vehicles and Future Mobility Index ETF,NYSE Arca,etf,1000000
KAT,Scharf ETF,NASDAQ,etf,1000000
KATT,T-REX 2X Long PURR Daily Target ETF,Cboe BZX,etf,1000000
KAUG,Innovator US Small Cap Power Buffer ETF - August,Cboe BZX,etf,1000000
KBA,KraneShares Bosera MSCI China A 50 Connect Index ETF,NYSE Arca,etf,1000000
KBAB,KraneShares 2x Long BABA Daily ETF,NASDAQ,etf,1000000
KBDU,KraneShares 2x Long BIDU Daily ETF,NASDAQ,etf,1000000
KBE,State Street SPDR S&P Bank ETF,NYSE Arca,etf,1000000
KBFR,Innovator U.S. Small Cap Managed 10 Buffer ETF,NYSE Arca,etf,1000000
KBUF,KraneShares 90% KWEB Defined Outcome January 2027 ETF,NYSE Arca,etf,1000000
KBWB,Invesco KBW Bank ETF,NASDAQ,etf,1000000
KBWD,Invesco KBW High Dividend Yield Financial ETF,NASDAQ,etf,1000000
KBWP,Invesco KBW Property & Casualty Insurance ETF,NASDAQ,etf,1000000
KBWY,Invesco KBW Premium Yield Equity REIT ETF,NASDAQ,etf,1000000
KCAI,KraneShares China Alpha Index ETF,NYSE Arca,etf,1000000
KCCA,KraneShares California Carbon Allowance Strategy ETF,NYSE Arca,etf,1000000
KCE,State Street SPDR S&P Capital Markets ETF,NYSE Arca,etf,1000000
KCHP,KICK Korea Semiconductor Index ETF,NYSE Arca,etf,1000000
KCOP,Kurv Copper & Mining Enhanced Income ETF,Cboe BZX,etf,1000000
KCSH,KraneShares Sustainable Ultra Short Duration Index ETF,NYSE Arca,etf,1000000
KDEC,Innovator U.S. Small Cap Power Buffer ETF - December,Cboe BZX,etf,1000000
KDEF,PLUS Korea Defense Industry Index ETF,NYSE Arca,etf,1000000
KDRN,Kingsbarn Tactical Bond ETF,NYSE Arca,etf,1000000
KDVD,Keeley Dividend ETF,NYSE Arca,etf,1000000
KEAT,Keating Active ETF,NASDAQ,etf,1000000
KEEX,Defiance Daily Target 2x Long KEEL ETF,Cboe BZX,etf,1000000
KEMQ,KraneShares Public-Private Emerging Markets Internet and Technology ETF,NYSE Arca,etf,1000000
KEMX,KraneShares MSCI Emerging Markets ex China Index ETF,NYSE Arca,etf,1000000
KEO,Kurv Equity Option Income ETF,Cboe BZX,etf,1000000
KEYG,Leverage Shares 2X Long KEYS Daily ETF,Cboe BZX,etf,1000000
KEYX,Corgi KEYS 2x Daily ETF,Cboe BZX,etf,1000000
KFEB,Innovator U.S. Small Cap Power Buffer ETF - February,Cboe BZX,etf,1000000
KGLD,Kurv Gold Enhanced Income ETF,Cboe BZX,etf,1000000
KGRN,KraneShares MSCI China Clean Technology Index ETF,NYSE Arca,etf,1000000
KHPI,Kensington Hedged Premium Income ETF,Cboe BZX,etf,1000000
KHYB,KraneShares Asia Pacific High Income USD Bond ETF,NYSE Arca,etf,1000000
KIE,State Street SPDR S&P Insurance ETF,NYSE Arca,etf,1000000
KIQQ,KraneShares InspereX Nasdaq Dynamic Buffered High Income Index ETF,NASDAQ,etf,1000000
KJAN,Innovator U.S. Small Cap Power Buffer ETF - January,Cboe BZX,etf,1000000
KJD,KraneShares 2x Long JD Daily ETF,NASDAQ,etf,1000000
KJUL,Innovator U.S. Small Cap Power Buffer ETF - July,Cboe BZX,etf,1000000
KJUN,Innovator U.S. Small Cap Power Buffer ETF - June,Cboe BZX,etf,1000000
KLAG,Leverage Shares 2x Long KLAC Daily ETF,NASDAQ,etf,1000000
KLIP,KraneShares KWEB Covered Call Strategy ETF,NYSE Arca,etf,1000000
KLMN,Invesco MSCI North America Climate ETF,NYSE Arca,etf,1000000
KLMT,Invesco MSCI Global Climate 500 ETF,NYSE Arca,etf,1000000
KMAR,Innovator U.S. Small Cap Power Buffer ETF - March,Cboe BZX,etf,1000000
KMAY,Innovator U.S. Small Cap Power Buffer ETF - May,Cboe BZX,etf,1000000
KMCA,PLUS Korea Manufacturing Core Alliance Index ETF,NYSE Arca,etf,1000000
KMEM,Kurv Memory Select ETF,Cboe BZX,etf,1000000
KMID,Virtus KAR Mid-Cap ETF,NYSE Arca,etf,1000000
KMLI,KraneShares 2x Long MELI Daily ETF,NASDAQ,etf,1000000
KMLM,KraneShares Mount Lucas Managed Futures Index Strategy ETF,NYSE Arca,etf,1000000
KNCT,Invesco Next Gen Connectivity ETF,NYSE Arca,etf,1000000
KNG,FT Vest S&P 500 Dividend Aristocrats Target Income ETF,Cboe BZX,etf,1000000
KNGZ,First Trust S&P 500 Diversified Dividend Aristocrats ETF,NASDAQ,etf,1000000
KNO,AXS Knowledge Leaders ETF,NYSE Arca,etf,1000000
KNOV,Innovator U.S. Small Cap Power Buffer ETF - November,Cboe BZX,etf,1000000
KNOW,Fundamentals First ETF,Cboe BZX,etf,1000000
KNRG,Simplify Kayne Anderson Energy and Infrastructure Credit ETF,NYSE Arca,etf,1000000
KOCT,Innovator U.S. Small Cap Power Buffer ETF - October,Cboe BZX,etf,1000000
KOID,KraneShares Global Humanoid Robotics and Physical AI Index ETF,NASDAQ,etf,1000000
KOKU,Xtrackers MSCI Kokusai Equity ETF,NYSE Arca,etf,1000000
KOMP,State Street SPDR S&P Kensho New Economies Composite ETF,NYSE Arca,etf,1000000
KONG,Formidable Fortress ETF,Cboe BZX,etf,1000000
KOOL,North Shore Equity Rotation ETF,NYSE Arca,etf,1000000
KORP,American Century Diversified Corporate Bond ETF,NYSE Arca,etf,1000000
KORU,Direxion Daily South Korea Bull 3X ETF,NYSE Arca,etf,1000000
KPDD,KraneShares 2x Long PDD Daily ETF,NASDAQ,etf,1000000
KPHO,KraneShares Dragon Capital Growth of Vietnam Index ETF,NYSE Arca,etf,1000000
KPO,Kensington Premium Opportunities ETF,Cboe BZX,etf,1000000
KPRO,KraneShares 100% KWEB Defined Outcome January 2027 ETF,NYSE Arca,etf,1000000
KQQQ,Kurv Technology Titans Select ETF,NASDAQ,etf,1000000
KRBN,KraneShares Global Carbon Strategy ETF,NYSE Arca,etf,1000000
KRE,State Street SPDR S&P Regional Banking ETF,NYSE Arca,etf,1000000
KROP,Global X AgTech & Food Innovation ETF,NASDAQ,etf,1000000
KRWX,Corgi South Korea 2x Daily ETF,Cboe BZX,etf,1000000
KRYP,ProShares CoinDesk 20 Crypto ETF,NYSE Arca,etf,1000000
KSA,iShares MSCI Saudi Arabia ETF,NYSE Arca,etf,1000000
KSEP,Innovator U.S. Small Cap Power Buffer ETF - September,Cboe BZX,etf,1000000
KSLV,Kurv Silver Enhanced Income ETF,Cboe BZX,etf,1000000
KSMH,xETFs Korea AI Semiconductor,NASDAQ,etf,1000000
KSPY,KraneShares Hedgeye Hedged Equity Index ETF,NYSE Arca,etf,1000000
KSTR,KraneShares China Technology & Semiconductor STAR 50 Index ETF,NYSE Arca,etf,1000000
KTEC,KraneShares Hang Seng TECH Index ETF,NYSE Arca,etf,1000000
KTUP,T-REX 2X Long KTOS Daily Target ETF,Cboe BZX,etf,1000000
KURE,KraneShares MSCI All China Health Care Index ETF,NYSE Arca,etf,1000000
KVLE,KraneShares Value Line Dynamic Dividend Equity Index ETF,NYSE Arca,etf,1000000
KWEB,KraneShares CSI China Internet ETF,NYSE Arca,etf,1000000
KWH,GMO Power Infrastructure ETF,NYSE Arca,etf,1000000
KWIN,KraneShares Wahed Alternative Income Index ETF,NYSE Arca,etf,1000000
KWT,iShares MSCI Kuwait ETF,Cboe BZX,etf,1000000
KXI,iShares Global Consumer Staples ETF,NYSE Arca,etf,1000000
KYC,Corgi Digital Banking & Fintech Infrastructure ETF,Cboe BZX,etf,1000000
KYLD,Kurv High Income ETF,Cboe BZX,etf,1000000
LABD,Direxion Daily S&P Biotech Bear 3X ETF,NYSE Arca,etf,1000000
LABU,Direxion Daily S&P Biotech Bull 3X ETF,NYSE Arca,etf,1000000
LABX,Tradr 2X Long ALAB Daily ETF,Cboe BZX,etf,1000000
LADM,Pacer Swan SOS Laddered Moderate ETF,Cboe BZX,etf,1000000
LALT,First Trust Multi-Strategy Alternative ETF,NYSE Arca,etf,1000000
LAPR,Innovator Premium Income 15 Buffer ETF - April,Cboe BZX,etf,1000000
LASC,Corgi LASR 2x Daily ETF,Cboe BZX,etf,1000000
LATR,Corgi Buy Now Pay Later ETF,Cboe BZX,etf,1000000
LAZR,Tema Photonics & Optical ETF,NYSE Arca,etf,1000000
LBAY,Leatherback Long/Short Alternative Yield ETF,NYSE Arca,etf,1000000
LBO,WHITEWOLF Publicly Listed Private Equity ETF,Cboe BZX,etf,1000000
LBOX,GraniteShares Short Term Box ETF,Cboe BZX,etf,1000000
LCAP,Principal Capital Appreciation Select ETF,Cboe BZX,etf,1000000
LCDS,JPMorgan Fundamental Data Science Large Core ETF,NASDAQ,etf,1000000
LCF,Touchstone US Large Cap Focused ETF,Cboe BZX,etf,1000000
LCIV,Logan Capital International ETF,NYSE,etf,1000000
LCLG,Logan Capital Large Cap Growth ETF,NYSE Arca,etf,1000000
LCO,LOGIQ Contrarian Opportunities ETF,NYSE Arca,etf,1000000
LCOW,Pacer S&P 500 Quality FCF Aristocrats ETF,Cboe BZX,etf,1000000
LCR,Leuthold Core ETF,NYSE Arca,etf,1000000
LCTD,iShares World ex U.S. Carbon Transition Readiness Aware Active ETF,NYSE Arca,etf,1000000
LCTO,Kurv U.S. Large Cap TaxOptimized ETF,Cboe BZX,etf,1000000
LCTU,iShares U.S. Carbon Transition Readiness Aware Active ETF,NYSE Arca,etf,1000000
LDDR,LifeX 2035 Income Bucket ETF,Cboe BZX,etf,1000000
LDEM,iShares ESG MSCI EM Leaders ETF,NASDAQ,etf,1000000
LDRC,iShares iBonds 1-5 Year Corporate Ladder ETF,NYSE Arca,etf,1000000
LDRH,iShares iBonds 1-5 Year High Yield and Income Ladder ETF,NYSE Arca,etf,1000000
LDRI,iShares iBonds 1-5 Year TIPS Ladder ETF,NYSE Arca,etf,1000000
LDRT,iShares iBonds 1-5 Year Treasury Ladder ETF,NYSE Arca,etf,1000000
LDRX,SGI Enhanced Market Leaders ETF,NASDAQ,etf,1000000
LDSF,First Trust Low Duration Strategic Focus ETF,NASDAQ,etf,1000000
LDUR,PIMCO Enhanced Low Duration Active Exchange-Traded Fund,NYSE Arca,etf,1000000
LEGR,First Trust Indxx Innovative Transaction & Process ETF,NASDAQ,etf,1000000
LEMB,iShares J.P. Morgan EM Local Currency Bond,NYSE Arca,etf,1000000
LEND,SEI High Yield Bond & Alternative Credit ETF,NASDAQ,etf,1000000
LENS,Sarmaya Thematic ETF,Cboe BZX,etf,1000000
LEUX,Tradr 2X Long LEU Daily ETF,Cboe BZX,etf,1000000
LEXI,Alexis Practical Tactical ETF,NASDAQ,etf,1000000
LFAI,LifeX 2050 Longevity Income ETF,Cboe BZX,etf,1000000
LFAO,LifeX 2055 Longevity Income ETF,Cboe BZX,etf,1000000
LFAW,LifeX 2060 Longevity Income ETF,Cboe BZX,etf,1000000
LFBE,LifeX 2065 Longevity Income ETF,Cboe BZX,etf,1000000
LFDR,LifeX Durable Income ETF,Cboe BZX,etf,1000000
LFEQ,VanEck Long/Flat Trend ETF,NYSE Arca,etf,1000000
LFGY,YieldMax Crypto Industry & Tech Portfolio Option Income ETF,NYSE Arca,etf,1000000
LFSC,F/m Emerald Life Sciences Innovation ETF,NASDAQ,etf,1000000
LGDS,JPMorgan Fundamental Data Science Large Growth ETF,NASDAQ,etf,1000000
LGDX,Intech S&P Large Cap Diversified Alpha ETF,NYSE Arca,etf,1000000
LGH,HCM Defender 500 Index ETF,NYSE Arca,etf,1000000
LGHT,Langar Global HealthTech ETF,Cboe BZX,etf,1000000
LGLV,State Street SPDR US Large Cap Low Volatility Index ETF,NYSE Arca,etf,1000000
LGOV,First Trust Long Duration Opportunities ETF,NYSE Arca,etf,1000000
LGRO,Level Four Large Cap Growth Active ETF,NASDAQ,etf,1000000
LIAE,LifeX 2050 Inflation-Protected Longevity Income ETF,Cboe BZX,etf,1000000
LIAM,LifeX 2055 Inflation-Protected Longevity Income ETF,Cboe BZX,etf,1000000
LIAU,LifeX 2060 Inflation-Protected Longevity Income ETF,Cboe BZX,etf,1000000
LIBD,LifeX 2065 Inflation-Protected Longevity Income ETF,Cboe BZX,etf,1000000
LIFT,LifeX 2028 Income Bucket ETF,Cboe BZX,etf,1000000
LINT,Direxion Daily INTC Bull 2X ETF,NASDAQ,etf,1000000
LIT,Global X Lithium & Battery Tech ETF,NYSE Arca,etf,1000000
LITC,Corgi LITE 2x Daily ETF,Cboe BZX,etf,1000000
LITG,Leverage Shares 2X Long LITE Daily ETF,Cboe BZX,etf,1000000
LITL,Simplify Piper Sandler US Small-Cap PLUS Income ETF,NYSE Arca,etf,1000000
LITP,Sprott Lithium Miners ETF,NASDAQ,etf,1000000
LITU,T-REX 2X Long LITE Daily Target ETF,Cboe BZX,etf,1000000
LITX,Tradr 2X Long LITE Daily ETF,Cboe BZX,etf,1000000
LITZ,Tradr 2X Short LITE Daily ETF,Cboe BZX,etf,1000000
LJAN,Innovator Premium Income 15 Buffer ETF - January,Cboe BZX,etf,1000000
LJUL,Innovator Premium Income 15 Buffer ETF - July,Cboe BZX,etf,1000000
LKOR,Northern Trust Credit-Scored US Long Corporate Bond ETF,Cboe BZX,etf,1000000
LLDR,Global X Long-Term Treasury Ladder ETF,NYSE Arca,etf,1000000
LLMA,Global X LLM ETF,Cboe BZX,etf,1000000
LLYX,Defiance Daily Target 2X Long LLY ETF,NYSE Arca,etf,1000000
LMBS,First Trust Low Duration Opportunities ETF,NASDAQ,etf,1000000
LMTL,Direxion Daily LMT Bull 2X ETF,NASDAQ,etf,1000000
LMUB,iShares Long-Term National Muni Bond ETF,NYSE Arca,etf,1000000
LNGX,Global X U.S. Natural Gas ETF,NYSE Arca,etf,1000000
LNOK,Defiance Daily Target 2X Long NOK ETF,Cboe BZX,etf,1000000
LOCT,Innovator Premium Income 15 Buffer ETF - October,Cboe BZX,etf,1000000
LODI,AAM SLC Low Duration Income ETF,NYSE Arca,etf,1000000
LOEV,Harding Loevner International Developed Markets Select Equity ETF,NYSE Arca,etf,1000000
LOFD,Direxion Daily SpaceX Bear 2X ETF,NYSE Arca,etf,1000000
LOFF,Direxion Daily SpaceX Bull 2X ETF,NYSE Arca,etf,1000000
LOGO,Alpha Brands Consumption Leaders ETF,NASDAQ,etf,1000000
LOHA,Roundhill HALO ETF,Cboe BZX,etf,1000000
LONZ,PIMCO Senior Loan Active Exchange-Traded Fund,NYSE Arca,etf,1000000
LOPP,Gabelli Love Our Planet & People ETF Gabelli Love Our Planet & People ETF,NYSE Arca,etf,1000000
LOTI,Liberty One Tactical Income ETF,NASDAQ,etf,1000000
LOUP,Innovator Deepwater Frontier Tech ETF,NYSE Arca,etf,1000000
LOWV,AB US Low Volatility Equity ETF,NYSE Arca,etf,1000000
LPRE,Long Pond Real Estate Select ETF,NYSE Arca,etf,1000000
LPSV,Lone Peak SMID Value ETF,NYSE Arca,etf,1000000
LQ,Simplify Tax Aware Alternatives ETF,NASDAQ,etf,1000000
LQAI,LG QRAFT AI-Powered U.S. Large Cap Core ETF,NYSE Arca,etf,1000000
LQD,iShares iBoxx $ Investment Grade Corporate Bond ETF,NYSE Arca,etf,1000000
LQDB,iShares BBB Rated Corporate Bond ETF,NYSE Arca,etf,1000000
LQDH,iShares Interest Rate Hedged Corporate Bond ETF,NYSE Arca,etf,1000000
LQDI,iShares Inflation Hedged Corporate Bond ETF,Cboe BZX,etf,1000000
LQDM,Amplify LQD Investment Grade 12% Target Income ETF,Cboe BZX,etf,1000000
LQDW,iShares Investment Grade Corporate Bond BuyWrite Strategy ETF,Cboe BZX,etf,1000000
LQID,Kurv Enhanced Short Maturity ETF,Cboe BZX,etf,1000000
LQTI,FT Vest Investment Grade & Target Income ETF,NYSE Arca,etf,1000000
LRCC,Corgi LRCX 2x Daily ETF,Cboe BZX,etf,1000000
LRCU,Tradr 2X Long LRCX Daily ETF,Cboe BZX,etf,1000000
LRGC,AB US Large Cap Strategic Equities ETF,NYSE Arca,etf,1000000
LRGE,ClearBridge Large Cap Growth Select ETF,NASDAQ,etf,1000000
LRGF,iShares U.S. Equity Factor ETF,NYSE Arca,etf,1000000
LRGG,Nomura Focused Large Growth ETF,NYSE Arca,etf,1000000
LRND,NYLIM U.S. Large Cap R&D Leaders ETF,NASDAQ,etf,1000000
LRNX,Corgi LRN 2x Daily ETF,Cboe BZX,etf,1000000
LRNZ,"TrueShares Technology, AI & Deep Learning ETF",Cboe BZX,etf,1000000
LSAF,LeaderShares AlphaFactor US Core Equity ETF,NYSE Arca,etf,1000000
LSAT,LeaderShares AlphaFactor Tactical Focused ETF,NYSE Arca,etf,1000000
LSCP,Natixis Loomis Sayles Dynamic Core Plus ETF,NYSE Arca,etf,1000000
LSEQ,Harbor Long-Short Equity ETF,NYSE Arca,etf,1000000
LSGR,Natixis Loomis Sayles Focused Growth ETF,NYSE Arca,etf,1000000
LST,Leuthold Select Industries ETF,NYSE Arca,etf,1000000
LSTB,Natixis Loomis Sayles Total Return Bond ETF,NYSE Arca,etf,1000000
LSVD,LSV Disciplined Value ETF,NYSE Arca,etf,1000000
LTAX,Nomura Tax-Free USA ETF,NYSE Arca,etf,1000000
LTCC,Canary Litecoin ETF,NASDAQ,etf,1000000
LTL,ProShares Ultra Communication Services,NYSE Arca,etf,1000000
LTPZ,Pimco 15  Year U.S. TIPS Index Exchange-Traded Fund,NYSE Arca,etf,1000000
LTTI,FT Vest 20+ Year Treasury & Target Income ETF,NYSE Arca,etf,1000000
LULG,Leverage Shares 2X Long LULU Daily ETF,NASDAQ,etf,1000000
LUMA,KraneShares Photonic and Optical ETF,NYSE Arca,etf,1000000
LUNC,Longnook Uncommon Compounders ETF,NYSE Arca,etf,1000000
LUNL,Defiance Daily Target 2X Long LUNR ETF,Cboe BZX,etf,1000000
LVDS,JPMorgan Fundamental Data Science Large Value ETF,NASDAQ,etf,1000000
LVHD,Franklin U.S. Low Volatility High Dividend Index ETF,NASDAQ,etf,1000000
LVHI,Franklin International Low Volatility High Dividend Index ETF,Cboe BZX,etf,1000000
LVIG,Longview Advantage Fixed Income ETF,NASDAQ,etf,1000000
LVLN,State Street SPDR S&P Leveraged Loan ETF,NYSE Arca,etf,1000000
LWLX,Tradr 2X Long LWLG Daily ETF,Cboe BZX,etf,1000000
LYLD,Cambria Large Cap Shareholder Yield ETF,Cboe BZX,etf,1000000
LYTE,Roundhill Photonics & Optics ETF,Cboe BZX,etf,1000000
MAAY,GraniteShares YieldBOOST MARA ETF,NASDAQ,etf,1000000
MADE,iShares U.S. Manufacturing ETF,NYSE Arca,etf,1000000
MAGA,Truth Social America First ETF,NYSE Arca,etf,1000000
MAGC,Roundhill China Magnificent Seven ETF,Cboe BZX,etf,1000000
MAGG,Madison Aggregate Bond ETF,NYSE Arca,etf,1000000
MAGS,Roundhill Magnificent Seven ETF,Cboe BZX,etf,1000000
MAGX,Roundhill Daily 2X Long Magnificent Seven ETF,Cboe BZX,etf,1000000
MAGY,Roundhill Magnificent Seven Covered Call ETF,Cboe BZX,etf,1000000
MAKX,ProShares S&P Kensho Smart Factories ETF,NYSE Arca,etf,1000000
MAMB,Monarch Ambassador Income Index ETF,Cboe BZX,etf,1000000
MANI,Man Active Income ETF,NYSE Arca,etf,1000000
MARM,FT Vest U.S. Equity Max Buffer ETF - March,Cboe BZX,etf,1000000
MARO,YieldMax MARA Option Income Strategy ETF,NYSE Arca,etf,1000000
MARS,Roundhill Space & Technology ETF,Cboe BZX,etf,1000000
MART,AllianzIM U.S. Large Cap Buffer10 Mar ETF,Cboe BZX,etf,1000000
MARU,AllianzIM U.S. Equity Buffer15 Uncapped Mar ETF,Cboe BZX,etf,1000000
MARW,AllianzIM U.S. Large Cap Buffer20 Mar ETF,Cboe BZX,etf,1000000
MARZ,TrueShares Structured Outcome (March) ETF,Cboe BZX,etf,1000000
MATE,Man Active Trend Enhanced ETF,NASDAQ,etf,1000000
MATR,Harbor Multi-Asset Explorer ETF,NYSE Arca,etf,1000000
MAUG,Pacer Swan SOS Moderate (August) ETF,Cboe BZX,etf,1000000
MAVF,Matrix Advisors Value ETF,NYSE Arca,etf,1000000
MAXI,Simplify Bitcoin Strategy ETF,NASDAQ,etf,1000000
MAXJ,iShares Large Cap Max Buffer Jun ETF,Cboe BZX,etf,1000000
MAYC,Corgi U.S. Equities 10% Structured Buffer ETF - May Series,Cboe BZX,etf,1000000
MAYM,FT Vest U.S. Equity Max Buffer ETF - May,Cboe BZX,etf,1000000
MAYP,PGIM S&P 500 Buffer 12 ETF - May,Cboe BZX,etf,1000000
MAYT,AllianzIM U.S. Large Cap Buffer10 May ETF,Cboe BZX,etf,1000000
MAYU,AllianzIM U.S. Equity Buffer15 Uncapped May ETF,Cboe BZX,etf,1000000
MAYW,AllianzIM U.S. Large Cap Buffer20 May ETF,Cboe BZX,etf,1000000
MAYZ,TrueShares Structured Outcome (May) ETF,Cboe BZX,etf,1000000
MBB,iShares MBS ETF,NASDAQ,etf,1000000
MBBA,iShares Mortgage-Backed Securities Active ETF,Cboe BZX,etf,1000000
MBBB,VanEck Moody's Analytics BBB Corporate Bond ETF,Cboe BZX,etf,1000000
MBCE,Monarch Blue Chips Elite Index ETF,Cboe BZX,etf,1000000
MBND,State Street Nuveen Municipal Bond ETF,Cboe BZX,etf,1000000
MBOX,Freedom Day Dividend ETF,NYSE Arca,etf,1000000
MBS,Angel Oak Mortgage-Backed Securities ETF,NASDAQ,etf,1000000
MBSD,Northern Trust Disciplined Duration MBS ETF,NYSE Arca,etf,1000000
MBSF,Regan Floating Rate MBS ETF,NYSE Arca,etf,1000000
MBSX,Regan Fixed Rate MBS ETF,NYSE Arca,etf,1000000
MCDS,JPMorgan Fundamental Data Science Mid Core ETF,NASDAQ,etf,1000000
MCH,Matthews China Active ETF,NYSE Arca,etf,1000000
MCHG,Leverage Shares 2X Long MCHP Daily ETF,Cboe BZX,etf,1000000
MCHI,iShares MSCI China ETF,NASDAQ,etf,1000000
MCHS,Matthews China Innovators Active ETF,NASDAQ,etf,1000000
MCHU,Tradr 2X Long MCHP Daily ETF,Cboe BZX,etf,1000000
MCOW,Pacer S&P MidCap 400 Quality FCF Aristocrats ETF,Cboe BZX,etf,1000000
MCVT,Miller Convertible Total Return ETF,NYSE Arca,etf,1000000
MDAA,Myriad Dynamic Asset Allocation ETF,NYSE Arca,etf,1000000
MDCR,Pacer Swan SOS Moderate December ETF,Cboe BZX,etf,1000000
MDEV,First Trust Indxx Medical Devices ETF,Cboe BZX,etf,1000000
MDIV,Multi-Asset Diversified Income Index Fund,NASDAQ,etf,1000000
MDLV,Morgan Dempsey Large Cap Value ETF,Cboe BZX,etf,1000000
MDPL,Monarch Dividend Plus Index ETF,Cboe BZX,etf,1000000
MDST,Westwood Salient Enhanced Midstream Income ETF,NYSE,etf,1000000
MDYG,State Street SPDR S&P 400 Mid Cap Growth ETF,NYSE Arca,etf,1000000
MDYV,State Street SPDR S&P 400 Mid Cap Value ETF,NYSE Arca,etf,1000000
MEAR,iShares Short Maturity Municipal Bond Active ETF,Cboe BZX,etf,1000000
MEDI,Harbor Health Care ETF,NYSE Arca,etf,1000000
MEDX,Horizon Kinetics Medical ETF,NASDAQ,etf,1000000
MEGX,Corgi U.S. Mega-Cap Growth 2x Daily ETF,Cboe BZX,etf,1000000
MEIB,Direxion META Defined Income Boost ETF,Cboe BZX,etf,1000000
MEM,Matthews Emerging Markets Equity Active ETF,NYSE Arca,etf,1000000
MEMA,Man Active Emerging Markets Alternative ETF,NASDAQ,etf,1000000
MEME,Roundhill Meme Stock ETF,NYSE Arca,etf,1000000
MEMS,Matthews Emerging Markets Discovery Active ETF,NASDAQ,etf,1000000
MEMX,Matthews Emerging Markets ex China Active ETF,NYSE Arca,etf,1000000
MEMY,Tuttle Capital Meme Stock Income Blast ETF,Cboe BZX,etf,1000000
METD,Direxion Daily META Bear 1X ETF,NASDAQ,etf,1000000
METG,Leverage Shares 2X Long META Daily ETF,Cboe BZX,etf,1000000
METL,Sprott Active Metals & Miners ETF,NASDAQ,etf,1000000
METQ,Tradr 2X Short META Daily ETF,Cboe BZX,etf,1000000
METU,Direxion Daily META Bull 2X ETF,NASDAQ,etf,1000000
METV,Roundhill Metaverse ETF,NYSE Arca,etf,1000000
METW,Roundhill META WeeklyPay ETF,Cboe BZX,etf,1000000
MEXX,Direxion Daily MSCI Mexico Bull 3X ETF,NYSE Arca,etf,1000000
MFDX,PIMCO RAFI Dynamic Multi-Factor International Equity ETF,NYSE Arca,etf,1000000
MFEB,Pacer Swan SOS Moderate (February) ETF,Cboe BZX,etf,1000000
MFEM,PIMCO RAFI Dynamic Multi-Factor Emerging Markets Equity ETF,NYSE Arca,etf,1000000
MFIG,Motley Fool Innovative Growth ETF,NASDAQ,etf,1000000
MFLX,First Trust Flexible Municipal High Income ETF,NASDAQ,etf,1000000
MFMO,Motley Fool Momentum Factor ETF,NASDAQ,etf,1000000
MFSB,MFS Active Core Plus Bond ETF,NYSE,etf,1000000
MFSD,MFS Active Short Duration Income ETF,NYSE Arca,etf,1000000
MFSG,MFS Active Growth ETF,NYSE,etf,1000000
MFSI,MFS Active International ETF,NYSE,etf,1000000
MFSM,MFS Active Intermediate Muni Bond ETF,NYSE,etf,1000000
MFSV,MFS Active Value ETF,NYSE,etf,1000000
MFSX,MFS Active Short Muni Bond ETF,NYSE Arca,etf,1000000
MFUL,Mindful Conservative ETF,Cboe BZX,etf,1000000
MFUS,PIMCO RAFI Dynamic Multi-Factor U.S. Equity ETF,NYSE Arca,etf,1000000
MFUT,Cambria Chesapeake Pure Trend ETF,Cboe BZX,etf,1000000
MFVL,Motley Fool Value Factor ETF,NASDAQ,etf,1000000
MGC,Vanguard Morningstar Mega Cap ETF,NYSE Arca,etf,1000000
MGIN,Man Active Global Infrastructure ETF,NYSE Arca,etf,1000000
MGK,Vanguard Morningstar Mega Cap Growth ETF,NYSE Arca,etf,1000000
MGMT,Ballast Small/Mid Cap ETF,NYSE Arca,etf,1000000
MGNR,American Beacon Select Funds American Beacon GLG Natural Resources ETF,NYSE Arca,etf,1000000
MGOV,First Trust Intermediate Government Opportunities ETF,NYSE Arca,etf,1000000
MGV,Vanguard Morningstar Mega Cap Value ETF,NYSE Arca,etf,1000000
MHIG,Milliman Healthcare Inflation Guard ETF,NYSE Arca,etf,1000000
MHIP,Milliman Healthcare Inflation Plus ETF,NYSE Arca,etf,1000000
MHX,Corgi MARA 2x Daily ETF,Cboe BZX,etf,1000000
MHY,Man Active High Yield ETF,NYSE Arca,etf,1000000
MIC,Corgi MU 2x Daily ETF,Cboe BZX,etf,1000000
MID,American Century Mid Cap Growth Impact ETF,NYSE Arca,etf,1000000
MIDE,Xtrackers S&P MidCap 400 Scored & Screened ETF,NYSE Arca,etf,1000000
MIDU,Direxion Mid Cap Bull 3X ETF,NYSE Arca,etf,1000000
MIG,VanEck Moody's Analytics IG Corporate Bond ETF,Cboe BZX,etf,1000000
MIGO,MIG Core ETF,NYSE Arca,etf,1000000
MILK,Pacer US Cash Cows Bond ETF,Cboe BZX,etf,1000000
MILN,Global X Millennial Consumer ETF,NASDAQ,etf,1000000
MINN,Mairs & Power Minnesota Municipal Bond ETF,Cboe BZX,etf,1000000
MINO,PIMCO Municipal Income Opportunities Active Exchange-Traded Fund,NYSE Arca,etf,1000000
MINT,PIMCO Enhanced Short Maturity Active Exchange-Traded Fund,NYSE Arca,etf,1000000
MINV,Matthews Asia Innovators Active ETF,NYSE Arca,etf,1000000
MINY,YieldMax Strategic Metals & Mining Portfolio Option Income ETF,NYSE Arca,etf,1000000
MISL,First Trust Indxx Aerospace & Defense ETF,NYSE Arca,etf,1000000
MIVL,MFS Active International Value ETF,NYSE Arca,etf,1000000
MJ,Amplify Alternative Harvest ETF,NYSE Arca,etf,1000000
MJSC,MUFG Japan Small Cap Active ETF,NYSE Arca,etf,1000000
MJUN,Pacer Swan SOS Moderate June ETF,Cboe BZX,etf,1000000
MKAM,MKAM ETF,NASDAQ,etf,1000000
MKOR,Matthews Korea Active ETF,NYSE Arca,etf,1000000
MKTN,Federated Hermes MDT Market Neutral ETF,NYSE Arca,etf,1000000
MLCC,Global X MLCC & Electronic Components ETF,Cboe BZX,etf,1000000
MLDR,Global X Intermediate-Term Treasury Ladder ETF,NYSE Arca,etf,1000000
MLN,VanEck Long Muni ETF,Cboe BZX,etf,1000000
MLPA,Global X MLP ETF,NYSE Arca,etf,1000000
MLPD,Global X MLP & Energy Infrastructure Covered Call ETF,NYSE Arca,etf,1000000
MLPI,NEOS MLP & Energy Infrastructure High Income ETF,Cboe BZX,etf,1000000
MLPX,Global X MLP & Energy Infrastructure ETF,NYSE Arca,etf,1000000
MMAR,Pacer Swan SOS Moderate March ETF,Cboe BZX,etf,1000000
MMAX,iShares Large Cap Max Buffer Mar ETF,Cboe BZX,etf,1000000
MMAY,Pacer Swan SOS Moderate (May) ETF,Cboe BZX,etf,1000000
MMCA,NYLIM MacKay California Muni Intermediate ETF,NYSE Arca,etf,1000000
MMEDV,"MiniMed Group, Inc.",NASDAQ,stock,1000000
MMHI,NYLIM MacKay Muni High Income ETF,NYSE Arca,etf,1000000
MMID,MFS Active Mid Cap ETF,NYSE,etf,1000000
MMIN,NYLIM MacKay Muni Insured ETF,NYSE Arca,etf,1000000
MMIT,NYLIM MacKay Muni Intermediate ETF,NYSE Arca,etf,1000000
MMK,State Street Prime Money Market ETF,NYSE,etf,1000000
MMKT,Texas Capital Government Money Market ETF,NYSE,etf,1000000
MMMA,NYLIM MacKay Muni Allocation ETF,NYSE Arca,etf,1000000
MMSC,First Trust Multi-Manager Small Cap Opportunities ETF,NYSE Arca,etf,1000000
MMSD,NYLIM MacKay Muni Short Duration ETF,NYSE Arca,etf,1000000
MMTM,State Street SPDR S&P 1500 Momentum Tilt ETF,NYSE Arca,etf,1000000
MNA,NYLIM Merger Arbitrage ETF,NYSE Arca,etf,1000000
MNBD,ALPS BBH Intermediate Municipal Bond ETF,NYSE Arca,etf,1000000
MNGB,Yorkville America 2X Inverse MANGOS Plus Daily Target ETF,NYSE Arca,etf,1000000
MNGZ,Yorkville America 2X Long MANGOS Plus Daily Target ETF,NYSE Arca,etf,1000000
MNSX,Corgi MNST 2x Daily ETF,Cboe BZX,etf,1000000
MNVR,Pacer Swan SOS Moderate (November) ETF,Cboe BZX,etf,1000000
MNVT,Moonvest ETF,NASDAQ,etf,1000000
MNZL,Manzil Russell Halal USA Broad Market ETF,NASDAQ,etf,1000000
MOAT,VanEck Morningstar Wide Moat ETF,Cboe BZX,etf,1000000
MODL,VictoryShares WestEnd U.S. Sector ETF,NASDAQ,etf,1000000
MOO,VanEck Agribusiness ETF,NYSE Arca,etf,1000000
MOOD,Relative Sentiment Tactical Allocation ETF,NASDAQ,etf,1000000
MORT,VanEck Mortgage REIT Income ETF,NYSE Arca,etf,1000000
MOTG,VanEck Morningstar Global Wide Moat ETF,Cboe BZX,etf,1000000
MOTI,VanEck Morningstar International Moat ETF,Cboe BZX,etf,1000000
MOTO,Guinness Atkinson Smart Transportation & Technology ETF,NYSE Arca,etf,1000000
MPDB,m+ DynaBuffer ETF,Cboe BZX,etf,1000000
MPDY,m+ DualYield Autocall ETF,NYSE Arca,etf,1000000
MPG,Leverage Shares 2X Long MP Daily ETF,NASDAQ,etf,1000000
MPIA,m+ Nasdaq-100 Accelerator Autocall ETF,NASDAQ,etf,1000000
MPIM,m+ Income Momentum Autocall ETF,NYSE Arca,etf,1000000
MPLY,Monopoly ETF,Cboe BZX,etf,1000000
MPRO,Monarch ProCap Index ETF,Cboe BZX,etf,1000000
MPWC,Corgi MPWR 2x Daily ETF,Cboe BZX,etf,1000000
MPWX,Tradr 2X Long MPWR Daily ETF,Cboe BZX,etf,1000000
MQQQ,Tradr 2X Long Innovation 100 Monthly ETF,NASDAQ,etf,1000000
MRA,GraniteShares Autocallable MARA ETF,NASDAQ,etf,1000000
MRAL,GraniteShares 2x Long MARA Daily ETF,NASDAQ,etf,1000000
MRAX,Tradr 2X Long MRAM Daily ETF,Cboe BZX,etf,1000000
MRCP,PGIM S&P 500 Buffer 12 ETF - March,Cboe BZX,etf,1000000
MRGR,ProShares Merger ETF,Cboe BZX,etf,1000000
MRNX,Defiance Daily Target 2X Long MRNA ETF,NYSE Arca,etf,1000000
MRNY,YieldMax MRNA Option Income Strategy ETF,NYSE Arca,etf,1000000
MRSK,Toews Agility Shares Managed Risk ETF,NYSE Arca,etf,1000000
MRVU,Direxion Daily MRVL Bull 2X ETF,NASDAQ,etf,1000000
MRVX,Corgi MRVL 2x Daily ETF,Cboe BZX,etf,1000000
MSEP,Pacer Swan SOS Moderate September ETF,Cboe BZX,etf,1000000
MSFC,Corgi MSFT 2x Daily ETF,Cboe BZX,etf,1000000
MSFD,Direxion Daily MSFT Bear 1X ETF,NASDAQ,etf,1000000
MSFL,GraniteShares 2x Long MSFT Daily ETF,NASDAQ,etf,1000000
MSFO,YieldMax MSFT Option Income Strategy ETF,NYSE Arca,etf,1000000
MSFU,Direxion Daily MSFT Bull 2X ETF,NASDAQ,etf,1000000
MSFW,Roundhill MSFT WeeklyPay ETF,Cboe BZX,etf,1000000
MSFX,T-Rex 2X Long Microsoft Daily Target ETF,Cboe BZX,etf,1000000
MSFY,Kurv Yield Premium Strategy Microsoft (MSFT) ETF,Cboe BZX,etf,1000000
MSIX,Corgi MSI 2x Daily ETF,Cboe BZX,etf,1000000
MSLC,Morgan Stanley Pathway Large Cap Equity ETF,NYSE Arca,etf,1000000
MSMR,McElhenny Sheffield Managed Risk ETF,Cboe BZX,etf,1000000
MSOS,AdvisorShares Pure US Cannabis ETF,NYSE Arca,etf,1000000
MSOX,AdvisorShares MSOS Daily Leveraged ETF,NYSE Arca,etf,1000000
MSR,GraniteShares Autocallable MSTR ETF,NASDAQ,etf,1000000
MSSM,Morgan Stanley Pathway Small-Mid Cap Equity ETF,NYSE Arca,etf,1000000
MSSS,Monarch Select Subsector Index ETF,Cboe BZX,etf,1000000
MSST,YieldMax MSTR Performance & Distribution Target 25 ETF,Cboe BZX,etf,1000000
MST,Defiance Leveraged Long + Income MSTR ETF,NASDAQ,etf,1000000
MSTB,LHA Market State Tactical Beta ETF,Cboe BZX,etf,1000000
MSTC,Corgi MSTR 2x Daily ETF,Cboe BZX,etf,1000000
MSTI,Madison Short Term Strategic Income ETF,NYSE Arca,etf,1000000
MSTP,GraniteShares 2x Long MSTR Daily ETF,NASDAQ,etf,1000000
MSTQ,LHA Market State Tactical Q ETF,Cboe BZX,etf,1000000
MSTU,T-Rex 2X Long MSTR Daily Target ETF,Cboe BZX,etf,1000000
MSTW,Roundhill MSTR WeeklyPay ETF,Cboe BZX,etf,1000000
MSTX,Defiance Daily Target 2x Long MSTR ETF,NASDAQ,etf,1000000
MSTY,YieldMax MSTR Option Income Strategy ETF,NYSE Arca,etf,1000000
MSTZ,T-Rex 2X Inverse MSTR Daily Target ETF,Cboe BZX,etf,1000000
MTAW,Meta AI Lab Ecosystem ETF,NYSE Arca,etf,1000000
MTBA,Simplify MBS ETF,NYSE Arca,etf,1000000
MTGP,WisdomTree Mortgage Plus Bond Fund,NYSE Arca,etf,1000000
MTRA,Invesco International Growth Focus ETF,Cboe BZX,etf,1000000
MTSG,Leverage Shares 2X Long MTSI Daily ETF,Cboe BZX,etf,1000000
MTUM,iShares MSCI USA Momentum Factor ETF,Cboe BZX,etf,1000000
MTYY,GraniteShares YieldBOOST MSTR ETF,NASDAQ,etf,1000000
MUB,iShares National Muni Bond ETF,NYSE Arca,etf,1000000
MUD,Direxion Daily MU Bear 1X ETF,NASDAQ,etf,1000000
MUG,Leverage Shares 2X Long MU Daily ETF,Cboe BZX,etf,1000000
MUIB,Direxion MU Defined Income Boost ETF,Cboe BZX,etf,1000000
MULL,GraniteShares 2x Long MU Daily ETF,NASDAQ,etf,1000000
MULT,Franklin Multisector Income ETF,NASDAQ,etf,1000000
MUNA,Northern Trust 2030 Tax-Exempt Distributing Ladder ETF,NYSE Arca,etf,1000000
MUNB,Northern Trust 2035 Tax-Exempt Distributing Ladder ETF,NYSE Arca,etf,1000000
MUNC,Northern Trust 2045 Tax-Exempt Distributing Ladder ETF,NYSE Arca,etf,1000000
MUND,Northern Trust 2055 Tax-Exempt Distributing Ladder ETF,NYSE Arca,etf,1000000
MUNF,Northern Trust 2036 Tax-Exempt Distributing Ladder ETF,NYSE Arca,etf,1000000
MUNG,Northern Trust 2046 Tax-Exempt Distributing Ladder ETF,NYSE Arca,etf,1000000
MUNH,Northern Trust 2056 Tax-Exempt Distributing Ladder ETF,NYSE Arca,etf,1000000
MUNI,PIMCO Intermediate Municipal Bond Active Exchange-Traded Fund,NYSE Arca,etf,1000000
MUNJ,Northern Trust 2031 Tax-Exempt Distributing Ladder ETF,NYSE Arca,etf,1000000
MUNX,AMG GW&K Muni Income ETF,NYSE Arca,etf,1000000
MUNY,Vanguard New York Tax-Exempt Bond ETF,Cboe BZX,etf,1000000
MUSE,TCW Multisector Credit Income ETF,NYSE,etf,1000000
MUSQ,MUSQ Global Music Industry Index ETF,NYSE Arca,etf,1000000
MUST,Columbia Multi-Sector Municipal Income ETF,NYSE Arca,etf,1000000
MUU,Direxion Daily MU Bull 2X ETF,NASDAQ,etf,1000000
MUY,YieldMax MU Option Income Strategy ETF,NASDAQ,etf,1000000
MUYY,GraniteShares YieldBOOST MU ETF,NASDAQ,etf,1000000
MUZ,Defiance Daily Target 2X Short MU ETF,NYSE Arca,etf,1000000
MVAL,VanEck Morningstar Wide Moat Value ETF,Cboe BZX,etf,1000000
MVFD,Monarch Volume Factor Dividend Tree Index ETF,Cboe BZX,etf,1000000
MVFG,Monarch Volume Factor Global Unconstrained Index ETF,Cboe BZX,etf,1000000
MVLL,GraniteShares 2x Long MRVL Daily ETF,NASDAQ,etf,1000000
MVPA,Miller Value Partners Appreciation ETF,NYSE,etf,1000000
MVPL,Miller Value Partners Leverage ETF,NYSE Arca,etf,1000000
MVV,ProShares Ultra MidCap400,NYSE Arca,etf,1000000
MWHS,Skylar Electricity Futures ETF,NYSE Arca,etf,1000000
MXI,iShares Global Materials ETF,NYSE Arca,etf,1000000
MXLL,Leverage Shares 2X Long MXL Daily ETF,Cboe BZX,etf,1000000
MYCF,State Street My2026 Corporate Bond ETF,NASDAQ,etf,1000000
MYCG,State Street My2027 Corporate Bond ETF,NASDAQ,etf,1000000
MYCH,State Street My2028 Corporate Bond ETF,NASDAQ,etf,1000000
MYCI,State Street My2029 Corporate Bond ETF,NASDAQ,etf,1000000
MYCJ,State Street My2030 Corporate Bond ETF,NASDAQ,etf,1000000
MYCK,State Street My2031 Corporate Bond ETF,NASDAQ,etf,1000000
MYCL,State Street My2032 Corporate Bond ETF,NASDAQ,etf,1000000
MYCM,State Street My2033 Corporate Bond ETF,NASDAQ,etf,1000000
MYCN,State Street My2034 Corporate Bond ETF,NASDAQ,etf,1000000
MYCO,State Street My2035 Corporate Bond ETF,NASDAQ,etf,1000000
MYCP,State Street My2036 Corporate Bond ETF,NASDAQ,etf,1000000
MYHA,State Street My2027 High Yield Corporate Bond ETF,NASDAQ,etf,1000000
MYHB,State Street My2028 High Yield Corporate Bond ETF,NASDAQ,etf,1000000
MYHC,State Street My2029 High Yield Corporate Bond ETF,NASDAQ,etf,1000000
MYHD,State Street My2030 High Yield Corporate Bond ETF,NASDAQ,etf,1000000
MYHE,State Street My2031 High Yield Corporate Bond ETF,NASDAQ,etf,1000000
MYHF,State Street My2032 High Yield Corporate Bond ETF,NASDAQ,etf,1000000
MYLD,Cambria Micro and SmallCap Shareholder Yield ETF,Cboe BZX,etf,1000000
MYMF,State Street My2026 Municipal Bond ETF,NASDAQ,etf,1000000
MYMG,State Street My2027 Municipal Bond ETF,NASDAQ,etf,1000000
MYMH,State Street My2028 Municipal Bond ETF,NASDAQ,etf,1000000
MYMI,State Street My2029 Municipal Bond ETF,NASDAQ,etf,1000000
MYMJ,State Street My2030 Municipal Bond ETF,NASDAQ,etf,1000000
MYMK,State Street My2031 Municipal Bond ETF,NASDAQ,etf,1000000
MYML,State Street My2032 Municipal Bond ETF,NASDAQ,etf,1000000
MYY,ProShares Short MidCap400,NYSE Arca,etf,1000000
MZZ,ProShares UltraShort MidCap400,NYSE Arca,etf,1000000
NACP,Impact Shares NAACP Minority Empowerment ETF,NYSE Arca,etf,1000000
NAIL,Direxion Daily Homebuilders & Supplies Bull 3X ETF,NYSE Arca,etf,1000000
NANC,Subversive Congressional Democrats Trading ETF,Cboe BZX,etf,1000000
NANR,State Street SPDR S&P North American Natural Resources ETF,NYSE Arca,etf,1000000
NAPR,Innovator Growth-100 Power Buffer ETF - April,Cboe BZX,etf,1000000
NASA,Tema Space Innovators ETF,NYSE Arca,etf,1000000
NATO,Themes Transatlantic Defense ETF,NASDAQ,etf,1000000
NAUG,Innovator Growth-100 Power Buffer ETF - August,Cboe BZX,etf,1000000
NBCE,Neuberger China Equity ETF,NYSE Arca,etf,1000000
NBCM,Neuberger Commodity Strategy ETF,NYSE Arca,etf,1000000
NBCR,Neuberger Core Equity ETF,NYSE Arca,etf,1000000
NBDS,Neuberger Disrupters ETF,NYSE Arca,etf,1000000
NBET,Neuberger Energy Transition & Infrastructure ETF,NYSE Arca,etf,1000000
NBFC,Neuberger Flexible Credit Income ETF,NYSE Arca,etf,1000000
NBFR,Innovator Nasdaq-100 Managed 10 Buffer ETF,NYSE Arca,etf,1000000
NBGX,Neuberger Growth ETF,NYSE Arca,etf,1000000
NBIC,Corgi NBIS 2x Daily ETF,Cboe BZX,etf,1000000
NBIE,Neuberger International Core Equity ETF,NYSE Arca,etf,1000000
NBIG,Leverage Shares 2X Long NBIS Daily ETF,NASDAQ,etf,1000000
NBIL,GraniteShares 2x Long NBIS Daily ETF,NASDAQ,etf,1000000
NBIZ,Tradr 2X Short NBIS Daily ETF,Cboe BZX,etf,1000000
NBJP,Neuberger Japan Equity ETF,NYSE Arca,etf,1000000
NBN,Northeast Bank,NASDAQ,stock,1000000
NBOS,Neuberger Option Strategy ETF,NYSE Arca,etf,1000000
NBSD,Neuberger Short Duration Income ETF,NYSE Arca,etf,1000000
NBSM,Neuberger Small-Mid Cap ETF,NYSE Arca,etf,1000000
NBTR,Neuberger Total Return Bond ETF,NYSE Arca,etf,1000000
NCLD,Roundhill Neocloud ETF,NASDAQ,etf,1000000
NCLO,Nuveen AA-BBB CLO ETF,NYSE Arca,etf,1000000
NCPB,Nuveen Core Plus Bond ETF,NASDAQ,etf,1000000
NDAA,Ned Davis Research 360 Dynamic Allocation ETF,NASDAQ,etf,1000000
NDEC,Innovator Growth-100 Power Buffer ETF - December,Cboe BZX,etf,1000000
NDIA,Global X India Active ETF,NYSE Arca,etf,1000000
NDIV,Amplify Energy & Natural Resources Covered Call ETF,NYSE Arca,etf,1000000
NDOW,Anydrus Advantage ETF,Cboe BZX,etf,1000000
NEAR,iShares Short Duration Bond Active ETF,Cboe BZX,etf,1000000
NEBX,Tradr 2X Long NBIS Daily ETF,Cboe BZX,etf,1000000
NECK,xETFs AI Bottlenecks ETF,NYSE Arca,etf,1000000
NEHI,NEOS Ethereum High Income ETF,Cboe BZX,etf,1000000
NELS,Nelson Select ETF,Cboe BZX,etf,1000000
NEMD,Neuberger Emerging Markets Debt Hard Currency ETF,NYSE Arca,etf,1000000
NEMG,Leverage Shares 2x Long NEM Daily ETF,NASDAQ,etf,1000000
NERD,Roundhill Video Games ETF,Cboe BZX,etf,1000000
NETG,Leverage Shares 2X Long NET Daily ETF,NASDAQ,etf,1000000
NETL,Colterpoint Net Lease Real Estate ETF,NYSE Arca,etf,1000000
NEWZ,StockSnips AI-Powered Sentiment US All Cap ETF,NASDAQ,etf,1000000
NFEB,Innovator Growth-100 Power Buffer ETF - February,Cboe BZX,etf,1000000
NFLP,Kurv Yield Premium Strategy Netflix (NFLX) ETF,Cboe BZX,etf,1000000
NFLT,Virtus Newfleet Multi-Sector Bond ETF,NYSE Arca,etf,1000000
NFLU,T-Rex 2X Long NFLX Daily Target ETF,Cboe BZX,etf,1000000
NFLW,Roundhill NFLX WeeklyPay ETF,Cboe BZX,etf,1000000
NFLY,YieldMax NFLX Option Income Strategy ETF,NYSE Arca,etf,1000000
NFRA,Northern Trust STOXX Global Broad Infrastructure ETF,NYSE Arca,etf,1000000
NFRX,Harrison Street Infrastructure Active ETF,NASDAQ,etf,1000000
NFTY,First Trust India Nifty 50 Equal Weight ETF,NASDAQ,etf,1000000
NFX,Corgi NFLX 2x Daily ETF,Cboe BZX,etf,1000000
NFXL,Direxion Daily NFLX Bull 2X ETF,NASDAQ,etf,1000000
NFXS,Direxion Daily NFLX Bear 1X ETF,NASDAQ,etf,1000000
NGHT,Nicholas Bitcoin and Treasuries AfterDark ETF,NASDAQ,etf,1000000
NGIF,Nuveen Global Infrastructure Fund: ETF Class Shares,NYSE Arca,etf,1000000
NHYB,Nuveen High Yield Corporate Bond ETF,NYSE Arca,etf,1000000
NHYM,Nuveen High Yield Municipal Income ETF,NYSE Arca,etf,1000000
NICO,Hexis Active Nicotine Engagement ETF,NYSE Arca,etf,1000000
NIHI,NEOS MSCI EAFE High Income ETF,Cboe BZX,etf,1000000
NIKL,Sprott Nickel Miners ETF,NASDAQ,etf,1000000
NIOG,Leverage Shares 2X Long NIO Daily ETF,NASDAQ,etf,1000000
NISM,NYLIM International Small-Mid Cap Equity ETF,NYSE Arca,etf,1000000
NITE,The Nightview Fund NITE,NYSE Arca,etf,1000000
NIXT,Research Affiliates Deletions ETF,NASDAQ,etf,1000000
NJAN,Innovator Growth-100 Power Buffer ETF - January,Cboe BZX,etf,1000000
NJNK,Columbia U.S. High Yield ETF,NYSE Arca,etf,1000000
NJUL,Innovator Growth-100 Power Buffer ETF - July,Cboe BZX,etf,1000000
NJUN,Innovator Growth-100 Power Buffer ETF - June,Cboe BZX,etf,1000000
NLR,VanEck Uranium and Nuclear ETF,NYSE Arca,etf,1000000
NLSI,NEOS Long/Short Equity Income ETF,Cboe BZX,etf,1000000
NMAR,Innovator Growth-100 Power Buffer ETF - March,Cboe BZX,etf,1000000
NMAY,Innovator Growth-100 Power Buffer ETF - May,Cboe BZX,etf,1000000
NMB,Simplify National Muni Bond ETF,NYSE Arca,etf,1000000
NMBL,NovaTide Flexible Allocation ETF,NYSE Arca,etf,1000000
NNOV,Innovator Growth-100 Power Buffer ETF - November,Cboe BZX,etf,1000000
NOBL,ProShares S&P 500 Dividend Aristocrats ETF,Cboe BZX,etf,1000000
NOCT,Innovator Growth-100 Power Buffer ETF- October,Cboe BZX,etf,1000000
NODE,VanEck Onchain Economy ETF,Cboe BZX,etf,1000000
NOEQ,Northern Trust US Equity ETF,NYSE Arca,etf,1000000
NORW,Global X MSCI Norway ETF,NYSE Arca,etf,1000000
NOVM,FT Vest U.S. Equity Max Buffer ETF - November,Cboe BZX,etf,1000000
NOVP,PGIM S&P 500 Buffer 12 ETF - November,Cboe BZX,etf,1000000
NOVZ,TrueShares Structured Outcome (November) ETF,Cboe BZX,etf,1000000
NOWL,GraniteShares 2x Long NOW Daily ETF,NASDAQ,etf,1000000
NOWX,Corgi NOW 2x Daily ETF,Cboe BZX,etf,1000000
NPFE,NPF Core Equity ETF,Cboe BZX,etf,1000000
NQLT,Neuberger Quality Select ETF,NYSE Arca,etf,1000000
NRAM,Yorkville America Next Generation Memory Index ETF,NYSE Arca,etf,1000000
NRES,Xtrackers RREEF Global Natural Resources ETF,NASDAQ,etf,1000000
NRSH,Aztlan North America Nearshoring Stock Selection ETF,NYSE Arca,etf,1000000
NSCI,Nuveen Securitized Income ETF,NYSE Arca,etf,1000000
NSEP,Innovator Growth-100 Power Buffer ETF - September,Cboe BZX,etf,1000000
NSI,National Security Emerging Markets Index ETF,NASDAQ,etf,1000000
NSIG,North Square Growth Opportunities ETF,NYSE Arca,etf,1000000
NSIV,North Square Disciplined Value ETF,NYSE Arca,etf,1000000
NTAL,GraniteShares 2x Long NTAP Daily ETF,NASDAQ,etf,1000000
NTRL,First Trust Equity Market Neutral ETF,NYSE Arca,etf,1000000
NTSD,WisdomTree Efficient U.S. Plus International Equity Fund,NYSE Arca,etf,1000000
NTSE,WisdomTree Emerging Markets Efficient Core Fund,NYSE Arca,etf,1000000
NTSI,WisdomTree International Efficient Core Fund,NYSE Arca,etf,1000000
NTSX,WisdomTree U.S. Efficient Core Fund,NYSE Arca,etf,1000000
NUAG,Nuveen Enhanced Yield U.S. Aggregate Bond ETF,NYSE Arca,etf,1000000
NUBD,Nuveen ESG U.S. Aggregate Bond ETF,NYSE Arca,etf,1000000
NUDG,Nuveen Dividend Growth Fund: ETF Class Shares,NYSE Arca,etf,1000000
NUDM,Nuveen ESG International Developed Markets Equity ETF,Cboe BZX,etf,1000000
NUDV,Nuveen ESG Dividend ETF,Cboe BZX,etf,1000000
NUEM,Nuveen ESG Emerging Markets Equity ETF,Cboe BZX,etf,1000000
NUG,Leverage Shares 2X Long NU Daily ETF,NASDAQ,etf,1000000
NUGO,Nuveen Growth Opportunities ETF,NYSE Arca,etf,1000000
NUGT,Direxion Daily Gold Miners Index Bull 2X ETF,NYSE Arca,etf,1000000
NUGY,GraniteShares YieldBOOST Gold Miners ETF,NASDAQ,etf,1000000
NUHY,Nuveen ESG High Yield Corporate Bond ETF,NYSE Arca,etf,1000000
NUIB,Nuveen Impact Bond ETF,NASDAQ,etf,1000000
NUIF,Nuveen US Infrastructure ETF,NASDAQ,etf,1000000
NUKX,Nicholas Nuclear Income ETF,NYSE Arca,etf,1000000
NUKZ,Range Nuclear Renaissance Index ETF,NYSE Arca,etf,1000000
NULC,Nuveen ESG Large-Cap ETF,Cboe BZX,etf,1000000
NULG,Nuveen ESG Large-Cap Growth ETF,Cboe BZX,etf,1000000
NULV,Nuveen ESG Large-Cap Value ETF,Cboe BZX,etf,1000000
NUMG,Nuveen ESG Mid-Cap Growth ETF,Cboe BZX,etf,1000000
NUMI,Nuveen Municipal Income ETF,NYSE Arca,etf,1000000
NUMV,Nuveen ESG Mid-Cap Value ETF,Cboe BZX,etf,1000000
NURE,Nuveen Short-Term REIT ETF,Cboe BZX,etf,1000000
NUSA,Nuveen ESG 1-5 Year U.S. Aggregate Bond ETF,NYSE Arca,etf,1000000
NUSB,Nuveen Ultra Short Income ETF,NASDAQ,etf,1000000
NUSC,Nuveen ESG Small-Cap ETF,Cboe BZX,etf,1000000
NVBT,AllianzIM U.S. Large Cap Buffer10 Nov ETF,Cboe BZX,etf,1000000
NVBU,AllianzIM U.S. Equity Buffer15 Uncapped Nov ETF,Cboe BZX,etf,1000000
NVBW,AllianzIM U.S. Large Cap Buffer20 Nov ETF,Cboe BZX,etf,1000000
NVC,Corgi NVDA 2x Daily ETF,Cboe BZX,etf,1000000
NVD,GraniteShares 2x Short NVDA Daily ETF,NASDAQ,etf,1000000
NVDB,ProShares Ultra NVDA,NYSE Arca,etf,1000000
NVDD,Direxion Daily NVDA Bear 1X ETF,NASDAQ,etf,1000000
NVDG,Leverage Shares 2X Long NVDA Daily ETF,NASDAQ,etf,1000000
NVDL,GraniteShares 2x Long NVDA Daily ETF,NASDAQ,etf,1000000
NVDQ,T-Rex 2X Inverse NVIDIA Daily Target ETF,Cboe BZX,etf,1000000
NVDS,Tradr 1.5X Short NVDA Daily ETF,NASDAQ,etf,1000000
NVDU,Direxion Daily NVDA Bull 2X ETF,NASDAQ,etf,1000000
NVDW,Roundhill NVDA WeeklyPay ETF,Cboe BZX,etf,1000000
NVDX,T-Rex 2X Long NVIDIA Daily Target ETF,Cboe BZX,etf,1000000
NVDY,YieldMax NVDA Option Income Strategy ETF,NYSE Arca,etf,1000000
NVIB,Direxion NVDA Defined Income Boost ETF,Cboe BZX,etf,1000000
NVII,REX NVDA Growth & Income ETF,Cboe BZX,etf,1000000
NVIR,Horizon Kinetics Energy and Remediation ETF,NYSE Arca,etf,1000000
NVIT,YieldMax NVDA Performance & Distribution Target 25 ETF,Cboe BZX,etf,1000000
NVOC,Corgi NVO 2x Daily ETF,Cboe BZX,etf,1000000
NVOH,Novo Nordisk A/S B Shares ADRhedged,NYSE Arca,etf,1000000
NVOX,Defiance Daily Target 2X Long NVO ETF,NYSE Arca,etf,1000000
NVPS,PurePlay Nvidia Ecosystem Picks & Shovels Index ETF,NASDAQ,etf,1000000
NVTC,Corgi NVTS 2x Daily ETF,Cboe BZX,etf,1000000
NVTX,Tradr 2X Long NVTS Daily ETF,Cboe BZX,etf,1000000
NVYY,GraniteShares YieldBOOST NVDA ETF,NASDAQ,etf,1000000
NXPG,Leverage Shares 2X Long NXPI Daily ETF,Cboe BZX,etf,1000000
NXPX,Tradr 2X Long NXPI Daily ETF,Cboe BZX,etf,1000000
NXTE,AXS Green Alpha ETF,NYSE Arca,etf,1000000
NXTG,First Trust Indxx NextG ETF,NASDAQ,etf,1000000
NXTI,Simplify Next Intangible Core Index ETF,Cboe BZX,etf,1000000
NXUS,Nuveen International Aggregate Bond ETF,NYSE Arca,etf,1000000
NYF,iShares New York Muni Bond ETF,NYSE Arca,etf,1000000
NYM,AB New York Intermediate Municipal ETF,NYSE Arca,etf,1000000
NYNY,Corgi NYC Based ETF,Cboe BZX,etf,1000000
NYSX,Global X NYSE 100 ETF,NYSE Arca,etf,1000000
NYYY,xETFs NVDA Daily Income ETF,NYSE Arca,etf,1000000
NZAC,State Street SPDR MSCI ACWI Climate Paris Aligned ETF,NASDAQ,etf,1000000
OACP,OneAscent Core Plus Bond ETF,NYSE Arca,etf,1000000
OAEM,OneAscent Emerging Markets ETF,NYSE Arca,etf,1000000
OAIM,OneAscent International Equity ETF,NYSE Arca,etf,1000000
OAIW,OpenAI Lab Ecosystem ETF,NYSE Arca,etf,1000000
OAKG,Oakmark Global Large Cap ETF,NYSE Arca,etf,1000000
OAKI,Oakmark International Large Cap ETF,NYSE Arca,etf,1000000
OAKM,Oakmark U.S. Large Cap ETF,NYSE Arca,etf,1000000
OALC,OneAscent Large Cap Core ETF,NYSE Arca,etf,1000000
OARK,YieldMax Innovation Option Income Strategy ETF,NYSE Arca,etf,1000000
OASC,OneAscent Enhanced Small and Mid Cap ETF,NYSE Arca,etf,1000000
OBIL,US Treasury 12 Month Bill ETF,NASDAQ,etf,1000000
OBND,State Street Loomis Sayles Opportunistic Bond ETF,Cboe BZX,etf,1000000
OBOR,KraneShares MSCI One Belt One Road Index ETF,NYSE Arca,etf,1000000
OCDB,Aptus October Deep Buffer ETF,Cboe BZX,etf,1000000
OCIO,ClearShares OCIO ETF,NYSE Arca,etf,1000000
OCNL,T-REX 2X Long DOCN Daily Target ETF,Cboe BZX,etf,1000000
OCT,VanEck U.S. Equity Buffer ETF - October,NYSE Arca,etf,1000000
OCTB,Aptus October Buffer ETF,Cboe BZX,etf,1000000
OCTH,Innovator Premium Income 20 Barrier ETF - October,Cboe BZX,etf,1000000
OCTI,AllianzIM International Equity Buffer15 Uncapped Oct ETF,Cboe BZX,etf,1000000
OCTJ,Innovator Premium Income 30 Barrier ETF - October,Cboe BZX,etf,1000000
OCTM,FT Vest U.S. Equity Max Buffer ETF - October,Cboe BZX,etf,1000000
OCTP,PGIM S&P 500 Buffer 12 ETF - October,Cboe BZX,etf,1000000
OCTT,AllianzIM U.S. Large Cap Buffer10 Oct ETF,Cboe BZX,etf,1000000
OCTU,AllianzIM U.S. Equity Buffer15 Uncapped Oct ETF,Cboe BZX,etf,1000000
OCTW,AllianzIM U.S. Large Cap Buffer20 Oct ETF,Cboe BZX,etf,1000000
OCTZ,TrueShares Structured Outcome (October) ETF,Cboe BZX,etf,1000000
ODDS,Pacer BlueStar Digital Entertainment ETF,NASDAQ,etf,1000000
ODDZ,Corgi Sports Betting & Gambling ETF,Cboe BZX,etf,1000000
ODHY,Obra Defensive High Yield ETF,NYSE Arca,etf,1000000
ODTE,VegaShares SPX NDX RTY Premium Income ETF,NASDAQ,etf,1000000
OEF,iShares S&P 100 Fund,NYSE Arca,etf,1000000
OEFA,ALPS O'Shares International Developed Quality Dividend ETF,NYSE Arca,etf,1000000
OEI,Optimized Equity Income ETF,NYSE Arca,etf,1000000
OGIG,ALPS O'Shares Global Internet Giants ETF,NYSE Arca,etf,1000000
OGSP,Obra High Grade Structured Products ETF,NYSE Arca,etf,1000000
OIH,VanEck Oil Services ETF,NYSE Arca,etf,1000000
OILK,ProShares K-1 Free Crude Oil ETF,Cboe BZX,etf,1000000
OILT,Texas Capital Texas Oil Index ETF,F,etf,1000000
OKLC,Corgi OKLO 2x Daily ETF,Cboe BZX,etf,1000000
OKLL,Defiance Daily Target 2x Long OKLO ETF,NASDAQ,etf,1000000
OKTG,Leverage Shares 2X Long OKTA Daily ETF,NASDAQ,etf,1000000
OMAH,VistaShares Target 15 Berkshire Select Income ETF,NYSE Arca,etf,1000000
OMFL,Invesco Russell 1000 Dynamic Multifactor ETF,Cboe BZX,etf,1000000
OMFS,Invesco Russell 2000 Dynamic Multifactor ETF,Cboe BZX,etf,1000000
OND,ProShares On-Demand ETF,NYSE Arca,etf,1000000
ONDC,Corgi ONDS 2x Daily ETF,Cboe BZX,etf,1000000
ONDG,Leverage Shares 2X Long ONDS Daily ETF,NASDAQ,etf,1000000
ONDL,Defiance Daily Target 2X Long ONDS ETF,Cboe BZX,etf,1000000
ONDU,Tradr 2X Long ONDS Daily ETF,Cboe BZX,etf,1000000
ONEH,TrueShares Equity Hedge ETF,Cboe BZX,etf,1000000
ONEO,State Street SPDR Russell 1000 Momentum Focus ETF,NYSE Arca,etf,1000000
ONEQ,Fidelity Nasdaq Composite Index ETF,NASDAQ,etf,1000000
ONEV,State Street SPDR Russell 1000 Low Volatility Focus ETF,NYSE Arca,etf,1000000
ONEY,State Street SPDR Russell 1000 Yield Focus ETF,NYSE Arca,etf,1000000
ONEZ,TrueShares Seasonality Laddered Buffered ETF,Cboe BZX,etf,1000000
ONG,Leverage Shares 2X Long ON Daily ETF,Cboe BZX,etf,1000000
ONLN,ProShares Online Retail ETF,NYSE Arca,etf,1000000
ONOF,Global X Adaptive U.S. Risk Management ETF,NYSE Arca,etf,1000000
ONTX,Corgi ONTO 2x Daily ETF,Cboe BZX,etf,1000000
ONX,Tradr 2X Long ON Daily ETF,Cboe BZX,etf,1000000
OOSP,Obra Opportunistic Structured Products ETF,NYSE Arca,etf,1000000
OPEG,Leverage Shares 2X Long OPEN Daily ETF,NASDAQ,etf,1000000
OPER,ETF ClearShares Ultra-Short Maturity ETF,NYSE Arca,etf,1000000
OPEX,Tradr 2X Long OPEN Daily ETF,Cboe BZX,etf,1000000
OPNW,"OpenWorld, Inc.",NASDAQ,stock,1000000
OPPE,WisdomTree European Opportunities Fund,NYSE Arca,etf,1000000
OPPG,WisdomTree GeoAlpha Opportunities Fund,NYSE Arca,etf,1000000
OPPJ,WisdomTree Japan Opportunities Fund,NASDAQ,etf,1000000
OPTZ,Optimize Strategy Index ETF,NASDAQ,etf,1000000
ORAC,Corgi ORCL 2x Daily ETF,Cboe BZX,etf,1000000
ORBX,Global X Space Tech ETF,NASDAQ,etf,1000000
ORCS,Direxion Daily ORCL Bear 1X ETF,NASDAQ,etf,1000000
ORCU,Direxion Daily ORCL Bull 2X ETF,NASDAQ,etf,1000000
ORCX,Defiance Daily Target 2X Long ORCL ETF,NASDAQ,etf,1000000
ORCZ,Tradr 2X Short ORCL Daily ETF,Cboe BZX,etf,1000000
ORO,Arrow Valtoro ETF,Cboe BZX,etf,1000000
ORR,Militia Long/Short Equity ETF,NASDAQ,etf,1000000
OSCV,Opus Small Cap Value ETF,Cboe BZX,etf,1000000
OSCX,Defiance Daily Target 2x Long OSCR ETF,NASDAQ,etf,1000000
OSEA,Harbor International Compounders ETF,NYSE Arca,etf,1000000
OSSL,Defiance Daily Target 2X Long OSS ETF,Cboe BZX,etf,1000000
OTAX,Optimal Tax Managed Equity ETF,NYSE,etf,1000000
OTGL,OTG Latin America ETF,NASDAQ,etf,1000000
OUSA,ALPS O'Shares U.S. Quality Dividend ETF,NYSE Arca,etf,1000000
OUSL,Defiance Daily Target 2X Long OUST ETF,Cboe BZX,etf,1000000
OUSM,ALPS O'Shares U.S. Small-Cap Quality Dividend ETF,NYSE Arca,etf,1000000
OVB,Overlay Shares Core Bond ETF,Cboe BZX,etf,1000000
OVF,Overlay Shares Foreign Equity ETF,Cboe BZX,etf,1000000
OVL,Overlay Shares Large Cap Equity ETF,Cboe BZX,etf,1000000
OVLH,Overlay Shares Hedged Large Cap Equity ETF,Cboe BZX,etf,1000000
OVM,Overlay Shares Municipal Bond ETF,Cboe BZX,etf,1000000
OVS,Overlay Shares Small Cap Equity ETF,Cboe BZX,etf,1000000
OVT,Overlay Shares Short Term Bond ETF,Cboe BZX,etf,1000000
OWN,Inside Ownership 100 ETF,Cboe BZX,etf,1000000
OWNB,Bitwise Bitcoin Standard Corporations ETF,NYSE Arca,etf,1000000
OWNS,Quaker Investment Trust CCM Affordable Housing MBS ETF,NYSE Arca,etf,1000000
OZEM,Roundhill GLP-1 & Weight Loss ETF,NASDAQ,etf,1000000
PAAA,PGIM AAA CLO ETF,NYSE Arca,etf,1000000
PAB,PGIM Active Aggregate Bond ETF,NYSE Arca,etf,1000000
PABD,iShares Paris-Aligned Climate Optimized MSCI World ex USA ETF,NASDAQ,etf,1000000
PABU,iShares Paris-Aligned Climate Optimized MSCI USA ETF,NASDAQ,etf,1000000
PALC,Pacer Lunt Large Cap Multi-Factor Alternator ETF,NYSE Arca,etf,1000000
PALD,Direxion Daily PANW Bear 1X ETF,NASDAQ,etf,1000000
PALU,Direxion Daily PANW Bull 2X ETF,NASDAQ,etf,1000000
PAMC,Pacer Lunt MidCap Multi-Factor Alternator ETF,NYSE Arca,etf,1000000
PANG,Leverage Shares 2X Long PANW Daily ETF,NASDAQ,etf,1000000
PAPI,Parametric Equity Premium Income ETF,NYSE Arca,etf,1000000
PAPR,Innovator U.S. Equity Power Buffer ETF - April,Cboe BZX,etf,1000000
PATN,Pacer Nasdaq International Patent Leaders ETF,NASDAQ,etf,1000000
PATX,Tradr 2X Long PATH Daily ETF,Cboe BZX,etf,1000000
PAUG,Innovator U.S. Equity Power Buffer ETF - August,Cboe BZX,etf,1000000
PAVE,Global X U.S. Infrastructure Development ETF,Cboe BZX,etf,1000000
PAWZ,ProShares Pet Care ETF,Cboe BZX,etf,1000000
PAYH,TrueShares S&P Autocallable High Income ETF,Cboe BZX,etf,1000000
PAYM,TrueShares S&P Autocallable Defensive Income ETF,Cboe BZX,etf,1000000
PAYR,Federated Hermes Enhanced Income ETF,Cboe BZX,etf,1000000
PBAP,PGIM S&P 500 Buffer 20 ETF - April,Cboe BZX,etf,1000000
PBAU,PGIM S&P 500 Buffer 20 ETF - August,Cboe BZX,etf,1000000
PBCS,Portfolio Building Block World Consumer Staples ETF,NASDAQ,etf,1000000
PBD,Invesco Global Clean Energy ETF,NYSE Arca,etf,1000000
PBDC,Putnam BDC Income ETF,NYSE Arca,etf,1000000
PBDE,PGIM S&P 500 Buffer 20 ETF - December,Cboe BZX,etf,1000000
PBE,Invesco Biotechnology & Genome ETF,NYSE Arca,etf,1000000
PBEU,Portfolio Building Block European Banks Index ETF,NASDAQ,etf,1000000
PBFB,PGIM S&P 500 Buffer 20 ETF - February,Cboe BZX,etf,1000000
PBFR,PGIM Laddered S&P 500 Buffer 20 ETF,Cboe BZX,etf,1000000
PBJ,Invesco Food & Beverage ETF,NYSE Arca,etf,1000000
PBJA,PGIM S&P 500 Buffer 20 ETF - January,Cboe BZX,etf,1000000
PBJL,PGIM S&P 500 Buffer 20 ETF - July,Cboe BZX,etf,1000000
PBJN,PGIM S&P 500 Buffer 20 ETF - June,Cboe BZX,etf,1000000
PBL,PGIM Portfolio Ballast ETF,Cboe BZX,etf,1000000
PBMR,PGIM S&P 500 Buffer 20 ETF - March,Cboe BZX,etf,1000000
PBMY,PGIM S&P 500 Buffer 20 ETF - May,Cboe BZX,etf,1000000
PBNV,PGIM S&P 500 Buffer 20 ETF - November,Cboe BZX,etf,1000000
PBOC,PGIM S&P 500 Buffer 20 ETF - October,Cboe BZX,etf,1000000
PBOG,Portfolio Building Block Integrated Oil and Gas and Exploration and Production Index ETF,NASDAQ,etf,1000000
PBOT,Pictet AI & Automation ETF,NYSE Arca,etf,1000000
PBP,Invesco S&P 500 BuyWrite ETF,Cboe BZX,etf,1000000
PBPH,Portfolio Building Block World Pharma and Biotech Index ETF,NASDAQ,etf,1000000
PBQQ,PGIM Laddered Nasdaq-100 Buffer 12 ETF,NASDAQ,etf,1000000
PBRG,Leverage Shares 2X Long PBR Daily ETF,NASDAQ,etf,1000000
PBSC,Pacer Barings Secured Credit Flex ETF,NASDAQ,etf,1000000
PBSE,PGIM S&P 500 Buffer 20 ETF - September,Cboe BZX,etf,1000000
PBTP,Invesco 0-5 Yr US TIPS ETF,Cboe BZX,etf,1000000
PBUB,Portfolio Building Block US Banks ETF,NASDAQ,etf,1000000
PBUS,Invesco MSCI USA ETF,Cboe BZX,etf,1000000
PBW,Invesco WilderHill Clean Energy ETF,NYSE Arca,etf,1000000
PBWN,Portfolio Building Block World Ex US Industrials ETF,NASDAQ,etf,1000000
PCEB,Polen Euro High Yield Bond ETF,NYSE Arca,etf,1000000
PCEF,Invesco CEF Income Composite ETF,NYSE Arca,etf,1000000
PCFI,Polen Floating Rate Income ETF,NYSE Arca,etf,1000000
PCHI,Polen High Income ETF,NYSE Arca,etf,1000000
PCI,PGIM Corporate Bond 5-10 Year ETF,Cboe BZX,etf,1000000
PCL,PGIM Corporate Bond 10+ Year ETF,Cboe BZX,etf,1000000
PCLC,Polen 5Perspectives Large Growth ETF,NYSE Arca,etf,1000000
PCLG,Polen Focus Growth ETF,NYSE Arca,etf,1000000
PCLN,Pictet Cleaner Planet ETF,NYSE Arca,etf,1000000
PCLO,VIRTUS SEIX AAA Private Credit CLO ETF,NYSE Arca,etf,1000000
PCMM,BondBloxx Private Credit CLO ETF,NASDAQ,etf,1000000
PCOV,Principal Equity Premium Income ETF,Cboe BZX,etf,1000000
PCPC,Porter & Company Property & Casualty Index ETF,Cboe BZX,etf,1000000
PCPI,PIMCO Inflation PLUS Active Exchange-Traded Fund,NASDAQ,etf,1000000
PCPP,Porter & Company Porter Portfolio Index ETF,Cboe BZX,etf,1000000
PCR,Simplify VettaFi Private Credit Strategy ETF,NYSE Arca,etf,1000000
PCS,PGIM Corporate Bond 0-5 Year ETF,Cboe BZX,etf,1000000
PCSG,Polen 5Perspectives Small-Mid Growth ETF,NYSE Arca,etf,1000000
PCY,Invesco Emerging Markets Sovereign Debt ETF,NYSE Arca,etf,1000000
PDBA,Invesco Agriculture Commodity Strategy No K-1 ETF,NASDAQ,etf,1000000
PDBC,Invesco Optimum Yield Diversified Commodity Strategy No K-1 ETF,NASDAQ,etf,1000000
PDDL,GraniteShares 2x Long PDD Daily ETF,NASDAQ,etf,1000000
PDEC,Innovator U.S. Equity Power Buffer ETF - December,Cboe BZX,etf,1000000
PDN,Invesco RAFI Developed Markets ex-U.S. Small-Mid ETF,NYSE Arca,etf,1000000
PDP,Invesco Dorsey Wright Momentum ETF,NASDAQ,etf,1000000
PEJ,Invesco Leisure and Entertainment ETF,NYSE Arca,etf,1000000
PEMX,Putnam Emerging Markets ex-China ETF,NYSE Arca,etf,1000000
PENU,T-REX 2X Long PENG Daily Target ETF,Cboe BZX,etf,1000000
PEPS,Parametric Equity Plus ETF,NASDAQ,etf,1000000
PEVC,Pacer PE/VC ETF,NYSE Arca,etf,1000000
PEX,ProShares Global Listed Private Equity ETF,Cboe BZX,etf,1000000
PEXL,Pacer US Export Leaders ETF,NYSE Arca,etf,1000000
PEY,Invesco High Yield Equity Dividend Achievers ETF,NASDAQ,etf,1000000
PEZ,Invesco Dorsey Wright Consumer Cyclicals Momentum ETF,NASDAQ,etf,1000000
PFDE,Pathfinder Disciplined US Equity ETF,NASDAQ,etf,1000000
PFEB,Innovator U.S. Equity Power Buffer ETF - February,Cboe BZX,etf,1000000
PFI,Invesco Dorsey Wright Financial Momentum ETF,NASDAQ,etf,1000000
PFIG,Invesco Fundamental Investment Grade Corporate Bond  ETF,NYSE Arca,etf,1000000
PFIX,Simplify Interest Rate Hedge ETF,NYSE Arca,etf,1000000
PFM,Invesco Dividend Achievers ETF,NASDAQ,etf,1000000
PFOE,Pathfinder Focused Opportunities ETF,NASDAQ,etf,1000000
PFRL,PGIM Floating Rate Income ETF,NYSE Arca,etf,1000000
PFRX,Putnam Focused U.S. Research ETF,NYSE Arca,etf,1000000
PGHY,Invesco Global ex-US High Yield Corporate Bond ETF,NYSE Arca,etf,1000000
PGJ,Invesco Golden Dragon China ETF,NASDAQ,etf,1000000
PGRI,Putnam International Stock ETF,NYSE Arca,etf,1000000
PGRO,Putnam Focused Large Cap Growth ETF,NYSE Arca,etf,1000000
PHDG,Invesco S&P 500 Downside Hedged ETF,NYSE Arca,etf,1000000
PHEQ,Parametric Hedged Equity ETF,NYSE Arca,etf,1000000
PHO,Invesco Water Resources ETF,NASDAQ,etf,1000000
PHOX,Aura AI Photonics ETF,NYSE Arca,etf,1000000
PHYL,PGIM Active High Yield Bond ETF,NYSE Arca,etf,1000000
PICB,Invesco International Corporate Bond ETF,NYSE Arca,etf,1000000
PICK,iShares MSCI Global Select Metals & Mining Producers Fund,Cboe BZX,etf,1000000
PID,Invesco International Dividend Achievers ETF,NASDAQ,etf,1000000
PIE,Invesco Dorsey Wright Emerging Markets Momentum ETF,NASDAQ,etf,1000000
PIEL,Pacer International Export Leaders ETF,Cboe BZX,etf,1000000
PIEQ,Principal International Equity ETF,Cboe BZX,etf,1000000
PIFI,ClearShares Piton Intermediate Fixed Income ETF,NYSE Arca,etf,1000000
PILL,Direxion Daily Pharmaceutical & Medical Bull 3X ETF,NYSE Arca,etf,1000000
PINC,PGIM Securitized Income ETF,Cboe BZX,etf,1000000
PINK,Simplify Health Care ETF,NYSE Arca,etf,1000000
PIO,Invesco Global Water ETF,NASDAQ,etf,1000000
PIPE,Invesco SteelPath MLP & Energy Infrastructure ETF,Cboe BZX,etf,1000000
PIT,VanEck Commodity Strategy ETF,Cboe BZX,etf,1000000
PIZ,Invesco Dorsey Wright Developed Markets Momentum ETF,NASDAQ,etf,1000000
PJAN,Innovator U.S. Equity Power Buffer ETF - January,Cboe BZX,etf,1000000
PJFG,PGIM Jennison Focused Growth ETF,NYSE Arca,etf,1000000
PJFM,PGIM Jennison Focused Mid-Cap ETF,Cboe BZX,etf,1000000
PJFV,PGIM Jennison Focused Value ETF,NYSE Arca,etf,1000000
PJIN,PGIM Jennison International Core Equity ETF,NYSE Arca,etf,1000000
PJIO,PGIM Jennison Focused International Equity ETF,NYSE Arca,etf,1000000
PJP,Invesco Pharmaceuticals ETF,NYSE Arca,etf,1000000
PJSM,PGIM Jennison Small-Mid Cap Core Equity ETF,NYSE Arca,etf,1000000
PJUL,Innovator U.S. Equity Power Buffer ETF - July,Cboe BZX,etf,1000000
PJUN,Innovator U.S. Equity Power Buffer ETF - June,Cboe BZX,etf,1000000
PJUS,PGIM Jennison U.S. Core Equity ETF,Cboe BZX,etf,1000000
PKB,Invesco Building & Construction ETF,NYSE Arca,etf,1000000
PKW,Invesco BuyBack Achievers ETF,NASDAQ,etf,1000000
PLA,GraniteShares Autocallable PLTR ETF,NASDAQ,etf,1000000
PLGI,PL Growth and Income ETF,Cboe BZX,etf,1000000
PLIB,Direxion PLTR Defined Income Boost ETF,Cboe BZX,etf,1000000
PLTA,ProShares Ultra PLTR,NYSE Arca,etf,1000000
PLTD,Direxion Daily PLTR Bear 1X ETF,NASDAQ,etf,1000000
PLTG,Leverage Shares 2X Long PLTR Daily ETF,NASDAQ,etf,1000000
PLTL,Corgi PLTR 2x Daily ETF,Cboe BZX,etf,1000000
PLTU,Direxion Daily PLTR Bull 2X ETF,NASDAQ,etf,1000000
PLTW,Roundhill PLTR WeeklyPay ETF,Cboe BZX,etf,1000000
PLTY,YieldMax PLTR Option Income Strategy ETF,NYSE Arca,etf,1000000
PLTZ,Defiance Daily Target 2x Short PLTR ETF,NASDAQ,etf,1000000
PLU,Defiance Daily Target 2x Long PL ETF,Cboe BZX,etf,1000000
PLUL,Leverage Shares 2X Long PLUG Daily ETF,NASDAQ,etf,1000000
PLYY,GraniteShares YieldBOOST PLTR ETF,NASDAQ,etf,1000000
PMAP,PGIM S&P 500 Max Buffer ETF - April,Cboe BZX,etf,1000000
PMAR,Innovator U.S. Equity Power Buffer ETF - March,Cboe BZX,etf,1000000
PMAU,PGIM S&P 500 Max Buffer ETF - August,Cboe BZX,etf,1000000
PMAY,Innovator U.S. Equity Power Buffer ETF - May,Cboe BZX,etf,1000000
PMBS,PIMCO Mortgage-Backed Securities Active Exchange-Traded Fund,NASDAQ,etf,1000000
PMDE,PGIM S&P 500 Max Buffer ETF - December,Cboe BZX,etf,1000000
PMFB,PGIM S&P 500 Max Buffer ETF - February,Cboe BZX,etf,1000000
PMIO,PGIM Municipal Income Opportunities ETF,NYSE Arca,etf,1000000
PMJA,PGIM S&P 500 Max Buffer ETF - January,Cboe BZX,etf,1000000
PMJL,PGIM S&P 500 Max Buffer ETF - July,Cboe BZX,etf,1000000
PMJN,PGIM S&P 500 Max Buffer ETF - June,Cboe BZX,etf,1000000
PMMF,iShares Prime Money Market ETF,NYSE,etf,1000000
PMMR,PGIM S&P 500 Max Buffer ETF - March,Cboe BZX,etf,1000000
PMMY,PGIM S&P 500 Max Buffer ETF - May,Cboe BZX,etf,1000000
PMNV,PGIM S&P 500 Max Buffer ETF - November,Cboe BZX,etf,1000000
PMOC,PGIM S&P 500 Max Buffer ETF - October,Cboe BZX,etf,1000000
PMSE,PGIM S&P 500 Max Buffer ETF - September,Cboe BZX,etf,1000000
PMTL,First Trust Indxx Quality Precious Metals Miners ETF,NYSE Arca,etf,1000000
PNOV,Innovator U.S. Equity Power Buffer ETF - November,Cboe BZX,etf,1000000
PNQI,Invesco Nasdaq Internet ETF,NASDAQ,etf,1000000
POCT,Innovator U.S. Equity Power Buffer ETF - October,Cboe BZX,etf,1000000
POEL,Defiance Daily Target 2X Long POET ETF,Cboe BZX,etf,1000000
PONX,Tradr 2X Long PONY Daily ETF,Cboe BZX,etf,1000000
POW,VistaShares Electrification Supercycle ETF,NYSE Arca,etf,1000000
POWA,Invesco Bloomberg Pricing Power ETF,NYSE Arca,etf,1000000
POWR,iShares U.S. Power Infrastructure ETF,NYSE Arca,etf,1000000
PPA,Invesco Aerospace & Defense ETF,NYSE Arca,etf,1000000
PPH,VanEck Pharmaceutical ETF,NASDAQ,etf,1000000
PPI,Astoria Real Assets ETF,NASDAQ,etf,1000000
PPTY,U.S. Diversified Real Estate ETF,NYSE Arca,etf,1000000
PQAP,PGIM Nasdaq-100 Buffer 12 ETF - April,NASDAQ,etf,1000000
PQJA,PGIM Nasdaq-100 Buffer 12 ETF - January,NASDAQ,etf,1000000
PQJL,PGIM Nasdaq-100 Buffer 12 ETF - July,NASDAQ,etf,1000000
PQNT,Pictet AI Enhanced International Equity ETF,NYSE Arca,etf,1000000
PQOC,PGIM Nasdaq-100 Buffer 12 ETF - October,NASDAQ,etf,1000000
PQUS,Pictet AI Enhanced US Equity ETF,NYSE Arca,etf,1000000
PQV,PGIM S&P 500 Quarterly Buffer 5 ETF,Cboe BZX,etf,1000000
PQX,PGIM S&P 500 Quarterly Buffer 10 ETF,Cboe BZX,etf,1000000
PQXV,PGIM S&P 500 Quarterly Buffer 15 ETF,Cboe BZX,etf,1000000
PQXX,PGIM S&P 500 Quarterly Buffer 20 ETF,Cboe BZX,etf,1000000
PRAB,State Street IG Public & Private ABS ETF,NYSE Arca,etf,1000000
PRAE,PlanRock Equity Plus Alternatives ETF,NYSE Arca,etf,1000000
PRAM,Defiance Memory & Photonics ETF,Cboe BZX,etf,1000000
PRAY,FIS Christian Stock Fund,NYSE Arca,etf,1000000
PRCS,Parnassus Core Select ETF,NYSE,etf,1000000
PRF,Invesco RAFI US 1000 ETF,NYSE Arca,etf,1000000
PRFZ,Invesco RAFI US 1500 Small-Mid ETF,NASDAQ,etf,1000000
PRIV,State Street IG Public & Private Credit ETF,NYSE Arca,etf,1000000
PRMR,PeakShares RMR Prime Equity ETF,NASDAQ,etf,1000000
PRN,Invesco Dorsey Wright Industrials Momentum ETF,NASDAQ,etf,1000000
PRNT,3D Printing (The) ETF,Cboe BZX,etf,1000000
PRSD,State Street Short Duration IG Public & Private Credit ETF,NYSE Arca,etf,1000000
PRTO,RCN Pareto Strategic Allocation ETF,NYSE Arca,etf,1000000
PRVS,Parnassus Value Select ETF,NYSE,etf,1000000
PRXG,Praxis Impact Large Cap Growth ETF,NYSE Arca,etf,1000000
PRXI,Praxis Impact International ETF,NYSE Arca,etf,1000000
PRXV,Praxis Impact Large Cap Value ETF,NYSE Arca,etf,1000000
PSAI,Pacer S&P 500 3AI Top 100 ETF,Cboe BZX,etf,1000000
PSC,Principal U.S. Small-Cap ETF,NASDAQ,etf,1000000
PSCC,Invesco S&P SmallCap Consumer Staples ETF,NASDAQ,etf,1000000
PSCD,Invesco S&P SmallCap Consumer Discretionary ETF,NASDAQ,etf,1000000
PSCE,Invesco S&P SmallCap Energy ETF,NASDAQ,etf,1000000
PSCF,Invesco S&P SmallCap Financials ETF,NASDAQ,etf,1000000
PSCH,Invesco S&P SmallCap Health Care ETF,NASDAQ,etf,1000000
PSCI,Invesco S&P SmallCap Industrials ETF,NASDAQ,etf,1000000
PSCJ,Pacer Swan SOS Conservative (July) ETF,Cboe BZX,etf,1000000
PSCM,Invesco S&P SmallCap Materials ETF,NASDAQ,etf,1000000
PSCQ,Pacer Swan SOS Conservative (October) ETF,Cboe BZX,etf,1000000
PSCT,Invesco S&P SmallCap Information Technology ETF,NASDAQ,etf,1000000
PSCU,Invesco S&P SmallCap Utilities & Communication Services ETF,NASDAQ,etf,1000000
PSCW,Pacer Swan SOS Conservative (April) ETF,Cboe BZX,etf,1000000
PSCX,Pacer Swan SOS Conservative (January) ETF,Cboe BZX,etf,1000000
PSDM,PGIM Short Duration Multi-Sector Bond ETF,Cboe BZX,etf,1000000
PSEP,Innovator U.S. Equity Power Buffer ETF - September,Cboe BZX,etf,1000000
PSET,Principal Quality ETF,NASDAQ,etf,1000000
PSFD,Pacer Swan SOS Flex (January) ETF,Cboe BZX,etf,1000000
PSFF,Pacer Swan SOS Fund of Funds ETF,Cboe BZX,etf,1000000
PSFJ,Pacer Swan SOS Flex (July) ETF,Cboe BZX,etf,1000000
PSFM,Pacer Swan SOS Flex (April) ETF,Cboe BZX,etf,1000000
PSFO,Pacer Swan SOS Flex (October) ETF,Cboe BZX,etf,1000000
PSH,PGIM Short Duration High Yield ETF,Cboe BZX,etf,1000000
PSI,Invesco Semiconductors ETF,NYSE Arca,etf,1000000
PSIL,AdvisorShares Psychedelics ETF,NYSE Arca,etf,1000000
PSL,Invesco Dorsey Wright Consumer Staples Momentum ETF,NASDAQ,etf,1000000
PSMD,Pacer Swan SOS Moderate (January) ETF,Cboe BZX,etf,1000000
PSMJ,Pacer Swan SOS Moderate (July) ETF,Cboe BZX,etf,1000000
PSMO,Pacer Swan SOS Moderate (October) ETF,Cboe BZX,etf,1000000
PSMR,Pacer Swan SOS Moderate (April) ETF,Cboe BZX,etf,1000000
PSOX,Tema MLCC & PowerSemi ETF,Cboe BZX,etf,1000000
PSP,Invesco Global Listed Private Equity ETF,NYSE Arca,etf,1000000
PSQ,ProShares Short QQQ,NYSE Arca,etf,1000000
PSQA,Palmer Square CLO Senior Debt ETF,NYSE Arca,etf,1000000
PSQO,Palmer Square Credit Opportunities ETF,NYSE Arca,etf,1000000
PSR,Invesco Active U.S. Real Estate Fund,NYSE Arca,etf,1000000
PST,ProShares UltraShort Lehman 7-10 Year Treasury,NYSE Arca,etf,1000000
PSTP,Innovator Power Buffer Step-Up Strategy ETF,NYSE Arca,etf,1000000
PSTR,PeakShares Sector Rotation ETF,NASDAQ,etf,1000000
PSWD,Xtrackers Cybersecurity Select Equity ETF,NASDAQ,etf,1000000
PTBD,Pacer Trendpilot US Bond ETF,NYSE Arca,etf,1000000
PTEU,Pacer TrendpilotTM European Index ETF,Cboe BZX,etf,1000000
PTF,Invesco Dorsey Wright Technology Momentum ETF,NASDAQ,etf,1000000
PTH,Invesco Dorsey Wright Healthcare Momentum ETF,NASDAQ,etf,1000000
PTIN,Pacer Trendpilot International ETF,NYSE Arca,etf,1000000
PTIR,GraniteShares 2x Long PLTR Daily ETF,NASDAQ,etf,1000000
PTL,Inspire 500 ETF,NYSE Arca,etf,1000000
PTLC,Pacer Trendpilot US Large Cap ETF,Cboe BZX,etf,1000000
PTMC,Pacer Trendpilot US Mid Cap ETF,Cboe BZX,etf,1000000
PTNQ,Pacer Trendpilot 100 ETF,NASDAQ,etf,1000000
PTNT,Corgi IP Licensing & Royalties ETF,Cboe BZX,etf,1000000
PTRB,PGIM Total Return Bond ETF,NYSE Arca,etf,1000000
PUI,Invesco Dorsey Wright Utilities Momentum ETF,NASDAQ,etf,1000000
PUL,GraniteShares 2x Long P Daily ETF,NASDAQ,etf,1000000
PULS,PGIM Ultra Short Bond ETF,NYSE Arca,etf,1000000
PUR,Defiance Daily Target 2X Long PURR ETF,NASDAQ,etf,1000000
PUSH,PGIM Ultra Short Municipal Bond ETF,NYSE Arca,etf,1000000
PVAL,Putnam Focused Large Cap Value ETF,NYSE Arca,etf,1000000
PVEX,TrueShares ConVex Protect ETF,Cboe BZX,etf,1000000
PVI,Invesco Floating Rate Municipal Income ETF,NYSE Arca,etf,1000000
PWB,Invesco Large Cap Growth ETF,NYSE Arca,etf,1000000
PWER,Nomura Energy Transition ETF,NYSE Arca,etf,1000000
PWRD,TCW Transform Systems ETF,NASDAQ,etf,1000000
PWRX,Westwood Salient Enhanced Power & Infrastructure ETF,F,etf,1000000
PWRZ,TrueShares Eagle Global Renewable Energy Income ETF,Cboe BZX,etf,1000000
PWS,Pacer WealthShield ETF,Cboe BZX,etf,1000000
PWV,Invesco Large Cap Value ETF,NYSE Arca,etf,1000000
PWZ,Invesco California AMT-Free Municipal Bond Portfolio,NYSE Arca,etf,1000000
PXE,Invesco Energy Exploration & Production ETF,NYSE Arca,etf,1000000
PXF,Invesco RAFI Developed Markets ex-U.S. ETF,NYSE Arca,etf,1000000
PXH,Invesco RAFI Emerging Markets ETF,NYSE Arca,etf,1000000
PXI,Invesco Dorsey Wright Energy Momentum ETF,NASDAQ,etf,1000000
PXJ,Invesco Oil & Gas Services ETF,NYSE Arca,etf,1000000
PY,Principal Value ETF,NASDAQ,etf,1000000
PYLD,PIMCO Multisector Bond Active Exchange-Traded Fund,NYSE Arca,etf,1000000
PYPG,Leverage Shares 2X Long PYPL Daily ETF,NASDAQ,etf,1000000
PYPU,Direxion Daily PYPL Bull 2X ETF,NYSE Arca,etf,1000000
PYPY,YieldMax PYPL Option Income Strategy ETF,NYSE Arca,etf,1000000
PYZ,Invesco Dorsey Wright Basic Materials Momentum ETF,NASDAQ,etf,1000000
PZA,Invesco National AMT-Free Municipal Bond ETFo,NYSE Arca,etf,1000000
PZIV,Pzena International Value ETF,NYSE Arca,etf,1000000
PZLV,Pzena U.S. Large Cap Value ETF,NYSE Arca,etf,1000000
PZT,Invesco New York AMT-Free Municipal Bond ETF,NYSE Arca,etf,1000000
QABA,First Trust NASDAQ ABA Community Bank Index Fund,NASDAQ,etf,1000000
QAI,NYLIM Hedge Multi-Strategy Tracker ETF,NYSE Arca,etf,1000000
QALT,SEI DBi Multi-Strategy Alternative ETF,NASDAQ,etf,1000000
QARP,Xtrackers Russell 1000 US Quality at a Reasonable Price ETF ETF,NYSE Arca,etf,1000000
QAT,iShares MSCI Qatar ETF,NASDAQ,etf,1000000
QAU,Corgi Growth & Technology 10% Structured Buffer ETF - August Series,Cboe BZX,etf,1000000
QB,ProShares Nasdaq-100 Dynamic Buffer ETF,NASDAQ,etf,1000000
QBER,TrueShares Quarterly Bear Hedge ETF,Cboe BZX,etf,1000000
QBF,Innovator Uncapped Bitcoin 20 Floor ETF - Quarterly,Cboe BZX,etf,1000000
QBIF,AllianzIM International Equity Buffer15 ETF,Cboe BZX,etf,1000000
QBIG,Invesco Top QQQ ETF,NASDAQ,etf,1000000
QBIV,AllianzIM International Equity Buffer5 ETF,Cboe BZX,etf,1000000
QBKF,AllianzIM U.S. Small Cap Buffer15 ETF,Cboe BZX,etf,1000000
QBKV,AllianzIM U.S. Small Cap Buffer5 ETF,Cboe BZX,etf,1000000
QBQF,AllianzIM Growth-100 Buffer15 ETF,Cboe BZX,etf,1000000
QBQV,AllianzIM Growth-100 Buffer5 ETF,Cboe BZX,etf,1000000
QBSF,AllianzIM U.S. Equity Buffer15 ETF,Cboe BZX,etf,1000000
QBSV,AllianzIM U.S Equity Buffer5 ETF,Cboe BZX,etf,1000000
QBTX,Tradr 2X Long QBTS Daily ETF,Cboe BZX,etf,1000000
QBTZ,Defiance Daily Target 2x Short QBTS ETF,NASDAQ,etf,1000000
QBUF,Innovator Nasdaq-100 10 Buffer ETF Quarterly,NASDAQ,etf,1000000
QBUL,TrueShares Quarterly Bull Hedge ETF,Cboe BZX,etf,1000000
QBY,GraniteShares YieldBoost QBTS ETF,NASDAQ,etf,1000000
QCAP,FT Vest Nasdaq-100 Conservative Buffer ETF - April,Cboe BZX,etf,1000000
QCJA,FT Vest Nasdaq-100 Conservative Buffer ETF - January,Cboe BZX,etf,1000000
QCJL,FT Vest Nasdaq-100 Conservative Buffer ETF - July,Cboe BZX,etf,1000000
QCLN,First Trust NASDAQ Clean Edge Green Energy Index Fund,NASDAQ,etf,1000000
QCLR,Global X NASDAQ 100 Collar 95-110 ETF,NASDAQ,etf,1000000
QCMD,Direxion Daily QCOM Bear 1X ETF,NASDAQ,etf,1000000
QCML,GraniteShares 2x Long QCOM Daily ETF,NASDAQ,etf,1000000
QCMU,Direxion Daily QCOM Bull 2X ETF,NASDAQ,etf,1000000
QCOC,FT Vest Nasdaq-100 Conservative Buffer ETF - October,Cboe BZX,etf,1000000
QDEC,FT Vest Nasdaq-100 Buffer ETF - December,Cboe BZX,etf,1000000
QDEF,Northern Trust Quality Dividend Defensive ETF,NYSE Arca,etf,1000000
QDF,Northern Trust Quality Dividend ETF,NYSE Arca,etf,1000000
QDIV,Global X S&P 500 Quality Dividend ETF,NYSE Arca,etf,1000000
QDPL,Pacer Metaurus US Large Cap Dividend Multiplier 400 ETF,NYSE Arca,etf,1000000
QDTE,Roundhill Nasdaq-100 0DTE Covered Call ETF Strategy ETF,Cboe BZX,etf,1000000
QDTY,YieldMax Nasdaq 100 0DTE Covered Call Strategy ETF,NASDAQ,etf,1000000
QDVO,Amplify CWP Growth & Income ETF,NYSE Arca,etf,1000000
QEFA,State Street SPDR MSCI EAFE StrategicFactors ETF,NYSE Arca,etf,1000000
QEMM,State Street SPDR MSCI Emerging Markets StrategicFactors ETF,NYSE Arca,etf,1000000
QEW,Invesco QQQ Equal Weight ETF,NASDAQ,etf,1000000
QFF,Qualivian Focus Fund ETF,NASDAQ,etf,1000000
QFHD,Pacer S&P 500 Quality FCF High Dividend ETF,Cboe BZX,etf,1000000
QFLR,Innovator Nasdaq-100 Managed Floor ETF,NYSE Arca,etf,1000000
QFRD,Pacer S&P 500 Quality FCF R&D Leaders,Cboe BZX,etf,1000000
QGRD,Horizon Nasdaq-100 Defined Risk ETF,NASDAQ,etf,1000000
QGRO,American Century U.S. Quality Growth ETF,NYSE Arca,etf,1000000
QGRW,WisdomTree U.S. Quality Growth Fund,NYSE Arca,etf,1000000
QHY,WisdomTree U.S. High Yield Corporate Bond Fund,Cboe BZX,etf,1000000
QID,ProShares UltraShort QQQ,NYSE Arca,etf,1000000
QIDX,Indexperts Quality Earnings Focused ETF,NYSE Arca,etf,1000000
QIG,WisdomTree U.S. Corporate Bond Fund,Cboe BZX,etf,1000000
QINT,American Century Quality Diversified International ETF,NYSE Arca,etf,1000000
QIS,Simplify Multi-QIS Alternative ETF,NYSE Arca,etf,1000000
QJL,Corgi Growth & Technology 10% Structured Buffer ETF - July Series,Cboe BZX,etf,1000000
QJN,Corgi Growth & Technology 10% Structured Buffer ETF - June Series,Cboe BZX,etf,1000000
QJUN,FT Vest Nasdaq-100 Buffer ETF - June,Cboe BZX,etf,1000000
QLC,Northern Trust US Quality Large Cap ETF,Cboe BZX,etf,1000000
QLD,ProShares Ultra QQQ,NYSE Arca,etf,1000000
QLDY,Defiance Nasdaq 100 LightningSpread Income ETF,NASDAQ,etf,1000000
QLTA,iShares Aaa A Rated Corporate Bond ETF,NYSE Arca,etf,1000000
QLTI,GMO International Quality ETF,NYSE Arca,etf,1000000
QLTY,GMO U.S. Quality ETF,NYSE Arca,etf,1000000
QLV,Northern Trust US Quality Low Volatility ETF,NYSE Arca,etf,1000000
QLVD,Northern Trust Developed Markets ex-US Quality Low Volatility ETF,NYSE Arca,etf,1000000
QLVE,Northern Trust Emerging Markets Quality Low Volatility ETF,NYSE Arca,etf,1000000
QMAG,FT Vest Nasdaq-100 Moderate Buffer ETF - August,Cboe BZX,etf,1000000
QMAR,FT Vest Nasdaq-100 Buffer ETF - March,Cboe BZX,etf,1000000
QMFE,FT Vest Nasdaq-100 Moderate Buffer ETF - February,Cboe BZX,etf,1000000
QMID,WisdomTree U.S. MidCap Quality Growth Fund,NASDAQ,etf,1000000
QMMY,FT Vest Nasdaq-100 Moderate Buffer ETF - May,Cboe BZX,etf,1000000
QMNV,FT Vest Nasdaq-100 Moderate Buffer ETF - November,Cboe BZX,etf,1000000
QMOM,Alpha Architect U.S. Quantitative Momentum ETF,NASDAQ,etf,1000000
QMY,Corgi Growth & Technology 10% Structured Buffer ETF - May Series,Cboe BZX,etf,1000000
QNDX,State Street SPDR Portfolio Nasdaq 100 ETF,NASDAQ,etf,1000000
QNTU,Tradr 2X Long QNT Daily ETF,Cboe BZX,etf,1000000
QNXT,iShares Nasdaq-100 ex Top 30 ETF,NASDAQ,etf,1000000
QOWZ,Invesco Nasdaq Free Cash Flow Achievers ETF,NASDAQ,etf,1000000
QPUX,Defiance 2X Daily Long Pure Quantum ETF,NASDAQ,etf,1000000
QPX,AdvisorShares Q Dynamic Growth ETF,NYSE Arca,etf,1000000
QQA,Invesco QQQ Income Advantage ETF,NASDAQ,etf,1000000
QQAU,Corgi Growth & Technology 15% Structured Buffer ETF - August Series,Cboe BZX,etf,1000000
QQBF,FT Vest Nasdaq-100 Quarterly 15 Buffer ETF,Cboe BZX,etf,1000000
QQDN,ProShares UltraShort QQQ Mega,NASDAQ,etf,1000000
QQEW,First Trust Nasdaq-100 Select Equal Weight ETF,NASDAQ,etf,1000000
QQH,HCM Defender 100 Index ETF,NYSE Arca,etf,1000000
QQHG,Invesco QQQ Hedged Advantage ETF,NASDAQ,etf,1000000
QQI,Invesco Nasdaq International Innovators 100 ETF,NASDAQ,etf,1000000
QQJL,Corgi Growth & Technology 15% Structured Buffer ETF - July Series,Cboe BZX,etf,1000000
QQJN,Corgi Growth & Technology 15% Structured Buffer ETF - June Series,Cboe BZX,etf,1000000
QQLV,Invesco QQQ Low Volatility ETF,NASDAQ,etf,1000000
QQMG,Invesco ESG NASDAQ 100 ETF,NASDAQ,etf,1000000
QQMY,Corgi Growth & Technology 15% Structured Buffer ETF - May Series,Cboe BZX,etf,1000000
QQQ,"Invesco QQQ Trust, Series 1",NASDAQ,etf,1000000
QQQA,ProShares Nasdaq-100 Dorsey Wright Momentum ETF,NASDAQ,etf,1000000
QQQB,VistaShares Shield Nasdaq 100 Enhanced Protection ETF,NASDAQ,etf,1000000
QQQD,Direxion Daily Magnificent 7 Bear 1X ETF,NYSE Arca,etf,1000000
QQQE,Direxion NASDAQ-100 Equal Weighted Index ETF,NASDAQ,etf,1000000
QQQG,Pacer Nasdaq 100 Top 50 Cash Cows Growth Leaders ETF,NASDAQ,etf,1000000
QQQH,NEOS Nasdaq-100 Hedged Equity Income ETF,NASDAQ,etf,1000000
QQQI,NEOS Nasdaq 100 High Income ETF,NASDAQ,etf,1000000
QQQJ,Invesco NASDAQ Next Gen 100 ETF,NASDAQ,etf,1000000
QQQM,Invesco NASDAQ 100 ETF,NASDAQ,etf,1000000
QQQP,Tradr 2X Long Innovation 100 Quarterly ETF,NASDAQ,etf,1000000
QQQS,Invesco NASDAQ Future Gen 200 ETF,NASDAQ,etf,1000000
QQQT,Defiance Nasdaq 100 Income Target ETF,NASDAQ,etf,1000000
QQQU,Direxion Daily Magnificent 7 Bull 2X ETF,NYSE Arca,etf,1000000
QQQY,Defiance Nasdaq 100 Weekly Distribution ETF,NASDAQ,etf,1000000
QQSE,Corgi Growth & Technology 15% Structured Buffer ETF - September Series,Cboe BZX,etf,1000000
QQUP,ProShares Ultra QQQ Mega,NASDAQ,etf,1000000
QQWZ,Pacer Cash COWZ 100-Nasdaq 100 Rotator ETF,NASDAQ,etf,1000000
QQXL,ProShares Ultra QQQ Top 30,NASDAQ,etf,1000000
QQXT,First Trust NASDAQ-100 Ex-Technology Sector Index Fund,NASDAQ,etf,1000000
QRMI,Global X NASDAQ 100 Risk Managed Income ETF,NASDAQ,etf,1000000
QSE,Corgi Growth & Technology 10% Structured Buffer ETF - September Series,Cboe BZX,etf,1000000
QSIG,WisdomTree U.S. Short Term Corporate Bond Fund,Cboe BZX,etf,1000000
QSIX,Pacer Metaurus Nasdaq 100 Dividend Multiplier 600 ETF,NASDAQ,etf,1000000
QSML,WisdomTree U.S. SmallCap Quality Growth Fund,NASDAQ,etf,1000000
QSPT,FT Vest Nasdaq-100 Buffer ETF - September,Cboe BZX,etf,1000000
QSU,Defiance Daily Target 2X Long QS ETF,NYSE Arca,etf,1000000
QTAC,Q3 All-Season Tactical Advantage ETF,Cboe BZX,etf,1000000
QTAP,Innovator Growth Accelerated Plus ETF - April,Cboe BZX,etf,1000000
QTEC,First Trust NASDAQ-100-Technology Sector Index Fund,NASDAQ,etf,1000000
QTJA,Innovator Growth Accelerated Plus ETF - January,Cboe BZX,etf,1000000
QTJL,Innovator Growth Accelerated Plus ETF - July,Cboe BZX,etf,1000000
QTOC,Innovator Growth Accelerated Plus ETF - October,Cboe BZX,etf,1000000
QTOP,iShares Nasdaq Top 30 Stocks ETF,NASDAQ,etf,1000000
QTR,Global X NASDAQ 100 Tail Risk ETF,NASDAQ,etf,1000000
QTUM,Defiance Quantum ETF,NASDAQ,etf,1000000
QTUP,Defiance Long Pure Quantum ETF,Cboe BZX,etf,1000000
QUA,Corgi QBTS 2x Daily ETF,Cboe BZX,etf,1000000
QUAL,iShares MSCI USA Quality Factor ETF,Cboe BZX,etf,1000000
QUBX,Tradr 2X Long QUBT Daily ETF,Cboe BZX,etf,1000000
QUIZ,Zacks Quality International ETF,NYSE Arca,etf,1000000
QUS,State Street SPDR MSCI USA StrategicFactors ETF,NYSE Arca,etf,1000000
QUSA,VistaShares Target 15 USA Quality Income ETF,NYSE Arca,etf,1000000
QVAL,Alpha Architect U.S. Quantitative Value ETF,NASDAQ,etf,1000000
QVML,Invesco S&P 500 QVM Multi-factor ETF,NYSE Arca,etf,1000000
QVMM,Invesco S&P MidCap 400 QVM Multi-factor ETF,NYSE Arca,etf,1000000
QVMS,Invesco S&P SmallCap 600 QVM Multi-factor ETF,NYSE Arca,etf,1000000
QVMT,Invesco S&P 500 Concentrated QVM ETF,NYSE Arca,etf,1000000
QVOL,Infrastructure Capital Nasdaq Option Income ETF,NASDAQ,etf,1000000
QVOY,Q3 Active Rotation ETF,Cboe BZX,etf,1000000
QWLD,State Street SPDR MSCI World StrategicFactors ETF,NYSE Arca,etf,1000000
QXQ,SGI Enhanced Nasdaq-100 ETF,NASDAQ,etf,1000000
QYLD,Global X NASDAQ 100 Covered Call ETF,NASDAQ,etf,1000000
QYLG,Global X Nasdaq 100 Covered Call & Growth ETF,NASDAQ,etf,1000000
RAA,SMI 3Fourteen REAL Asset Allocation ETF,NASDAQ,etf,1000000
RAAA,Reckoner Yield Enhanced AAA CLO ETF,NYSE Arca,etf,1000000
RAAR,Reckoner Yield Enhanced AAA CLO Reinvesting ETF,NYSE Arca,etf,1000000
RAAX,VanEck Real Assets ETF,NYSE Arca,etf,1000000
RAAY,Reckoner Yield Enhanced AAA CLO Annual ETF,NYSE Arca,etf,1000000
RACK,VanEck Data Center Supply Chain ETF,Cboe BZX,etf,1000000
RAFE,PIMCO RAFI ESG U.S. ETF,NYSE Arca,etf,1000000
RAM,Roundhill T-REX 2X Long DRAM Daily Target ETF,Cboe BZX,etf,1000000
RAML,Leverage Shares 2X Long Memory Daily ETF,Cboe BZX,etf,1000000
RAMZ,T-REX 2X Inverse DRAM Daily Target ETF,Cboe BZX,etf,1000000
RANK,Defiance KSM TipRanks Analyst ETF,NYSE Arca,etf,1000000
RAUS,RACWI US ETF,NASDAQ,etf,1000000
RAVI,Northern Trust Ultra-Short Fixed Income ETF,NYSE Arca,etf,1000000
RB,ProShares Russell 2000 Dynamic Buffer ETF,Cboe BZX,etf,1000000
RBIL,F/m Ultrashort Treasury Inflation-Protected Security (TIPS) ETF,NASDAQ,etf,1000000
RBLD,First Trust Alerian US NextGen Infrastructure ETF,NYSE Arca,etf,1000000
RBLU,T-REX 2X Long RBLX Daily Target ETF,Cboe BZX,etf,1000000
RBLY,YieldMax RBLX Option Income Strategy ETF,NYSE Arca,etf,1000000
RBUF,Innovator U.S. Small Cap 10 Buffer ETF - Quarterly,Cboe BZX,etf,1000000
RCAX,Defiance Daily Target 2x Long RCAT ETF,NASDAQ,etf,1000000
RCBC,River City Bank,NASDAQ,stock,1000000
RCGE,RockCreek Global Equality ETF,NASDAQ,etf,1000000
RCLO,Reckoner BBB-B CLO ETF,NYSE Arca,etf,1000000
RCLR,Reckoner BBB-B CLO Reinvesting ETF,NYSE Arca,etf,1000000
RCLY,Reckoner BBB-B CLO Annual ETF,NYSE Arca,etf,1000000
RCTR,First Trust Bloomberg Nuclear Power ETF,NYSE Arca,etf,1000000
RDDC,Corgi RDDT 2x Daily ETF,Cboe BZX,etf,1000000
RDFI,Rareview Dynamic Fixed Income ETF,Cboe BZX,etf,1000000
RDIV,Invesco S&P Ultra Dividend Revenue ETF,NYSE Arca,etf,1000000
RDOG,ALPS REIT Dividend Dogs ETF,NYSE Arca,etf,1000000
RDTE,Roundhill Russell 2000 0DTE Covered Call Strategy ETF,Cboe BZX,etf,1000000
RDTL,GraniteShares 2x Long RDDT Daily ETF,NASDAQ,etf,1000000
RDTY,YieldMax R2000 0DTE Covered Strategy ETF,NASDAQ,etf,1000000
RDVI,FT Vest Rising Dividend Achievers Target Income ETF,Cboe BZX,etf,1000000
RDVY,First Trust Rising Dividend Achievers ETF,NASDAQ,etf,1000000
RDWU,T-REX 2X Long RDW Daily Target ETF,Cboe BZX,etf,1000000
RDYY,YieldMax RDDT Option Income Strategy ETF,NYSE Arca,etf,1000000
REAI,Intelligent Real Estate ETF,NASDAQ,etf,1000000
RECI,Columbia Research Enhanced Core Premium Income ETF,NYSE Arca,etf,1000000
RECS,Columbia Research Enhanced Core ETF,NYSE Arca,etf,1000000
REET,iShares Global REIT ETF,NYSE Arca,etf,1000000
REFA,Columbia Research Enhanced International Equity ETF,NYSE Arca,etf,1000000
REGL,ProShares S&P MidCap 400 Dividend Aristocrats ETF,Cboe BZX,etf,1000000
REGS,Columbia Large Cap Growth ETF,NYSE Arca,etf,1000000
REIT,ALPS Active REIT ETF,NASDAQ,etf,1000000
REIX,NYLIM CBRE Real Estate & Infrastructure ETF,NYSE Arca,etf,1000000
REK,ProShares Short Real Estate,NYSE Arca,etf,1000000
REM,iShares Mortgage Real Estate ETF,Cboe BZX,etf,1000000
REMC,Columbia Research Enhanced Mid Cap ETF,NYSE Arca,etf,1000000
REMG,Russell Investments Emerging Markets Equity ETF,NASDAQ,etf,1000000
REMX,VanEck Rare Earth and Strategic Metals ETF,NYSE Arca,etf,1000000
RESM,Columbia Research Enhanced Small Cap ETF,NYSE Arca,etf,1000000
RETL,Direxion Daily Retail Bull 3X ETF,NYSE Arca,etf,1000000
REVS,Columbia Research Enhanced Value ETF,NYSE Arca,etf,1000000
REW,ProShares UltraShort Technology,NYSE Arca,etf,1000000
REXC,Sprott Rare Earths Ex-China ETF,NASDAQ,etf,1000000
REZ,iShares Residential and Multisector Real Estate ETF,NYSE Arca,etf,1000000
RFCI,ALPS Dynamic Core Income ETF,NYSE Arca,etf,1000000
RFDA,ALPS Dynamic US Dividend Advantage ETF,NYSE Arca,etf,1000000
RFFC,ALPS Active Equity Opportunity ETF,NYSE Arca,etf,1000000
RFG,Invesco S&P MidCap 400 Pure Growth ETF,NYSE Arca,etf,1000000
RFIX,Simplify Bond Bull ETF,NYSE Arca,etf,1000000
RFLR,Innovator U.S. Small Cap Managed Floor ETF,NYSE Arca,etf,1000000
RFV,Invesco S&P MidCap 400 Pure Value ETF,NYSE Arca,etf,1000000
RGEF,Rockefeller Global Equity ETF,NYSE Arca,etf,1000000
RGLO,Russell Investments Global Equity ETF,NASDAQ,etf,1000000
RGTC,Corgi RGTI 2x Daily ETF,Cboe BZX,etf,1000000
RGTU,Tradr 2X Long RGTI Daily ETF,Cboe BZX,etf,1000000
RGTX,Defiance Daily Target 2X Long RGTI ETF,NASDAQ,etf,1000000
RGTZ,Defiance Daily Target 2x Short RGTI ETF,NASDAQ,etf,1000000
RGYY,GraniteShares YieldBoost RGTI ETF,NASDAQ,etf,1000000
RHRX,Adaptive Tactical Rotation ETF,NYSE Arca,etf,1000000
RHTX,RH Tactical Outlook ETF,NYSE Arca,etf,1000000
RIET,Hoya Capital High Dividend Yield ETF,NYSE Arca,etf,1000000
RIFR,Russell Investments Global Infrastructure ETF,NASDAQ,etf,1000000
RIGS,ALPS Strategic Income Fund,NYSE Arca,etf,1000000
RILA,Indexperts Gorilla Aggressive Growth ETF,NYSE Arca,etf,1000000
RINF,ProShares Inflation Expectations ETF,NYSE Arca,etf,1000000
RING,iShares MSCI Global Gold Miners ETF,NASDAQ,etf,1000000
RINT,Russell Investments International Developed Equity ETF,NASDAQ,etf,1000000
RIOX,Defiance Daily Target 2X Long RIOT ETF,NYSE Arca,etf,1000000
RISE,Pictet Emerging Markets Rising Economies ETF,NYSE Arca,etf,1000000
RISN,Inspire Capital Appreciation ETF,NYSE Arca,etf,1000000
RISR,FolioBeyond Alternative Income and Interest Rate Hedge ETF,NYSE Arca,etf,1000000
RITA,ETFB Green SRI REITs ETF,NYSE Arca,etf,1000000
RIVC,Corgi RIVN 2x Daily ETF,Cboe BZX,etf,1000000
RIZE,Principal Inflation Protection ETF,Cboe BZX,etf,1000000
RJCA,RJ ClariVest Capital Appreciation ETF,NYSE Arca,etf,1000000
RJDI,RJ Eagle GCM Dividend Select Income ETF,NYSE Arca,etf,1000000
RJMI,RJ Eagle Municipal Income ETF,NYSE Arca,etf,1000000
RJVI,RJ Eagle Vertical Income ETF,NYSE Arca,etf,1000000
RKLX,Defiance Daily Target 2X Long RKLB ETF,NASDAQ,etf,1000000
RKLZ,Defiance Daily Target 2x Short RKLB ETF,NASDAQ,etf,1000000
RKNG,Defiance Retail Kings ETF,NASDAQ,etf,1000000
RKSG,Ruk Strategic Growth ETF,NYSE Arca,etf,1000000
RKX,Corgi RKLB 2x Daily ETF,Cboe BZX,etf,1000000
RLY,State Street Multi-Asset Real Return ETF,NYSE Arca,etf,1000000
RMBC,Corgi RMBS 2x Daily ETF,Cboe BZX,etf,1000000
RMBX,Tradr 2X Long RMBS Daily ETF,Cboe BZX,etf,1000000
RMCA,Rockefeller California Municipal Bond ETF,NYSE Arca,etf,1000000
RMHY,Global X Adaptive Risk Managed Yield ETF,NYSE Arca,etf,1000000
RMME,Rareview Government Money Market ETF,Cboe BZX,etf,1000000
RMNY,Rockefeller New York Municipal Bond ETF,NYSE Arca,etf,1000000
RMOP,Rockefeller Opportunistic Municipal Bond ETF,NYSE Arca,etf,1000000
RMRC,ARMOR Core Risk-Managed ETF,NYSE Arca,etf,1000000
RND,First Trust Bloomberg R&D Leaders ETF,NYSE Arca,etf,1000000
RNEM,Emerging Markets Equity Select ETF,NASDAQ,etf,1000000
RNIN,Bushido Capital US SMID Cap Equity ETF,NASDAQ,etf,1000000
RNMN,RiverNorth Market Neutral ETF,Cboe BZX,etf,1000000
RNRG,Global X Renewable Energy Producers ETF,NASDAQ,etf,1000000
RNTY,YieldMax Target 12 Real Estate Option Income ETF,NYSE Arca,etf,1000000
ROAM,Hartford Multifactor Emerging Markets ETF,NYSE Arca,etf,1000000
ROBN,T-Rex 2X Long HOOD Daily Target ETF,Cboe BZX,etf,1000000
ROBO,ROBO Global Robotics and Automation Index ETF,NYSE Arca,etf,1000000
ROBT,First Trust Nasdaq Artificial Intelligence and Robotics ETF,NASDAQ,etf,1000000
ROBX,Amplify Top 10 Robotics ETF,NYSE Arca,etf,1000000
ROCQ,JPMorgan Nasdaq Equity Premium Yield ETF,NASDAQ,etf,1000000
ROCY,JPMorgan Equity Premium Yield ETF,NASDAQ,etf,1000000
RODM,Hartford Multifactor Developed Markets (ex-US) ETF,NYSE Arca,etf,1000000
ROE,Astoria US Equal Weight Quality Kings ETF,NASDAQ,etf,1000000
ROKT,State Street SPDR S&P Kensho Final Frontiers ETF,NYSE Arca,etf,1000000
ROM,ProShares Ultra Technology,NYSE Arca,etf,1000000
ROMO,Strategy Shares Newfound/ReSolve Robust Momentum ETF,Cboe BZX,etf,1000000
RONB,Baron First Principles ETF,NYSE,etf,1000000
ROPE,Coastal Compass 100 ETF,NYSE Arca,etf,1000000
ROSC,Hartford Multifactor Small Cap ETF,NYSE Arca,etf,1000000
ROUS,Hartford Multifactor U.S. Equity ETF,NYSE Arca,etf,1000000
RPAR,RPAR Risk Parity ETF,NYSE Arca,etf,1000000
RPG,Invesco S&P 500 Pure Growth ETF,NYSE Arca,etf,1000000
RPV,Invesco S&P 500 Pure Value ETF,NYSE Arca,etf,1000000
RSBA,Return Stacked Bonds & Merger Arbitrage ETF,Cboe BZX,etf,1000000
RSBT,Return Stacked Bonds & Managed Futures ETF,Cboe BZX,etf,1000000
RSBY,Return Stacked Bonds & Futures Yield ETF,Cboe BZX,etf,1000000
RSDE,FT Vest U.S. Equity Equal Weight Buffer ETF - December,NYSE Arca,etf,1000000
RSEE,Rareview Systematic Equity ETF,Cboe BZX,etf,1000000
RSIT,Return Stacked International Stocks & Managed Futures ETF,Cboe BZX,etf,1000000
RSJN,FT Vest U.S. Equity Equal Weight Buffer ETF - June,NYSE Arca,etf,1000000
RSMC,Rockefeller U.S. Small-Mid Cap ETF,NYSE Arca,etf,1000000
RSMR,FT Vest U.S. Equity Equal Weight Buffer ETF - March,NYSE Arca,etf,1000000
RSMV,Relative Strength Managed Volatility Strategy ETF,NYSE Arca,etf,1000000
RSP,Invesco S&P 500 Equal Weight ETF,NYSE Arca,etf,1000000
RSPA,Invesco S&P 500 Equal Weight Income Advantage ETF,NYSE Arca,etf,1000000
RSPC,Invesco S&P 500 Equal Weight Communication Services ETF,NYSE Arca,etf,1000000
RSPD,Invesco S&P 500 Equal Weight Consumer Discretionary ETF,NYSE Arca,etf,1000000
RSPE,Invesco ESG S&P 500 Equal Weight ETF,NYSE Arca,etf,1000000
RSPF,Invesco S&P 500 Equal Weight Financial ETF,NYSE Arca,etf,1000000
RSPG,Invesco S&P 500 Equal Weight Energy ETF,NYSE Arca,etf,1000000
RSPH,Invesco S&P 500 Equal Weight Health Care ETF,NYSE Arca,etf,1000000
RSPM,Invesco S&P 500 Equal Weight Materials ETF,NYSE Arca,etf,1000000
RSPN,Invesco S&P 500 Equal Weight Industrials Portfolio,NYSE Arca,etf,1000000
RSPR,Invesco S&P 500 Equal Weight Real Estate ETF,NYSE Arca,etf,1000000
RSPS,Invesco S&P 500 Equal Weight Consumer Staples ETF,NYSE Arca,etf,1000000
RSPT,Invesco S&P 500 Equal Weight Technology ETF,NYSE Arca,etf,1000000
RSPU,Invesco S&P 500 Equal Weight Utilities ETF,NYSE Arca,etf,1000000
RSSB,Return Stacked Global Stocks & Bonds ETF,Cboe BZX,etf,1000000
RSSE,FT Vest U.S. Equity Equal Weight Buffer ETF  September,NYSE Arca,etf,1000000
RSSL,Global X Russell 2000 ETF,NYSE Arca,etf,1000000
RSST,Return Stacked U.S. Stocks & Managed Futures ETF,Cboe BZX,etf,1000000
RSSX,Return Stacked U.S. Stocks & Gold/Bitcoin ETF,Cboe BZX,etf,1000000
RSSY,Return Stacked U.S. Stocks & Futures Yield ETF,Cboe BZX,etf,1000000
RTAI,Rareview Tax Advantaged Income ETF,Cboe BZX,etf,1000000
RTH,VanEck Retail ETF,NASDAQ,etf,1000000
RTOO,VistaShares Robotics Supercycle ETF,NYSE Arca,etf,1000000
RTRE,Rareview Total Return Bond ETF,Cboe BZX,etf,1000000
RTXG,Leverage Shares 2X Long RTX Daily ETF,NASDAQ,etf,1000000
RTYY,GraniteShares YieldBoost RIOT ETF,NASDAQ,etf,1000000
RULE,Adaptive Core ETF,Cboe BZX,etf,1000000
RUNN,Running Oak Efficient Growth ETF,NASDAQ,etf,1000000
RUSC,Russell Investments U.S. Small Cap Equity ETF,NASDAQ,etf,1000000
RVER,Trenchless Fund ETF,NYSE Arca,etf,1000000
RVNL,GraniteShares 2x Long RIVN Daily ETF,NASDAQ,etf,1000000
RVNU,Xtrackers Municipal Infrastructure Revenue Bond Active ETF,NYSE Arca,etf,1000000
RW,Rainwater Equity ETF,NYSE Arca,etf,1000000
RWEM,Rayliant Wilshire NxtGen Emerging Markets Equity ETF,NYSE Arca,etf,1000000
RWIN,Rayliant NxtGen Multifactor International Equity ETF,NASDAQ,etf,1000000
RWJ,Invesco S&P SmallCap 600 Revenue ETF,NYSE Arca,etf,1000000
RWK,Invesco S&P MidCap 400 Revenue ETF,NYSE Arca,etf,1000000
RWL,Invesco S&P 500 Revenue ETF,NYSE Arca,etf,1000000
RWLC,Rayliant Wilshire NxtGen US Large Cap Equity ETF,NYSE Arca,etf,1000000
RWM,ProShares Short Russell2000,NYSE Arca,etf,1000000
RWO,State Street SPDR Dow Jones Global Real Estate ETF,NYSE Arca,etf,1000000
RWR,State Street SPDR Dow Jones REIT ETF,NYSE Arca,etf,1000000
RWX,State Street SPDR Dow Jones International Real Estate ETF,NYSE Arca,etf,1000000
RXD,ProShares UltraShort Health Care,NYSE Arca,etf,1000000
RXI,iShares Global Consumer Discretionary ETF,NYSE Arca,etf,1000000
RXL,ProShares Ultra Health Care,NYSE Arca,etf,1000000
RYLD,Global X Russell 2000 Covered Call ETF,NYSE Arca,etf,1000000
RYLG,Global X Russell 2000 Covered Call & Growth ETF,NYSE Arca,etf,1000000
RZG,Invesco S&P SmallCap 600 Pure Growth ETF,NYSE Arca,etf,1000000
RZV,Invesco S&P SmallCap 600 Pure Value ETF,NYSE Arca,etf,1000000
SAA,ProShares Ultra SmallCap600,NYSE Arca,etf,1000000
SAGP,Strategas Global Policy Opportunities ETF,NYSE Arca,etf,1000000
SALI,Schroders US Autocallable Ladder Income ETF,NYSE Arca,etf,1000000
SAMM,Strategas Macro Momentum ETF,NYSE Arca,etf,1000000
SAMT,Strategas Macro Thematic Opportunities ETF,NYSE Arca,etf,1000000
SAPH,SAP SE ADRhedged,NYSE Arca,etf,1000000
SARK,Tradr 1X Short Innovation Daily ETF,NASDAQ,etf,1000000
SASS,M.D. Sass Concentrated Value ETF,NYSE Arca,etf,1000000
SATO,Invesco Alerian Galaxy Crypto Economy ETF,Cboe BZX,etf,1000000
SAUG,FT Vest U.S. Small Cap Moderate Buffer ETF - August,Cboe BZX,etf,1000000
SAWG,AAM Sawgrass US Large Cap Quality Growth ETF,NYSE Arca,etf,1000000
SAWS,AAM Sawgrass US Small Cap Quality Growth ETF,NYSE Arca,etf,1000000
SBAR,Simplify Barrier Income ETF,NYSE Arca,etf,1000000
SBB,ProShares Short SmallCap600,NYSE Arca,etf,1000000
SBIL,Simplify Government Money Market ETF,NYSE Arca,etf,1000000
SBIO,ALPS Medical Breakthroughs ETF,NYSE Arca,etf,1000000
SBIT,ProShares UltraShort Bitcoin ETF,NYSE Arca,etf,1000000
SBND,Columbia Short Duration Bond ETF,NYSE Arca,etf,1000000
SBTU,T-REX 2X Long SBET Daily Target ETF,Cboe BZX,etf,1000000
SCA,GraniteShares Autocallable SMCI ETF,NASDAQ,etf,1000000
SCAP,Infrastructure Capital Small Cap Income ETF,NYSE Arca,etf,1000000
SCAU,Corgi U.S. Small-Cap 15% Structured Buffer ETF - August Series,Cboe BZX,etf,1000000
SCC,ProShares UltraShort Consumer Discretionary,NYSE Arca,etf,1000000
SCCR,Schwab Core Bond ETF,NYSE Arca,etf,1000000
SCDS,JPMorgan Fundamental Data Science Small Core ETF,NASDAQ,etf,1000000
SCDV,Bahl & Gaynor Small Cap Dividend ETF,NYSE Arca,etf,1000000
SCEC,Sterling Capital Enhanced Core Bond ETF,Cboe BZX,etf,1000000
SCEP,Sterling Capital Hedged Equity Premium Income ETF,Cboe BZX,etf,1000000
SCHA,Schwab U.S. Small-Cap ETF,NYSE Arca,etf,1000000
SCHB,Schwab U.S. Broad Market ETF,NYSE Arca,etf,1000000
SCHC,Schwab International Small-Cap Equity ETF,NYSE Arca,etf,1000000
SCHD,Schwab US Dividend Equity ETF,NYSE Arca,etf,1000000
SCHE,Schwab Emerging Markets Equity ETF,NYSE Arca,etf,1000000
SCHF,Schwab International Equity ETF,NYSE Arca,etf,1000000
SCHG,Schwab U.S. Large-Cap Growth ETF,NYSE Arca,etf,1000000
SCHH,Schwab U.S. REIT ETF,NYSE Arca,etf,1000000
SCHI,Schwab 5-10 Year Corporate Bond ETF,NYSE Arca,etf,1000000
SCHJ,Schwab 1-5 Year Corporate Bond ETF,NYSE Arca,etf,1000000
SCHK,Schwab 1000 Index ETF,NYSE Arca,etf,1000000
SCHM,Schwab U.S. Mid Cap ETF,NYSE Arca,etf,1000000
SCHO,Schwab Short-Term U.S. Treasury ETF,NYSE Arca,etf,1000000
SCHP,Schwab U.S. TIPS ETF,NYSE Arca,etf,1000000
SCHQ,Schwab Long-Term U.S. Treasury ETF,NYSE Arca,etf,1000000
SCHR,Schwab Intermediate-Term U.S. Treasury ETF,NYSE Arca,etf,1000000
SCHV,Schwab U.S. Large-Cap Value ETF,NYSE Arca,etf,1000000
SCHX,Schwab U.S. Large-Cap ETF,NYSE Arca,etf,1000000
SCHY,Schwab International Dividend Equity ETF,NYSE Arca,etf,1000000
SCHZ,Schwab US Aggregate Bond ETF,NYSE Arca,etf,1000000
SCIO,First Trust Structured Credit Income Opportunities ETF,NYSE Arca,etf,1000000
SCJ,iShares MSCI Japan Sm Cap,NYSE Arca,etf,1000000
SCJL,Corgi U.S. Small-Cap 15% Structured Buffer ETF - July Series,Cboe BZX,etf,1000000
SCJN,Corgi U.S. Small-Cap 15% Structured Buffer ETF - June Series,Cboe BZX,etf,1000000
SCLZ,Swan Enhanced Dividend Income ETF,Cboe BZX,etf,1000000
SCMB,Schwab Municipal Bond ETF,NYSE Arca,etf,1000000
SCMC,Sterling Capital Multi-Strategy Income ETF,Cboe BZX,etf,1000000
SCMY,Corgi U.S. Small-Cap 15% Structured Buffer ETF - May Series,Cboe BZX,etf,1000000
SCNM,Sterling Capital National Municipal Bond ETF,Cboe BZX,etf,1000000
SCOW,Pacer S&P SmallCap 600 Quality FCF Aristocrats ETF,Cboe BZX,etf,1000000
SCSB,Sterling Capital Short Duration Bond ETF,Cboe BZX,etf,1000000
SCSE,Corgi U.S. Small-Cap 15% Structured Buffer ETF - September Series,Cboe BZX,etf,1000000
SCUB,Sterling Capital Ultra Short Bond ETF,Cboe BZX,etf,1000000
SCUS,Schwab Ultra-Short Income ETF,NYSE Arca,etf,1000000
SCYB,Schwab High Yield Bond ETF,NYSE Arca,etf,1000000
SCZ,iShares MSCI EAFE Small-Cap ETF,NASDAQ,etf,1000000
SDCI,USCF SummerHaven Dynamic Commodity Strategy No K-1 Fund,NYSE Arca,etf,1000000
SDCP,Virtus Newfleet Short Duration Core Plus Bond ETF,NYSE Arca,etf,1000000
SDD,ProShares UltraShort SmallCap600,NYSE Arca,etf,1000000
SDEM,Global X MSCI SuperDividend Emerging Markets ETF,NYSE Arca,etf,1000000
SDFI,AB Short Duration Income ETF,NYSE Arca,etf,1000000
SDG,iShares MSCI Global Sustainable Development Goals ETF,NASDAQ,etf,1000000
SDIV,Global X SuperDividend ETF,NYSE Arca,etf,1000000
SDMF,Simplify DBi CTA Managed Futures Index ETF,NYSE Arca,etf,1000000
SDOG,ALPS Sector Dividend Dogs ETF,NYSE Arca,etf,1000000
SDOW,UltraPro Short Dow30,NYSE Arca,etf,1000000
SDP,ProShares UltraShort Utilities,NYSE Arca,etf,1000000
SDS,ProShares UltraShort S&P500,NYSE Arca,etf,1000000
SDSI,American Century Short Duration Strategic Income ETF,NASDAQ,etf,1000000
SDTY,YieldMax S&P 500 0DTE Covered Call Strategy ETF,NASDAQ,etf,1000000
SDUR,Aristotle Short Term Income ETF,NYSE Arca,etf,1000000
SDVD,FT Vest SMID Rising Dividend Achievers Target Income ETF,Cboe BZX,etf,1000000
SDVY,First Trust SMID Cap Rising Dividend Achievers ETF,NASDAQ,etf,1000000
SDY,State Street SPDR S&P Dividend ETF,NYSE Arca,etf,1000000
SEA,U.S. Global Sea to Sky Cargo ETF,NYSE Arca,etf,1000000
SECA,Main Active Rotation ETF,Cboe BZX,etf,1000000
SECR,NYLIM MacKay Securitized Income ETF,NYSE Arca,etf,1000000
SECT,Main Sector Rotation ETF,Cboe BZX,etf,1000000
SECU,iShares Securitized Income Active ETF,Cboe BZX,etf,1000000
SEEM,SEI Select Emerging Markets Equity ETF,NASDAQ,etf,1000000
SEF,ProShares Short Financials,NYSE Arca,etf,1000000
SEIE,SEI Select International Equity ETF,NASDAQ,etf,1000000
SEIM,SEI Enhanced U.S. Large Cap Momentum Factor ETF,Cboe BZX,etf,1000000
SEIQ,SEI Enhanced U.S. Large Cap Quality Factor ETF,Cboe BZX,etf,1000000
SEIS,SEI Select Small Cap ETF,NASDAQ,etf,1000000
SEIV,SEI Enhanced U.S. Large Cap Value Factor ETF,Cboe BZX,etf,1000000
SEIX,Virtus Seix Senior Loan ETF,NYSE Arca,etf,1000000
SELV,SEI Enhanced Low Volatility U.S. Large Cap ETF,Cboe BZX,etf,1000000
SEMG,Suncoast Select Growth ETF,NYSE Arca,etf,1000000
SEMI,Columbia Select Technology ETF,NYSE Arca,etf,1000000
SEMY,GraniteShares YieldBOOST Semiconductor ETF,NASDAQ,etf,1000000
SEPC,Corgi U.S. Equities 10% Structured Buffer ETF - September Series,Cboe BZX,etf,1000000
SEPI,Shelton Equity Premium Income ETF,NYSE Arca,etf,1000000
SEPM,FT Vest U.S. Equity Max Buffer ETF - September,Cboe BZX,etf,1000000
SEPP,PGIM S&P 500 Buffer 12 ETF - September,Cboe BZX,etf,1000000
SEPQ,STF Tactical Growth & Income ETF,NASDAQ,etf,1000000
SEPT,AllianzIM U.S. Large Cap Buffer10 Sep ETF,Cboe BZX,etf,1000000
SEPU,AllianzIM U.S. Equity Buffer15 Uncapped Sep ETF,Cboe BZX,etf,1000000
SEPW,AllianzIM U.S. Large Cap Buffer20 Sep ETF,Cboe BZX,etf,1000000
SEPZ,TrueShares Structured Outcome (September) ETF,Cboe BZX,etf,1000000
SETH,ProShares Short Ether ETF,NYSE Arca,etf,1000000
SETM,Sprott Critical Materials ETF,NASDAQ,etf,1000000
SEUS,SEI QiM U.S. Equity Factor Allocation Active ETF,NASDAQ,etf,1000000
SFEB,FT Vest U.S. Small Cap Moderate Buffer ETF - February,Cboe BZX,etf,1000000
SFGV,Sequoia Global Value ETF,NYSE Arca,etf,1000000
SFLO,VictoryShares Small Cap Free Cash Flow ETF,NASDAQ,etf,1000000
SFLR,Innovator Equity Managed Floor ETF,NYSE Arca,etf,1000000
SFTX,Horizon International Managed Risk ETF,NYSE Arca,etf,1000000
SFTY,Horizon Managed Risk ETF,Cboe BZX,etf,1000000
SFY,SoFi Select 500 ETF,NYSE Arca,etf,1000000
SFYF,SoFi Social 50 ETF,NYSE Arca,etf,1000000
SFYI,SoFi Social 50 Income ETF,NYSE Arca,etf,1000000
SGDJ,Sprott Junior Gold Miners ETF,NYSE Arca,etf,1000000
SGDM,Sprott Gold Miners ETF,NYSE Arca,etf,1000000
SGLC,SGI U.S. Large Cap Core ETF,NYSE Arca,etf,1000000
SGOV,iShares 0-3 Month Treasury Bond ETF,NYSE,etf,1000000
SGRT,SMART Earnings Growth 30 ETF,NYSE Arca,etf,1000000
SGRW,Harbor Active Small Cap Growth ETF,NYSE Arca,etf,1000000
SGVA,F/m Accumulator Ultrashort Treasury Fund,NASDAQ,etf,1000000
SGVT,Schwab Government Money Market ETF,NYSE Arca,etf,1000000
SH,ProShares Short S&P500,NYSE Arca,etf,1000000
SHAG,WisdomTree Yield Enhanced U.S. Short-Term Aggregate Bond Fund,Cboe BZX,etf,1000000
SHDG,Soundwatch Hedged Equity ETF,Cboe BZX,etf,1000000
SHE,State Street SPDR MSCI USA Gender Diversity ETF,NYSE Arca,etf,1000000
SHEH,Shell plc ADRhedged,NYSE Arca,etf,1000000
SHLD,Global X Defense Tech ETF,NYSE Arca,etf,1000000
SHM,State Street SPDR Nuveen ICE Short Term Municipal Bond ETF,NYSE Arca,etf,1000000
SHOC,Strive U.S. Semiconductor ETF,NYSE,etf,1000000
SHPP,Pacer Industrials and Logistics ETF,NYSE Arca,etf,1000000
SHPU,Direxion Daily SHOP Bull 2X ETF,NASDAQ,etf,1000000
SHRD,Arimathea Catholic Core Bond ETF,NYSE Arca,etf,1000000
SHRT,Gotham Short Strategies ETF,NYSE Arca,etf,1000000
SHRY,First Trust Bloomberg Shareholder Yield ETF,NASDAQ,etf,1000000
SHUS,Stratified LargeCap Hedged ETF,NYSE Arca,etf,1000000
SHV,iShares 0-1 Year Treasury Bond ETF,NYSE,etf,1000000
SHY,iShares 1-3 Year Treasury Bond ETF,NASDAQ,etf,1000000
SHYD,VanEck Short High Yield Muni ETF,Cboe BZX,etf,1000000
SHYG,iShares 0-5 Year High Yield Corporate Bond ETF,NYSE Arca,etf,1000000
SHYL,Xtrackers Short Duration High Yield Bond ETF,NYSE Arca,etf,1000000
SHYM,iShares Short Duration High Yield Muni Active ETF,Cboe BZX,etf,1000000
SIFI,Harbor Ares Systematic Multi-Sector Income ETF,NYSE Arca,etf,1000000
SIHY,Harbor Ares Systematic High Yield ETF,NYSE Arca,etf,1000000
SIJ,ProShares UltraShort Industrials,NYSE Arca,etf,1000000
SIL,Global X Silver Miners ETF,NYSE Arca,etf,1000000
SILJ,Amplify Junior Silver Miners ETF,NYSE Arca,etf,1000000
SIMS,State Street SPDR S&P Kensho Intelligent Structures ETF,NYSE Arca,etf,1000000
SIMX,Corgi SIMO 2x Daily ETF,Cboe BZX,etf,1000000
SIO,Touchstone Strategic Income ETF,NYSE Arca,etf,1000000
SIOO,VistaShares Target 15 S&P 100 Distribution ETF,NYSE Arca,etf,1000000
SITX,Tradr 2X Long SITM Daily ETF,Cboe BZX,etf,1000000
SIXA,ETC 6 Meridian Mega Cap Equity ETF,NYSE Arca,etf,1000000
SIXD,AllianzIM U.S. Large Cap 6 Month Buffer10 Jun/Dec ETF,Cboe BZX,etf,1000000
SIXF,AllianzIM U.S. Large Cap 6 Month Buffer10 Feb/Aug ETF,Cboe BZX,etf,1000000
SIXH,ETC 6 Meridian Hedged Equity Index Option ETF,NYSE Arca,etf,1000000
SIXJ,AllianzIM U.S. Large Cap 6 Month Buffer10 Jan/Jul ETF,Cboe BZX,etf,1000000
SIXL,ETC 6 Meridian Low Beta Equity ETF,NYSE Arca,etf,1000000
SIXO,AllianzIM U.S. Large Cap 6 Month Buffer10 Apr/Oct ETF,Cboe BZX,etf,1000000
SIXP,AllianzIM U.S. Large Cap 6 Month Buffer10 Mar/Sep ETF,Cboe BZX,etf,1000000
SIXS,ETC 6 Meridian Small Cap Equity ETF,NYSE Arca,etf,1000000
SIXZ,AllianzIM U.S. Large Cap 6 Month Buffer10 May/Nov ETF,Cboe BZX,etf,1000000
SIZE,iShares MSCI USA Size Factor ETF,NYSE Arca,etf,1000000
SJB,ProShares Short High Yield,NYSE Arca,etf,1000000
SJCP,SanJac Alpha Core Plus Bond ETF,NASDAQ,etf,1000000
SJLD,SanJac Alpha Low Duration ETF,NASDAQ,etf,1000000
SJNK,State Street SPDR Bloomberg Short Term High Yield Bond ETF,NYSE Arca,etf,1000000
SK,Corgi SK hynix 2x Daily ETF,Cboe BZX,etf,1000000
SKDD,GraniteShares 2x Short SK Hynix Daily ETF,NASDAQ,etf,1000000
SKF,ProShares UltraShort Financials,NYSE Arca,etf,1000000
SKHA,Tradr 2X Long SK hynix Daily ETF,Cboe BZX,etf,1000000
SKHL,Direxion Daily SK Hynix Bull 2X ETF,NYSE Arca,etf,1000000
SKHN,Tradr 2X Short SK hynix Daily ETF,Cboe BZX,etf,1000000
SKHQ,Leverage Shares 2X Short Sk Hynix Daily ETF,Cboe BZX,etf,1000000
SKHU,ProShares Ultra SK hynix,NYSE Arca,etf,1000000
SKHX,Leverage Shares 2X Long SK Hynix Daily ETF,Cboe BZX,etf,1000000
SKHZ,Leverage Shares 1X Short SK Hynix Daily ETF,Cboe BZX,etf,1000000
SKOR,Northern Trust Credit-Scored US Corporate Bond ETF,NASDAQ,etf,1000000
SKRE,Tuttle Capital Daily 2X Inverse Regional Banks ETF,NASDAQ,etf,1000000
SKUU,GraniteShares 2x Long SK Hynix Daily ETF,NASDAQ,etf,1000000
SKYU,ProShares Ultra Cloud Computing,NASDAQ,etf,1000000
SKYY,First Trust Cloud Computing ETF,NASDAQ,etf,1000000
SLDR,Global X Short-Term Treasury Ladder ETF,NYSE Arca,etf,1000000
SLJY,Amplify SILJ Junior Silver Miners Covered Call ETF,NYSE Arca,etf,1000000
SLNZ,TCW Senior Loan ETF,NYSE,etf,1000000
SLON,ProShares Ultra Solana ETF,NYSE Arca,etf,1000000
SLQD,iShares 0-5 Year Investment Grade Corporate Bond ETF,NASDAQ,etf,1000000
SLTY,YieldMax Ultra Short Option Income Strategy ETF,NYSE Arca,etf,1000000
SLVP,iShares MSCI Global Silver and Metals Miners ETF,Cboe BZX,etf,1000000
SLVR,Sprott Silver Miners & Physical Silver ETF,NASDAQ,etf,1000000
SLVX,Nicholas Silver Income ETF,NYSE Arca,etf,1000000
SLVY,FT Vest Silver Strategy & Target Income ETF,Cboe BZX,etf,1000000
SLWS,Wisdom Short Duration Income ETF,NYSE Arca,etf,1000000
SLX,VanEck Steel ETF,NYSE Arca,etf,1000000
SLYG,State Street SPDR S&P 600 Small Cap Growth ETF,NYSE Arca,etf,1000000
SLYV,State Street SPDR S&P 600 Small Cap Value ETF,NYSE Arca,etf,1000000
SMAX,iShares Large Cap Max Buffer Sep ETF,Cboe BZX,etf,1000000
SMAY,FT Vest U.S. Small Cap Moderate Buffer ETF - May,Cboe BZX,etf,1000000
SMB,VanEck Short Muni ETF,Cboe BZX,etf,1000000
SMBS,Schwab Mortgage-Backed Securities ETF,NYSE Arca,etf,1000000
SMCC,Corgi SMCI 2x Daily ETF,Cboe BZX,etf,1000000
SMCL,GraniteShares 2x Long SMCI Daily ETF,NASDAQ,etf,1000000
SMCO,Hilton Small-MidCap Opportunity ETF,NASDAQ,etf,1000000
SMCP,SMART Mid Cap ETF,NYSE Arca,etf,1000000
SMCX,Defiance Daily Target 2X Long SMCI ETF,NASDAQ,etf,1000000
SMCY,YieldMax SMCI Option Income Strategy ETF,NYSE Arca,etf,1000000
SMCZ,Defiance Daily Target 2X Short SMCI ETF,NASDAQ,etf,1000000
SMDD,UltraPro Short MidCap400,NYSE Arca,etf,1000000
SMDV,ProShares Russell 2000 Dividend Growers ETF,Cboe BZX,etf,1000000
SMDX,Intech S&P Small-Mid Cap Diversified Alpha ETF,NYSE Arca,etf,1000000
SMH,VanEck Semiconductor ETF,NASDAQ,etf,1000000
SMHC,VanEck China Semiconductor ETF,NASDAQ,etf,1000000
SMHX,VanEck Fabless Semiconductor ETF,NASDAQ,etf,1000000
SMIG,Bahl & Gaynor Small/Mid Cap Income Growth ETF,NYSE Arca,etf,1000000
SMIN,Ishares MSCI India Small Cap ETF,Cboe BZX,etf,1000000
SMIZ,Zacks Small/Mid Cap ETF,NYSE Arca,etf,1000000
SMLF,iShares U.S. Small-Cap Equity Factor ETF,NYSE Arca,etf,1000000
SMLL,Harbor Active Small Cap ETF,NYSE Arca,etf,1000000
SMLV,State Street SPDR US Small Cap Low Volatility Index ETF,NYSE Arca,etf,1000000
SMMD,iShares Russell 2500 ETF,Cboe BZX,etf,1000000
SMMU,Short Term Municipal Bond Active Exchange-Traded Fund,NYSE Arca,etf,1000000
SMMV,iShares MSCI USA Small-Cap Min Vol Factor ETF,Cboe BZX,etf,1000000
SMN,ProShares UltraShort Materials,NYSE Arca,etf,1000000
SMOG,VanEck Low Carbon Energy ETF,NYSE Arca,etf,1000000
SMOM,Symmetry Panoramic Sector Momentum ETF,NASDAQ,etf,1000000
SMOT,VanEck Morningstar SMID Moat ETF,Cboe BZX,etf,1000000
SMOX,Horizon Small/Mid Cap Core Equity ETF,NYSE Arca,etf,1000000
SMRF,"ALPS Nautilus SMR, Nuclear & Technology ETF",NYSE Arca,etf,1000000
SMRI,Bushido Capital US Equity ETF,NASDAQ,etf,1000000
SMRX,Corgi SMR 2x Daily ETF,Cboe BZX,etf,1000000
SMST,Defiance Daily Target 2x Short MSTR ETF,NASDAQ,etf,1000000
SMTG,Leverage Shares 2X Long SMTC Daily ETF,Cboe BZX,etf,1000000
SMTH,ALPS Smith Core Plus Bond ETF,NYSE Arca,etf,1000000
SMU,Tradr 2X Long SMR Daily ETF,Cboe BZX,etf,1000000
SMUP,T-REX 2X Long SMR Daily Target ETF,Cboe BZX,etf,1000000
SMYY,GraniteShares YieldBOOST SMCI ETF,NASDAQ,etf,1000000
SMZ,Tradr 2X Short SMR Daily ETF,Cboe BZX,etf,1000000
SNAG,Leverage Shares 2x Long SNAP Daily ETF,NASDAQ,etf,1000000
SNAV,Mohr Sector Nav ETF,Cboe BZX,etf,1000000
SNDC,Corgi SNDK 2x Daily ETF,Cboe BZX,etf,1000000
SNDG,Leverage Shares 2X Long SNDK Daily ETF,Cboe BZX,etf,1000000
SNDQ,Tradr 2X Short SNDK Daily ETF,Cboe BZX,etf,1000000
SNDU,T-REX 2X Long SNDK Daily Target ETF,Cboe BZX,etf,1000000
SNK,GraniteShares 2x Short SpaceX Daily ETF,Cboe BZX,etf,1000000
SNOU,T-REX 2X Long SNOW Daily Target ETF,Cboe BZX,etf,1000000
SNOV,FT Vest U.S. Small Cap Moderate Buffer ETF - November,Cboe BZX,etf,1000000
SNOY,YieldMax SNOW Option Income Strategy ETF,NYSE Arca,etf,1000000
SNPD,Xtrackers S&P Dividend Aristocrats Screened ETF,Cboe BZX,etf,1000000
SNPE,Xtrackers S&P 500 Scored & Screened ETF,NYSE Arca,etf,1000000
SNPG,Xtrackers S&P 500 Growth Scored & Screened ETF,Cboe BZX,etf,1000000
SNSR,Global X Internet of Things ETF,NASDAQ,etf,1000000
SNTH,MRP SynthEquity ETF,NYSE Arca,etf,1000000
SNTQ,MRP SynthEquity Nasdaq 100 ETF,Cboe BZX,etf,1000000
SNXX,Tradr 2X Long SNDK Daily ETF,Cboe BZX,etf,1000000
SOCL,Global X Social Media ETF,NASDAQ,etf,1000000
SOFA,Direxion Daily SOFI Bull 2X ETF,NASDAQ,etf,1000000
SOFC,Corgi SOFI 2x Daily ETF,Cboe BZX,etf,1000000
SOFR,Amplify Samsung SOFR ETF,NYSE Arca,etf,1000000
SOFX,Defiance Daily Target 2X Long SOFI ETF,NASDAQ,etf,1000000
SOLM,Amplify Solana 3% Monthly Option Income ETF,Cboe BZX,etf,1000000
SOLT,2x Solana ETF,NASDAQ,etf,1000000
SOLZ,Solana ETF,NASDAQ,etf,1000000
SOUX,Defiance Daily Target 2X Long SOUN ETF,NASDAQ,etf,1000000
SOVF,Sovereign's Capital Flourish Fund,NYSE Arca,etf,1000000
SOXL,Direxion Daily Semiconductor Bull 3X ETF,NYSE Arca,etf,1000000
SOXQ,Invesco PHLX Semiconductor ETF,NASDAQ,etf,1000000
SOXS,Direxion Daily Semiconductor Bear 3X ETF,NYSE Arca,etf,1000000
SOXX,iShares PHLX SOX Semiconductor Sector Index Fund,NASDAQ,etf,1000000
SOXY,YieldMax Target 12 Semiconductor Option Income ETF,NYSE Arca,etf,1000000
SPAB,State Street SPDR Portfolio Aggregate Bond ETF,NYSE Arca,etf,1000000
SPAL,GraniteShares 2x Long SpaceX Daily ETF,Cboe BZX,etf,1000000
SPAM,Themes Cybersecurity ETF,NASDAQ,etf,1000000
SPAQ,Horizon Kinetics SPAC Active ETF,NASDAQ,etf,1000000
SPAX,T-REX 2X Long SPCX Daily Target ETF,NYSE Arca,etf,1000000
SPBC,Simplify US Equity PLUS Bitcoin Strategy ETF,NASDAQ,etf,1000000
SPBO,State Street SPDR Portfolio Corporate Bond ETF,NYSE Arca,etf,1000000
SPBU,AllianzIM Buffer15 Uncapped Allocation ETF,Cboe BZX,etf,1000000
SPBW,AllianzIM Buffer20 Allocation ETF,Cboe BZX,etf,1000000
SPBX,AllianzIM 6 Month Buffer10 Allocation ETF,Cboe BZX,etf,1000000
SPCF,ProShares Ultra SpaceX,NYSE Arca,etf,1000000
SPCG,Tradr 2X Short SpaceX Daily ETF,Cboe BZX,etf,1000000
SPCH,Leverage Shares 2X Long SPCX Daily ETF,Cboe BZX,etf,1000000
SPCI,Tuttle Capital Space Industry Income Blast ETF,Cboe BZX,etf,1000000
SPCK,SPAC and New Issue ETF,NASDAQ,etf,1000000
SPCL,Defiance Pure Space Daily 2X Strategy ETF,Cboe BZX,etf,1000000
SPCM,Tradr 2X Long SpaceX Daily ETF,Cboe BZX,etf,1000000
SPCQ,Defiance Daily Target 2X Short SPCX ETF,Cboe BZX,etf,1000000
SPCT,Liberty One Spectrum ETF,NASDAQ,etf,1000000
SPCU,Defiance Daily Target 2X Long SPCX ETF,Cboe BZX,etf,1000000
SPD,Simplify US Equity PLUS Downside Convexity ETF,NYSE Arca,etf,1000000
SPDF,Defender Risk Adaptive 500 ETF,Cboe BZX,etf,1000000
SPDG,State Street SPDR Portfolio S&P Sector Neutral Dividend ETF,NYSE Arca,etf,1000000
SPDN,Direxion Daily S&P 500 Bear 1X ETF,NYSE Arca,etf,1000000
SPDV,AAM S&P 500 High Dividend Value ETF,NYSE Arca,etf,1000000
SPDW,State Street SPDR Portfolio Developed World ex-US ETF,NYSE Arca,etf,1000000
SPEM,State Street SPDR Portfolio Emerging Markets ETF,NYSE Arca,etf,1000000
SPEU,State Street SPDR Portfolio Europe ETF,NYSE Arca,etf,1000000
SPGM,State Street SPDR Portfolio MSCI Global Stock Market ETF,NYSE Arca,etf,1000000
SPGP,Invesco S&P 500 GARP ETF,NYSE Arca,etf,1000000
SPHB,Invesco S&P 500 High Beta ETF,NYSE Arca,etf,1000000
SPHD,Invesco S&P 500 High Dividend Low Volatility ETF,NYSE Arca,etf,1000000
SPHQ,Invesco S&P 500 Quality ETF,NYSE Arca,etf,1000000
SPHY,State Street SPDR Portfolio High Yield Bond ETF,NYSE Arca,etf,1000000
SPIB,State Street SPDR Portfolio Intermediate Term Corporate Bond ETF,NYSE Arca,etf,1000000
SPIN,State Street US Equity Premium Income ETF,Cboe BZX,etf,1000000
SPIP,State Street SPDR Portfolio TIPS ETF,NYSE Arca,etf,1000000
SPIT,F/m Emerald Special Situations ETF,NASDAQ,etf,1000000
SPLB,State Street SPDR Portfolio Long Term Corporate Bond ETF,NYSE Arca,etf,1000000
SPLS,PIMCO US Stocks PLUS Active Bond Exchange-Traded Fund,Cboe BZX,etf,1000000
SPLV,Invesco S&P 500 Low Volatility ETF,NYSE Arca,etf,1000000
SPMB,State Street SPDR Portfolio Mortgage Backed Bond ETF,NYSE Arca,etf,1000000
SPMD,State Street SPDR Portfolio S&P 400 Mid Cap ETF,NYSE Arca,etf,1000000
SPMO,Invesco S&P 500 Momentum ETF,NYSE Arca,etf,1000000
SPOG,Leverage Shares 2X Long SPOT Daily ETF,NASDAQ,etf,1000000
SPRE,SP Funds S&P Global REIT Sharia ETF,NYSE Arca,etf,1000000
SPRX,Spear Alpha ETF,NASDAQ,etf,1000000
SPSB,State Street SPDR Portfolio Short Term Corporate Bond ETF,NYSE Arca,etf,1000000
SPSK,SP Funds Dow Jones Global Sukuk ETF,NYSE Arca,etf,1000000
SPSM,State Street SPDR Portfolio S&P 600 Small Cap ETF,NYSE Arca,etf,1000000
SPTB,State Street SPDR Portfolio Treasury ETF,NYSE Arca,etf,1000000
SPTE,SP Funds S&P Global Technology ETF,NYSE Arca,etf,1000000
SPTI,State Street SPDR Portfolio Intermediate Term Treasury ETF,NYSE Arca,etf,1000000
SPTL,State Street SPDR Portfolio Long Term Treasury ETF,NYSE Arca,etf,1000000
SPTM,State Street SPDR Portfolio S&P 1500 Composite Stock Market ETF,NYSE Arca,etf,1000000
SPTS,State Street SPDR Portfolio Short Term Treasury ETF,NYSE Arca,etf,1000000
SPTU,State Street SPDR Portfolio Ultra Short T-Bill ETF,NYSE Arca,etf,1000000
SPUC,Simplify US Equity Income ETF,NYSE Arca,etf,1000000
SPUS,SP Funds S&P 500 Sharia Industry Exclusions ETF,NYSE Arca,etf,1000000
SPUT,Innovator Equity Premium Income - Daily PutWrite ETF,NYSE Arca,etf,1000000
SPUU,Direxion Daily S&P 500 Bull 2X ETF,NYSE Arca,etf,1000000
SPVM,Invesco S&P 500 Value with Momentum ETF,NYSE Arca,etf,1000000
SPWO,SP Funds S&P World (ex-US) ETF,NYSE Arca,etf,1000000
SPXD,Xtrackers S&P 500 Diversified Sector Weight ETF,NASDAQ,etf,1000000
SPXE,ProShares S&P 500 Ex-Energy ETF,NYSE Arca,etf,1000000
SPXL,Direxion Daily S&P 500 Bull 3X ETF,NYSE Arca,etf,1000000
SPXN,ProShares S&P 500 Ex-Financials ETF,NYSE Arca,etf,1000000
SPXS,Direxion Daily S&P 500 Bear 3X ETF,NYSE Arca,etf,1000000
SPXT,ProShares S&P 500 Ex-Technology ETF,NYSE Arca,etf,1000000
SPXU,ProShares UltraPro Short S&P500,NYSE Arca,etf,1000000
SPXV,ProShares S&P 500 Ex-Health Care ETF,NYSE Arca,etf,1000000
SPYA,Twin Oak Endure ETF,Cboe BZX,etf,1000000
SPYC,Simplify US Equity PLUS Convexity ETF,NYSE Arca,etf,1000000
SPYD,State Street SPDR Portfolio S&P 500 High Dividend ETF,NYSE Arca,etf,1000000
SPYG,State Street SPDR Portfolio S&P 500 Growth ETF,NYSE Arca,etf,1000000
SPYH,NEOS S&P 500 Hedged Equity Income ETF,Cboe BZX,etf,1000000
SPYI,NEOS S&P 500 High Income ETF,Cboe BZX,etf,1000000
SPYM,State Street SPDR Portfolio S&P 500 ETF,NYSE Arca,etf,1000000
SPYQ,Tradr 2X Long SPY Quarterly ETF,NASDAQ,etf,1000000
SPYT,Defiance S&P 500 Target Income ETF,NYSE Arca,etf,1000000
SPYV,State Street SPDR Portfolio S&P 500 Value ETF,NYSE Arca,etf,1000000
SPYX,State Street SPDR S&P 500 Fossil Fuel Reserves Free ETF,NYSE Arca,etf,1000000
SQBA,FT Vest U.S. Equity Quarterly 15 Buffer ETF,Cboe BZX,etf,1000000
SQLT,iShares MSCI USA Small-Cap Quality Factor ETF,Cboe BZX,etf,1000000
SQLV,Royce Quant Small-Cap Quality Value ETF,NASDAQ,etf,1000000
SQMX,FT Vest U.S. Equity Quarterly Max Buffer ETF,Cboe BZX,etf,1000000
SQQQ,ProShares UltraPro Short QQQ,NASDAQ,etf,1000000
SQS,Sapient Quality Select ETF,NASDAQ,etf,1000000
SRET,Global X SuperDividend REIT ETF,NASDAQ,etf,1000000
SRHQ,SRH U.S. Quality GARP ETF,NYSE Arca,etf,1000000
SRHR,SRH REIT Covered Call ETF,NYSE Arca,etf,1000000
SRLN,State Street Blackstone Senior Loan ETF,NYSE Arca,etf,1000000
SROI,Calamos Antetokounmpo Global Sustainable Equities ETF,NYSE Arca,etf,1000000
SRS,ProShares UltraShort Real Estate,NYSE Arca,etf,1000000
SRTY,ProShares UltraPro Short Russell2000,NYSE Arca,etf,1000000
SRVR,Pacer Data & Infrastructure Real Estate ETF,NYSE Arca,etf,1000000
SSBI,Summit State Bank,NASDAQ,stock,1000000
SSCP,SMART Small Cap ETF,NYSE Arca,etf,1000000
SSFI,Day Hagan Smart Sector Fixed Income ETF,NYSE Arca,etf,1000000
SSG,ProShares UltraShort Semiconductors,NYSE Arca,etf,1000000
SSK,REX-Osprey SOL + Staking ETF,Cboe BZX,etf,1000000
SSMG,Virtus Silvant Small/Mid Growth ETF,NYSE Arca,etf,1000000
SSO,ProShares Ultra S&P500,NYSE Arca,etf,1000000
SSPC,Leverage Shares 2X Short SPCX Daily ETF,Cboe BZX,etf,1000000
SSPY,Stratified LargeCap Index ETF,NYSE Arca,etf,1000000
SSS,CYBER HORNET S&P 500 and Solana 75/25 Strategy ETF,NASDAQ,etf,1000000
SSUS,Day Hagan Smart Sector ETF,NYSE Arca,etf,1000000
SSXU,Day Hagan Smart Sector International ETF,NYSE Arca,etf,1000000
STAX,Nomura Tax-Free USA Short Term ETF,NYSE Arca,etf,1000000
STBF,Performance Trust Short Term Bond ETF,Cboe BZX,etf,1000000
STBQ,Amplify Stablecoin Technology Leaders ETF,NYSE Arca,etf,1000000
STCE,Schwab Crypto Thematic Natural Language Processing ETF,NYSE Arca,etf,1000000
STEN,iShares Large Cap 10% Target Buffer Sep ETF,Cboe BZX,etf,1000000
STHH,STMicroelectronics NV ADRhedged,NYSE Arca,etf,1000000
STIP,iShares 0-5 Year TIPS Bond ETF,NYSE Arca,etf,1000000
STLL,Leverage Shares 2X Long STRL Daily ETF,Cboe BZX,etf,1000000
STLR,Stellar ETF,Cboe BZX,etf,1000000
STLU,2x Stellar ETF,Cboe BZX,etf,1000000
STMX,Leverage Shares 2X Long STM Daily ETF,Cboe BZX,etf,1000000
STNC,Hennessy Sustainable ETF,NASDAQ,etf,1000000
STOT,State Street DoubleLine Short Duration Total Return Tactical ETF,Cboe BZX,etf,1000000
STOX,Horizon Core Equity ETF,Cboe BZX,etf,1000000
STPZ,PIMCO 1-5 Year U.S. TIPS Index Exchange-Traded Fund,NYSE Arca,etf,1000000
STRN,SMART Trend 25 ETF,NYSE Arca,etf,1000000
STSM,Defiance Daily Target 2X Short TSM ETF,NYSE Arca,etf,1000000
STXD,Strive 1000 Dividend Growth ETF,NYSE,etf,1000000
STXE,Strive Emerging Markets Ex-China ETF,NYSE,etf,1000000
STXF,Strive 500 ETF,NYSE,etf,1000000
STXG,Strive 1000 Growth ETF,NYSE,etf,1000000
STXK,Strive Small-Cap ETF,NYSE,etf,1000000
STXL,Defiance Daily Target 2x Long STX ETF,Cboe BZX,etf,1000000
STXT,Strive Total Return Bond ETF,NYSE,etf,1000000
STXU,Leverage Shares 2X Long STX Daily ETF,Cboe BZX,etf,1000000
STXV,Strive 1000 Value ETF,NYSE,etf,1000000
STXX,Tradr 2X Long STX Daily ETF,Cboe BZX,etf,1000000
STYL,Corgi Lifestyle Brands ETF,Cboe BZX,etf,1000000
SUB,iShares Short-Term National Muni Bond ETF,NYSE Arca,etf,1000000
SUIL,2x Sui ETF,Cboe BZX,etf,1000000
SUPL,ProShares Supply Chain Logistics ETF,NYSE Arca,etf,1000000
SUPP,TCW Transform Supply Chain ETF,NASDAQ,etf,1000000
SURE,AdvisorShares Insider Advantage ETF,NYSE Arca,etf,1000000
SURI,Simplify Propel Opportunities ETF,NYSE Arca,etf,1000000
SUSA,iShares ESG Optimized MSCI USA ETF,NYSE Arca,etf,1000000
SUSB,iShares ESG Aware 1-5 Year USD Corporate Bond ETF,NASDAQ,etf,1000000
SUSC,iShares ESG Aware USD Corporate Bond ETF,NASDAQ,etf,1000000
SUSL,iShares ESG MSCI USA Leaders ETF,NASDAQ,etf,1000000
SVAL,iShares US Small Cap Value Factor ETF,Cboe BZX,etf,1000000
SVOL,Simplify Volatility Premium ETF,NYSE Arca,etf,1000000
SWAN,Amplify BlackSwan Growth & Treasury Core ETF,NYSE Arca,etf,1000000
SWP,SWP Growth & Income ETF,NASDAQ,etf,1000000
SXQG,ETC 6 Meridian Quality Growth ETF,NYSE Arca,etf,1000000
SYFI,AB Short Duration High Yield ETF,NYSE Arca,etf,1000000
SYLD,Cambria Shareholder Yield ETF,Cboe BZX,etf,1000000
SYSB,iShares Systematic Bond ETF,Cboe BZX,etf,1000000
SYZ,Lazard US Systematic Small Cap Equity ETF,NASDAQ,etf,1000000
SZK,ProShares UltraShort Consumer Staples,NYSE Arca,etf,1000000
TABD,Transamerica Bond Active ETF,NYSE Arca,etf,1000000
TACK,Fairlead Tactical Sector ETF,NYSE Arca,etf,1000000
TACN,T. Rowe Price Active Core International Equity ETF,NYSE Arca,etf,1000000
TACU,T. Rowe Price Active Core U.S. Equity ETF,NYSE Arca,etf,1000000
TAFI,AB Tax-Aware Short Duration Municipal ETF,NYSE Arca,etf,1000000
TAFL,AB Tax-Aware Long Municipal ETF,NYSE Arca,etf,1000000
TAFM,AB Tax-Aware Intermediate Municipal ETF,NYSE Arca,etf,1000000
TAGG,T. Rowe Price QM U.S. Bond ETF,NYSE Arca,etf,1000000
TAIL,Cambria Tail Risk ETF,Cboe BZX,etf,1000000
TAJX,Corgi India 2x Daily ETF,Cboe BZX,etf,1000000
TALV,Transamerica Large Value Active ETF,NYSE Arca,etf,1000000
TAN,Invesco Solar ETF,NYSE Arca,etf,1000000
TAOZ,Thornburg American Opportunities Fund,NASDAQ,etf,1000000
TARK,Tradr 2X Long Innovation ETF,NASDAQ,etf,1000000
TAX,Cambria Tax Aware ETF,NASDAQ,etf,1000000
TAXE,Intermediate Municipal Income ETF,NASDAQ,etf,1000000
TAXF,American Century Diversified Municipal Bond ETF,NYSE Arca,etf,1000000
TAXI,Northern Trust Intermediate Tax-Exempt Bond ETF,NASDAQ,etf,1000000
TAXM,BondBloxx IR+M Tax-Aware ETF for Massachusetts Residents,NYSE Arca,etf,1000000
TAXS,Northern Trust Short-Term Tax-Exempt Bond ETF,NASDAQ,etf,1000000
TAXT,Northern Trust Tax-Exempt Bond ETF,NASDAQ,etf,1000000
TAXX,BondBloxx IR+M Tax-Aware Short Duration ETF,NYSE Arca,etf,1000000
TBF,ProShares Short 20+ Year Treasury,NYSE Arca,etf,1000000
TBFC,The Brinsmere Fund  Conservative ETF,NYSE Arca,etf,1000000
TBFG,The Brinsmere Fund Growth ETF,NYSE Arca,etf,1000000
TBG,TBG Dividend Focus ETF,NYSE Arca,etf,1000000
TBIL,F/m US Treasury 3 Month Bill Fund,NASDAQ,etf,1000000
TBJL,Innovator 20  Year Treasury Bond 9 Buffer ETF - July,Cboe BZX,etf,1000000
TBLL,Invesco Short Term Treasury ETF,NYSE Arca,etf,1000000
TBLU,Tortoise Global Water ETF,NYSE,etf,1000000
TBT,ProShares UltraShort Lehman 20  Year Treasury,NYSE Arca,etf,1000000
TBUX,T. Rowe Price Ultra Short-Term Bond ETF,NYSE Arca,etf,1000000
TBX,ProShares Short 7 10 Year Treasury,NYSE Arca,etf,1000000
TBXU,Direxion Daily Biotech Top 5 Bull 2X ETF,NYSE Arca,etf,1000000
TCAF,T. Rowe Price Capital Appreciation Equity ETF,NYSE Arca,etf,1000000
TCAI,Tortoise AI Infrastructure ETF,NYSE,etf,1000000
TCAL,T. Rowe Price Capital Appreciation Premium Income ETF,NYSE Arca,etf,1000000
TCAN,21Shares Canton Network ETF,NASDAQ,etf,1000000
TCHI,iShares MSCI China Multisector Tech ETF,NASDAQ,etf,1000000
TCHP,T. Rowe Price Blue Chip Growth ETF,NYSE Arca,etf,1000000
TCPB,Thrivent Core Plus Bond ETF,NYSE Arca,etf,1000000
TCV,Towle Small-Cap Value ETF,NYSE Arca,etf,1000000
TDAQ,TappAlpha Innovation 100 Growth & Daily Income ETF,Cboe BZX,etf,1000000
TDAX,TDAQ Lift ETF,Cboe BZX,etf,1000000
TDCL,GraniteShares 2x Long TDC Daily ETF,NASDAQ,etf,1000000
TDEC,FT Vest Emerging Markets Buffer ETF - December,Cboe BZX,etf,1000000
TDEM,T. Rowe Price Dynamic Emerging Markets Bond ETF,NASDAQ,etf,1000000
TDI,Touchstone Dynamic International ETF,NASDAQ,etf,1000000
TDIV,First Trust NASDAQ Technology Dividend Index Fund,NASDAQ,etf,1000000
TDNA,T. Rowe Price Biotech ETF,NASDAQ,etf,1000000
TDOT,21shares Polkadot Staking ETF,NASDAQ,etf,1000000
TDSB,ETC Cabana Target Beta ETF,NASDAQ,etf,1000000
TDSC,ETC Cabana Target Drawdown 10 ETF,NASDAQ,etf,1000000
TDTF,Northern Trust iBoxx 5-Year Target Duration TIPS ETF,NYSE Arca,etf,1000000
TDTT,Northern Trust iBoxx 3-Year Target Duration TIPS ETF,NYSE Arca,etf,1000000
TDV,ProShares S&P Technology Dividend Aristocrats ETF,Cboe BZX,etf,1000000
TDVG,T. Rowe Price Dividend Growth ETF,NYSE Arca,etf,1000000
TDVI,FT Vest Technology Dividend Target Income ETF,Cboe BZX,etf,1000000
TEC,Harbor Transformative Technologies ETF,NYSE Arca,etf,1000000
TECB,iShares U.S. Tech Breakthrough Multisector ETF,NYSE Arca,etf,1000000
TECL,Direxion Daily Technology Bull 3X ETF,NYSE Arca,etf,1000000
TECS,Direxion Technology Bear 3X ETF,NYSE Arca,etf,1000000
TECY,GraniteShares YieldBOOST Technology ETF,NASDAQ,etf,1000000
TEK,iShares Technology Opportunities Active ETF,NYSE Arca,etf,1000000
TEKX,State Street Galaxy Transformative Tech Accelerators ETF,NASDAQ,etf,1000000
TEKY,Lazard Next Gen Technologies ETF,NASDAQ,etf,1000000
TELG,Leverage Shares 2X Long TEL Daily ETF,Cboe BZX,etf,1000000
TEMC,Corgi TEM 2x Daily ETF,Cboe BZX,etf,1000000
TEMD,Templeton Emerging Markets Debt ETF,NYSE Arca,etf,1000000
TEMR,T. Rowe Price Emerging Markets Equity Research ETF,NYSE Arca,etf,1000000
TEMT,Tradr 2X Long TEM Daily ETF,Cboe BZX,etf,1000000
TEMX,Touchstone Sands Capital Emerging Markets ex-China Growth ETF,Cboe BZX,etf,1000000
TEND,iShares Large Cap 10% Target Buffer Dec ETF,Cboe BZX,etf,1000000
TENJ,iShares Large Cap 10% Target Buffer Jun ETF,Cboe BZX,etf,1000000
TENM,iShares Large Cap 10% Target Buffer Mar ETF,Cboe BZX,etf,1000000
TEQI,T. Rowe Price Equity Income ETF,NYSE Arca,etf,1000000
TERC,Corgi TER 2x Daily ETF,Cboe BZX,etf,1000000
TERG,Leverage Shares 2X Long TER Daily ETF,NASDAQ,etf,1000000
TESC,Corgi TSLA 2x Daily ETF,Cboe BZX,etf,1000000
TESL,Simplify Volt TSLA Revolution ETF,NYSE Arca,etf,1000000
TEST,YieldMax TSLA Performance & Distribution Target 25 ETF,Cboe BZX,etf,1000000
TEUP,T-REX 2X Long TE Daily Target ETF,Cboe BZX,etf,1000000
TEXN,iShares Texas Equity ETF,NASDAQ,etf,1000000
TEXU,Direxion Daily Energy Top 5 Bull 2X ETF,NYSE Arca,etf,1000000
TEXX,Horizon Kinetics Texas ETF,NASDAQ,etf,1000000
TFFI,Chesapeake Trend-Following Fixed Income ETF,NYSE Arca,etf,1000000
TFGZ,Thornburg Focus Growth Fund,NASDAQ,etf,1000000
TFI,State Street SPDR Nuveen ICE Municipal Bond ETF,NYSE Arca,etf,1000000
TFJL,Innovator 20  Year Treasury Bond 5 Floor ETF - July,Cboe BZX,etf,1000000
TFLO,iShares Treasury Floating Rate Bond ETF,NYSE Arca,etf,1000000
TFLR,T. Rowe Price Floating Rate ETF,NYSE Arca,etf,1000000
TFNS,T. Rowe Price Financials ETF,NASDAQ,etf,1000000
TFPN,Blueprint Chesapeake Multi-Asset Trend ETF,NYSE Arca,etf,1000000
TGLB,T. Rowe Price Global Equity ETF,NYSE Arca,etf,1000000
TGLR,Wedbush LAFFER TENGLER New Era Value ETF,NYSE Arca,etf,1000000
TGRT,T. Rowe Price Growth ETF,NYSE Arca,etf,1000000
TGRW,T. Rowe Price Growth Stock ETF,NYSE Arca,etf,1000000
TGRZ,China AI Tigers LLM ETF,NASDAQ,etf,1000000
THD,iShares MSCI Thailand ETF,NYSE Arca,etf,1000000
THEQ,T. Rowe Price Hedged Equity ETF,NYSE Arca,etf,1000000
THIR,THOR Index Rotation ETF,NYSE,etf,1000000
THLV,THOR Equal Weight Low Volatility ETF,NYSE,etf,1000000
THMR,THOR AdaptiveRisk Dynamic ETF,NYSE,etf,1000000
THMZ,Lazard Equity Megatrends ETF,NASDAQ,etf,1000000
THNQ,ROBO Global Artificial Intelligence ETF,NYSE Arca,etf,1000000
THNR,Amplify Weight Loss Drug & Treatment ETF,NYSE Arca,etf,1000000
THOR,Thornburg Premium Income Builder ETF,NYSE Arca,etf,1000000
THRO,iShares U.S. Thematic Rotation Active ETF,NYSE Arca,etf,1000000
THRV,Prospera Income ETF,NASDAQ,etf,1000000
THTA,SoFi Enhanced Yield ETF,NYSE Arca,etf,1000000
THY,Toews Agility Shares Dynamic Tactical Income ETF,NYSE Arca,etf,1000000
THYF,T. Rowe Price U.S. High Yield ETF,NYSE Arca,etf,1000000
THYM,T. Rowe Price High Income Municipal ETF,NASDAQ,etf,1000000
TIER,T. Rowe Price International Equity Research ETF,NYSE Arca,etf,1000000
TIH,The Investment House ETF,NASDAQ,etf,1000000
TIIV,AAM Todd International Intrinsic Value ETF,NYSE Arca,etf,1000000
TILC,Thrivent International Large Cap ETF,NASDAQ,etf,1000000
TILL,Teucrium Agricultural Strategy No K-1 ETF,NYSE Arca,etf,1000000
TILT,Northern Trust Morningstar US Market Factor Tilt ETF,Cboe BZX,etf,1000000
TIME,Clockwise U.S. Core Equity ETF,NYSE Arca,etf,1000000
TINS,Templeton International Insights ETF,NYSE Arca,etf,1000000
TINT,ProShares Smart Materials ETF,NYSE Arca,etf,1000000
TINY,ProShares Nanotechnology ETF,NYSE Arca,etf,1000000
TIP,iShares TIPS Bond ETF,NYSE Arca,etf,1000000
TIPA,Northern Trust 2030 Inflation-Linked Distributing Ladder ETF,NYSE Arca,etf,1000000
TIPB,Northern Trust 2035 Inflation-Linked Distributing Ladder ETF,NYSE Arca,etf,1000000
TIPC,Northern Trust 2045 Inflation-Linked Distributing Ladder ETF,NYSE Arca,etf,1000000
TIPD,Northern Trust 2055 Inflation-Linked Distributing Ladder ETF,NYSE Arca,etf,1000000
TIPE,Northern Trust 2031 Inflation-Linked Distributing Ladder ETF,NYSE Arca,etf,1000000
TIPF,Northern Trust 2036 Inflation-Linked Distributing Ladder ETF,NYSE Arca,etf,1000000
TIPG,Northern Trust 2046 Inflation-Linked Distributing Ladder ETF,NYSE Arca,etf,1000000
TIPH,Northern Trust 2056 Inflation-Linked Distributing Ladder ETF,NYSE Arca,etf,1000000
TIPX,State Street SPDR Bloomberg 1a??10 Year TIPS ETF,NYSE Arca,etf,1000000
TIPZ,PIMCO Broad U.S. TIPS Index Exchange-Traded Fund,NYSE Arca,etf,1000000
TISC,Thrivent International Small Cap ETF,NASDAQ,etf,1000000
TIZE,TCW Securitized Income ETF,NYSE Arca,etf,1000000
TJAN,Innovator Equity Defined Protection ETF - 2 Yr to January 2027,Cboe BZX,etf,1000000
TJUL,Innovator Equity Defined Protection ETF - 2 Yr to July 2027,Cboe BZX,etf,1000000
TJUN,FT Vest Emerging Markets Buffer ETF - June,Cboe BZX,etf,1000000
TKNQ,Amplify Tokenization Technology Leaders ETF,NYSE Arca,etf,1000000
TKNS,21Shares Active Crypto ETF,NASDAQ,etf,1000000
TLA,GraniteShares Autocallable TSLA ETF,NASDAQ,etf,1000000
TLCI,Touchstone International Equity ETF,NYSE Arca,etf,1000000
TLDR,The Laddered T-Bill ETF,Cboe BZX,etf,1000000
TLG,Touchstone Large Company Growth ETF,NASDAQ,etf,1000000
TLH,iShares 10-20 Year Treasury Bond ETF,NYSE Arca,etf,1000000
TLIE,American Beacon The London Company Income Equity ETF,NYSE Arca,etf,1000000
TLT,iShares 20+ Year Treasury Bond ETF,NASDAQ,etf,1000000
TLTD,Northern Trust Morningstar Developed Markets ex-US Factor Tilt ETF,NYSE Arca,etf,1000000
TLTE,Northern Trust Morningstar Emerging Markets Factor Tilt ETF,NYSE Arca,etf,1000000
TLTI,NEOS Enhanced Income 20+ Year Treasury Bond ETF,Cboe BZX,etf,1000000
TLTP,Amplify TLT U.S. Treasury 12% Option Income ETF,Cboe BZX,etf,1000000
TLTW,iShares 20+ Year Treasury Bond BuyWrite Strategy ETF,Cboe BZX,etf,1000000
TLTX,Global X Treasury Bond Enhanced Income ETF,Cboe BZX,etf,1000000
TMAR,FT Vest Emerging Markets Buffer ETF - March,Cboe BZX,etf,1000000
TMAT,Main Thematic Innovation ETF,Cboe BZX,etf,1000000
TMB,Thornburg Multi Sector Bond ETF,NASDAQ,etf,1000000
TMDV,ProShares Russell US Dividend Growers ETF,Cboe BZX,etf,1000000
TMED,T. Rowe Price Health Care ETF,NASDAQ,etf,1000000
TMF,Direxion Daily 20-Yr Treasury Bull 3x Shrs,NYSE Arca,etf,1000000
TMFC,Motley Fool 100 Index ETF,Cboe BZX,etf,1000000
TMFE,Motley Fool Capital Efficiency 100 Index ETF,Cboe BZX,etf,1000000
TMFG,Motley Fool Global Opportunities ETF,Cboe BZX,etf,1000000
TMFM,Motley Fool Mid-Cap Growth ETF,Cboe BZX,etf,1000000
TMFS,Motley Fool Small-Cap Growth ETF,Cboe BZX,etf,1000000
TMFX,Motley Fool Next Index ETF,Cboe BZX,etf,1000000
TMGN,TappAlpha Cboe Magnificent 10 Growth & Daily Income ETF,Cboe BZX,etf,1000000
TMH,Toyota Motor Corporation ADRhedged,NYSE Arca,etf,1000000
TMID,T. Rowe Price Mid Cap Equity Research ETF,NASDAQ,etf,1000000
TMLP,Tortoise MLP ETF,NYSE Arca,etf,1000000
TMNL,T. Rowe Price Long Municipal Income ETF,NASDAQ,etf,1000000
TMNS,T. Rowe Price Short Municipal Income ETF,NASDAQ,etf,1000000
TMSF,T. Rowe Price Multi-Sector Income ETF,NASDAQ,etf,1000000
TMSL,T. Rowe Price Small-Mid Cap ETF,NYSE Arca,etf,1000000
TMV,Direxion Daily 20-Year Treasury Bear 3X,NYSE Arca,etf,1000000
TMVE,Thrivent Mid Cap Value ETF,NYSE Arca,etf,1000000
TMYY,GraniteShares YieldBOOST TSM ETF,NASDAQ,etf,1000000
TNA,Direxion Small Cap Bull 3X ETF,NYSE Arca,etf,1000000
TNGY,Tortoise Energy ETF,NYSE,etf,1000000
TNUK,Tortoise Nuclear Renaissance ETF,NYSE Arca,etf,1000000
TNXT,T. Rowe Price Innovation Leaders ETF,NASDAQ,etf,1000000
TOAK,Manager Directed Portfolios Twin Oak Short Horizon Absolute Return ETF,NYSE Arca,etf,1000000
TOAO,Twin Oak Active Opportunities III ETF,Cboe BZX,etf,1000000
TOCT,Innovator Equity Defined Protection ETF - 2 Yr to October 2027,Cboe BZX,etf,1000000
TOGA,Managed Portfolio Series Tremblant Global ETF,NYSE Arca,etf,1000000
TOK,iShares MSCI Kokusai ETF,NYSE Arca,etf,1000000
TOLL,Tema Monopolies and Oligopolies ETF,Cboe BZX,etf,1000000
TOLZ,ProShares DJ Brookfield Global Infrastructure ETF,NYSE Arca,etf,1000000
TOPC,iShares S&P 500 3% Capped ETF,NYSE Arca,etf,1000000
TOPT,iShares Top 20 U.S. Stocks ETF,NYSE Arca,etf,1000000
TOPW,Roundhill Top WeeklyPay ETF,Cboe BZX,etf,1000000
TORK,KraneShares Actuator ETF,NASDAQ,etf,1000000
TOS,Twin Oak Strategic Solutions ETF,Cboe BZX,etf,1000000
TOT,LionShares U.S. Equity Total Return ETF,NYSE Arca,etf,1000000
TOTL,State Street DoubleLine Total Return Tactical ETF,NYSE Arca,etf,1000000
TOTR,T. Rowe Price Total Return ETF,NYSE Arca,etf,1000000
TOUS,T. Rowe Price International Equity ETF,NYSE Arca,etf,1000000
TOV,JLens 500 Jewish Advocacy U.S. ETF,NYSE Arca,etf,1000000
TOWN,Towne Bank,NASDAQ,stock,1000000
TPAY,Roundhill S&P 500 Target 10 Managed Distribution ETF,Cboe BZX,etf,1000000
TPFC,Timothy Plan Free Cash Flow ETF,NYSE Arca,etf,1000000
TPFG,Timothy Plan Free Cash Flow Growth ETF,NYSE Arca,etf,1000000
TPFI,Timothy Plan Fixed Income ETF,NYSE Arca,etf,1000000
TPHD,Timothy Plan High Dividend Stock ETF,NYSE Arca,etf,1000000
TPIF,Timothy Plan International ETF,NYSE Arca,etf,1000000
TPLC,Timothy Plan US Large/Mid Cap Core ETF,NYSE Arca,etf,1000000
TPLS,Thornburg Core Plus Bond ETF,NASDAQ,etf,1000000
TPLX,Corgi TPL 2x Daily ETF,Cboe BZX,etf,1000000
TPOR,Direxion Daily Transportation Bull 3X ETF,NYSE Arca,etf,1000000
TPRY,VistaShares Target 15 TEPRTantrum Contrarian Distribution ETF,NYSE Arca,etf,1000000
TPSC,Timothy Plan US Small Cap Core ETF,NYSE Arca,etf,1000000
TPUT,T. Rowe Price Capital Appreciation Market Opportunities ETF,NYSE Arca,etf,1000000
TPYP,Tortoise North American Pipeline ETF,NYSE,etf,1000000
TPZ,Tortoise Electrification Infrastructure ETF,NYSE,etf,1000000
TQQQ,ProShares UltraPro QQQ,NASDAQ,etf,1000000
TQQY,GraniteShares YieldBOOST QQQ ETF,NASDAQ,etf,1000000
TRBF,Angel Oak Total Return ETF,NASDAQ,etf,1000000
TRFK,Pacer Data and Digital Revolution ETF,NYSE Arca,etf,1000000
TRFM,AAM Transformers ETF,NYSE Arca,etf,1000000
TRIL,VegaShares Trillions ETF,Cboe BZX,etf,1000000
TRIO,MC Trio Equity Buffered ETF,Cboe BZX,etf,1000000
TRND,Pacer Trendpilot Fund of Funds ETF,NYSE Arca,etf,1000000
TROT,Invesco MSCI Treasury Duration Rotation ETF,NYSE Arca,etf,1000000
TRPA,Hartford AAA CLO ETF,Cboe BZX,etf,1000000
TRSY,Xtrackers US 0-1 Year Treasury ETF,Cboe BZX,etf,1000000
TRTY,Cambria Trinity ETF,Cboe BZX,etf,1000000
TRUC,VanEck Communication Services TruSector ETF,NASDAQ,etf,1000000
TRUD,VanEck Consumer Discretionary TruSector ETF,NASDAQ,etf,1000000
TRUF,VanEck Financials TruSector ETF,NASDAQ,etf,1000000
TRUH,VanEck Healthcare TruSector ETF,NASDAQ,etf,1000000
TRUI,VanEck Industrials TruSector ETF,NASDAQ,etf,1000000
TRUM,VanEck Materials TruSector ETF,NASDAQ,etf,1000000
TRUN,VanEck Energy TruSector ETF,NASDAQ,etf,1000000
TRUO,VanEck Consumer Staples TruSector ETF,NASDAQ,etf,1000000
TRUR,VanEck Real Estate TruSector ETF,NASDAQ,etf,1000000
TRUT,VanEck Technology TruSector ETF,NASDAQ,etf,1000000
TRUU,VanEck Utilities TruSector ETF,NASDAQ,etf,1000000
TSCM,TimesSquare Quality Mid Cap Growth ETF,NASDAQ,etf,1000000
TSCV,Thrivent Small Cap Value ETF,NYSE Arca,etf,1000000
TSCZ,T. Rowe Price Securitized Income ETF,NYSE Arca,etf,1000000
TSDD,GraniteShares 2x Short TSLA Daily ETF,NASDAQ,etf,1000000
TSEC,Touchstone Securitized Income ETF,NYSE Arca,etf,1000000
TSEE,T. Rowe Price Small Cap ETF,NASDAQ,etf,1000000
TSEG,Leverage Shares 2X Long TSEM Daily ETF,Cboe BZX,etf,1000000
TSEL,Touchstone Sands Capital US Select Growth ETF,NASDAQ,etf,1000000
TSEP,FT Vest Emerging Market Buffer ETF - September,Cboe BZX,etf,1000000
TSES,Truth Social American Energy Security ETF,NYSE Arca,etf,1000000
TSEU,Tradr 2X Long TSEM Daily ETF,Cboe BZX,etf,1000000
TSIB,Direxion TSLA Defined Income Boost ETF,Cboe BZX,etf,1000000
TSIC,Truth Social American Icons ETF,NYSE Arca,etf,1000000
TSII,REX TSLA Growth & Income ETF,Cboe BZX,etf,1000000
TSL,GraniteShares 1.25x Long TSLA Daily ETF,NASDAQ,etf,1000000
TSLG,Leverage Shares 2X Long TSLA Daily ETF,NASDAQ,etf,1000000
TSLI,ProShares Ultra TSLA,NYSE Arca,etf,1000000
TSLL,Direxion Daily TSLA Bull 2X ETF,NASDAQ,etf,1000000
TSLP,Kurv Yield Premium Strategy Tesla (TSLA) ETF,Cboe BZX,etf,1000000
TSLQ,Tradr 2X Short TSLA Daily ETF,NASDAQ,etf,1000000
TSLR,GraniteShares 2x Long TSLA Daily ETF,NASDAQ,etf,1000000
TSLS,Direxion Daily TSLA Bear 1X ETF,NASDAQ,etf,1000000
TSLT,T-REX 2X Long Tesla Daily Target ETF,Cboe BZX,etf,1000000
TSLW,Roundhill TSLA WeeklyPay ETF,Cboe BZX,etf,1000000
TSLY,YieldMax TSLA Option Income Strategy ETF,NYSE Arca,etf,1000000
TSLZ,T-Rex 2X Inverse Tesla Daily Target ETF,Cboe BZX,etf,1000000
TSME,Thrivent Small-Mid Cap Equity ETF,NYSE Arca,etf,1000000
TSMG,Leverage Shares 2X Long TSM Daily ETF,NASDAQ,etf,1000000
TSMU,GraniteShares 2x Long TSM Daily ETF,NASDAQ,etf,1000000
TSMX,Direxion Daily TSM Bull 2X ETF,NASDAQ,etf,1000000
TSMY,YieldMax TSM Option Income Strategy ETF,NYSE Arca,etf,1000000
TSMZ,Direxion Daily TSM Bear 1X ETF,NASDAQ,etf,1000000
TSNF,Truth Social American Next Frontiers ETF,NYSE Arca,etf,1000000
TSPA,T. Rowe Price U.S. Equity Research ETF,NYSE Arca,etf,1000000
TSPX,Twin Oak Active Opportunities ETF,Cboe BZX,etf,1000000
TSPY,TappAlpha S&P 500 Growth & Daily Income ETF,NASDAQ,etf,1000000
TSRS,Truth Social American Red State REITs ETF,NYSE Arca,etf,1000000
TSSD,Truth Social American Security & Defense ETF,NYSE Arca,etf,1000000
TSXD,Direxion Daily Semiconductors Top 5 Bear 2X ETF,NYSE Arca,etf,1000000
TSXU,Direxion Daily Semiconductors Top 5 Bull 2X ETF,NYSE Arca,etf,1000000
TSYW,Roundhill Treasury Bond WeeklyPay ETF,Cboe BZX,etf,1000000
TSYX,TSPY Lift ETF,NASDAQ,etf,1000000
TSYY,GraniteShares YieldBOOST TSLA ETF,NASDAQ,etf,1000000
TTDU,T-REX 2X Long TTD Daily Target ETF,Cboe BZX,etf,1000000
TTEQ,T. Rowe Price Technology ETF,NASDAQ,etf,1000000
TTMX,Tradr 2X Long TTMI Daily ETF,Cboe BZX,etf,1000000
TTOP,21Shares FTSE Crypto 10 Index ETF,NYSE Arca,etf,1000000
TTT,ProShares UltraPro Short 20 Year Treasury,NYSE Arca,etf,1000000
TTXD,Direxion Daily Technology Top 5 Bear 2X ETF,NYSE Arca,etf,1000000
TTXU,Direxion Daily Technology Top 5 Bull 2X ETF,NYSE Arca,etf,1000000
TUA,Simplify Short Term Treasury Futures Strategy ETF,NYSE Arca,etf,1000000
TUG,STF Tactical Growth ETF,NASDAQ,etf,1000000
TUR,iShares MSCI Turkey ETF,NASDAQ,etf,1000000
TURF,T. Rowe Price Natural Resources ETF,NASDAQ,etf,1000000
TUSB,Thrivent Ultra Short Bond ETF,NYSE Arca,etf,1000000
TUSI,Touchstone Ultra Short Income ETF,Cboe BZX,etf,1000000
TVAL,T. Rowe Price Value ETF,NYSE Arca,etf,1000000
TWM,ProShares UltraShort Russell2000,NYSE Arca,etf,1000000
TWOX,iShares Large Cap Accelerated Outcome ETF,Cboe BZX,etf,1000000
TWSC,Corgi TSM 2x Daily ETF,Cboe BZX,etf,1000000
TXBC,21Shares FTSE Crypto 10 ex-BTC Index ETF,NYSE Arca,etf,1000000
TXCA,Northern Trust California Intermediate Tax-Exempt Bond ETF,NASDAQ,etf,1000000
TXNU,Direxion Daily TXN Bull 2X ETF,NYSE Arca,etf,1000000
TXNY,Northern Trust New York Intermediate Tax-Exempt Bond ETF,NASDAQ,etf,1000000
TXS,Texas Capital Texas Equity Index ETF,F,etf,1000000
TXUE,Thornburg International Equity ETF,NASDAQ,etf,1000000
TXUG,Thornburg International Growth Fund ETF,NASDAQ,etf,1000000
TXXD,21Shares 2x Long Dogecoin ETF,NASDAQ,etf,1000000
TXXH,21Shares 2x Long HYPE ETF,NASDAQ,etf,1000000
TXXI,BondBloxx IR+M Tax-Aware Intermediate Duration ETF,NYSE Arca,etf,1000000
TXXS,21Shares 2x Long Sui ETF,NASDAQ,etf,1000000
TYA,Simplify Intermediate Term Treasury Futures Strategy ETF,Cboe BZX,etf,1000000
TYD,Direxion Daily 10-Yr Treasury Bull 3x Shrs,NYSE Arca,etf,1000000
TYLD,Cambria Tactical Yield ETF,Cboe BZX,etf,1000000
TYLG,Global X Information Technology Covered Call & Growth ETF,NYSE Arca,etf,1000000
TYO,Direxion Daily 10-Yr Treasury Bear 3x Shrs,NYSE Arca,etf,1000000
TYYY,xETFs TSLA Daily Income ETF,NYSE Arca,etf,1000000
TZA,Direxion Small Cap Bear 3X ETF,NYSE Arca,etf,1000000
UAE,iShares MSCI UAE ETF,NASDAQ,etf,1000000
UAPR,Innovator U.S. Equity Ultra Buffer ETF - April,Cboe BZX,etf,1000000
UAUG,Innovator U.S. Equity Ultra Buffer ETF - August,Cboe BZX,etf,1000000
UBEW,Roundhill UBER WeeklyPay ETF,Cboe BZX,etf,1000000
UBND,VictoryShares Core Plus Bond ETF,NASDAQ,etf,1000000
UBOT,"Direxion Daily Robotics, Artificial Intelligence & Automation Index Bull 2X ETF",NYSE Arca,etf,1000000
UBR,ProShares Ultra MSCI Brazil Capped,NYSE Arca,etf,1000000
UBRL,GraniteShares 2x Long UBER Daily ETF,NASDAQ,etf,1000000
UBT,ProShares Ultra 20+ Year Treasury,NYSE Arca,etf,1000000
UCBG,State Street SPDR UC Investments 90/10 Endowment Strategy Index ETF,NYSE Arca,etf,1000000
UCC,ProShares Ultra Consumer Discretionary,NYSE Arca,etf,1000000
UCON,First Trust Smith Unconstrained Bond ETF,NYSE Arca,etf,1000000
UCOP,ProShares Ultra Copper K-1 Free ETF,NYSE Arca,etf,1000000
UCRD,VictoryShares Corporate Bond ETF,NASDAQ,etf,1000000
UCTX,Corgi UCTT 2x Daily ETF,Cboe BZX,etf,1000000
UCYB,ProShares Ultra Nasdaq Cybersecurity,NASDAQ,etf,1000000
UDEC,Innovator U.S. Equity Ultra Buffer ETF - December,Cboe BZX,etf,1000000
UDI,USCF Dividend Income Fund,NYSE Arca,etf,1000000
UDIV,Franklin U.S. Core Dividend Tilt Index ETF,NYSE Arca,etf,1000000
UDOW,ProShares UltraPro Dow30,NYSE Arca,etf,1000000
UECG,Leverage Shares 2x Long UEC Daily ETF,NASDAQ,etf,1000000
UEVM,VictoryShares Emerging Markets Value Momentum ETF,NASDAQ,etf,1000000
UFEB,Innovator U.S. Equity Ultra Buffer ETF - February,Cboe BZX,etf,1000000
UFO,Procure Space ETF,NASDAQ,etf,1000000
UFOD,Tuttle Capital UFO Disclosure ETF,Cboe BZX,etf,1000000
UFOX,Defiance Space and Connective Tech ETF,NASDAQ,etf,1000000
UGE,ProShares Ultra Consumer Staples,NYSE Arca,etf,1000000
UGLD,Direxion Daily Gold Bull 2X ETF,NYSE Arca,etf,1000000
UITB,VictoryShares Core Intermediate Bond ETF,NASDAQ,etf,1000000
UIVM,VictoryShares International Value Momentum ETF,NASDAQ,etf,1000000
UJAN,Innovator U.S. Equity Ultra Buffer ETF - January,Cboe BZX,etf,1000000
UJB,ProShares Ultra High Yield ETF,NYSE Arca,etf,1000000
UJUL,Innovator U.S. Equity Ultra Buffer ETF - July,Cboe BZX,etf,1000000
UJUN,Innovator U.S. Equity Ultra Buffer ETF - June,Cboe BZX,etf,1000000
ULST,State Street Ultra Short Term Bond ETF,NYSE Arca,etf,1000000
ULTI,REX IncomeMax Option Strategy ETF,NASDAQ,etf,1000000
ULTY,YieldMax Ultra Option Income Strategy ETF,NYSE Arca,etf,1000000
ULVM,VictoryShares US Value Momentum ETF,NASDAQ,etf,1000000
UMAL,Defiance Daily Target 2X Long UMAC ETF,Cboe BZX,etf,1000000
UMAR,Innovator U.S. Equity Ultra Buffer ETF - March,Cboe BZX,etf,1000000
UMAY,Innovator U.S. Equity Ultra Buffer ETF - May,Cboe BZX,etf,1000000
UMCU,Tradr 2X Long UMC Daily ETF,Cboe BZX,etf,1000000
UMCX,Corgi UMC 2x Daily ETF,Cboe BZX,etf,1000000
UMDD,UltraPro MidCap400,NYSE Arca,etf,1000000
UMI,USCF Midstream Energy Income Fund ETF,NYSE Arca,etf,1000000
UMMA,Wahed Dow Jones Islamic World ETF,NASDAQ,etf,1000000
UN,Corgi UNH 2x Daily ETF,Cboe BZX,etf,1000000
UNHG,Leverage Shares 2X Long UNH Daily ETF,NASDAQ,etf,1000000
UNHU,Direxion Daily UNH Bull 2X ETF,NYSE Arca,etf,1000000
UNHW,Roundhill UNH WeeklyPay ETF,Cboe BZX,etf,1000000
UNIY,WisdomTree Voya Yield Enhanced USD Universal Bond Fund,NASDAQ,etf,1000000
UNOV,Innovator U.S. Equity Ultra Buffer ETF - November,Cboe BZX,etf,1000000
UNX,Tradr 2X Long U Daily ETF,Cboe BZX,etf,1000000
UOCT,Innovator U.S. Equity Ultra Buffer ETF - October,Cboe BZX,etf,1000000
UPAL,ProShares Ultra Palladium K-1 Free ETF,NYSE Arca,etf,1000000
UPAR,UPAR Ultra Risk Parity ETF,NYSE Arca,etf,1000000
UPGD,Invesco Bloomberg Analyst Rating Improvers ETF,NYSE Arca,etf,1000000
UPGR,Xtrackers US Green Infrastructure Select Equity ETF,NASDAQ,etf,1000000
UPLT,ProShares Ultra Platinum K-1 Free ETF,NYSE Arca,etf,1000000
UPRO,ProShares UltraPro S&P 500,NYSE Arca,etf,1000000
UPSC,Corgi UPST 2x Daily ETF,Cboe BZX,etf,1000000
UPSD,Aptus Large Cap Upside ETF,Cboe BZX,etf,1000000
UPSX,Tradr 2X Long UPST Daily ETF,Cboe BZX,etf,1000000
UPV,ProShares Ultra FTSE Europe,NYSE Arca,etf,1000000
UPW,ProShares Ultra Utilities,NYSE Arca,etf,1000000
URA,Global X Uranium ETF,NYSE Arca,etf,1000000
URAA,Direxion Daily Uranium Industry Bull 2X ETF,NYSE Arca,etf,1000000
URAN,Themes Uranium & Nuclear ETF,Cboe BZX,etf,1000000
URE,ProShares Ultra Real Estate,NYSE Arca,etf,1000000
URNJ,Sprott Junior Uranium Miners ETF,NASDAQ,etf,1000000
URNM,Sprott Uranium Miners ETF,NYSE Arca,etf,1000000
URSP,ProShares Ultra S&P 500 Equal Weight,NYSE Arca,etf,1000000
URTH,iShares MSCI World ETF,NYSE Arca,etf,1000000
URTY,ProShares UltraPro Russell2000,NYSE Arca,etf,1000000
USAF,Atlas America Fund,NASDAQ,etf,1000000
USAI,Pacer American Energy Infrastructure ETF,NYSE Arca,etf,1000000
USAX,Tradr 2X Long USAR Daily ETF,Cboe BZX,etf,1000000
USCA,Xtrackers MSCI USA Climate Action Equity ETF,NYSE Arca,etf,1000000
USCL,iShares Climate Conscious & Transition MSCI USA ETF,NASDAQ,etf,1000000
USD,ProShares Ultra Semiconductors,NYSE Arca,etf,1000000
USDU,WisdomTree Bloomberg U.S. Dollar Bullish Fund,NYSE Arca,etf,1000000
USDX,SGI Enhanced Core ETF,NASDAQ,etf,1000000
USE,USCF Energy Commodity Strategy Absolute Return Fund,NYSE Arca,etf,1000000
USEP,Innovator U.S. Equity Ultra Buffer ETF - September,Cboe BZX,etf,1000000
USEW,Cambria US EW ETF,Cboe BZX,etf,1000000
USFE,First Eagle US Equity ETF,NYSE Arca,etf,1000000
USFI,BrandywineGLOBAL - U.S. Fixed Income ETF,NASDAQ,etf,1000000
USFR,WisdomTree Floating Rate Treasury Fund,NYSE Arca,etf,1000000
USG,USCF Gold Strategy Plus Income Fund,NYSE Arca,etf,1000000
USGG,Leverage Shares 2X Long USAR Daily ETF,NASDAQ,etf,1000000
USGX,Corgi U.S. Growth 2x Daily ETF,Cboe BZX,etf,1000000
USHY,iShares Broad USD High Yield Corporate Bond ETF,Cboe BZX,etf,1000000
USIG,iShares Broad USD Investment Grade Corporate Bond ETF,NASDAQ,etf,1000000
USIN,WisdomTree 7-10 Year Laddered Treasury Fund,NASDAQ,etf,1000000
USLN,iShares Broad USD Floating Rate Loan ETF,Cboe BZX,etf,1000000
USLV,Direxion Daily Silver Bull 2X ETF,NYSE Arca,etf,1000000
USLX,Corgi U.S. Large-Cap 2x Daily ETF,Cboe BZX,etf,1000000
USMC,Principal U.S. Mega-Cap ETF,NASDAQ,etf,1000000
USMD,CoreValues America First Technology ETF,NYSE Arca,etf,1000000
USMF,WisdomTree U.S. Multifactor Fund,Cboe BZX,etf,1000000
USMV,iShares MSCI USA Min Vol Factor ETF,Cboe BZX,etf,1000000
USMX,Corgi U.S. Mid-Cap 2x Daily ETF,Cboe BZX,etf,1000000
USNG,Amplify Samsung U.S. Natural Gas Infrastructure ETF,NYSE Arca,etf,1000000
USNZ,Xtrackers Net Zero Pathway Paris Aligned US Equity ETF,NYSE Arca,etf,1000000
USOY,Defiance Oil Enhanced Options Income ETF,NASDAQ,etf,1000000
USPX,Franklin U.S. Equity Index ETF,NYSE Arca,etf,1000000
USRT,iShares Core U.S. REIT ETF,NYSE Arca,etf,1000000
USSE,Segall Bryant & Hamill Trust Segall Bryant & Hamill Select Equity ETF,NYSE Arca,etf,1000000
USSG,Xtrackers MSCI USA Selection Equity ETF,NYSE Arca,etf,1000000
USSH,WisdomTree 1-3 Year Laddered Treasury Fund,NASDAQ,etf,1000000
USSX,Corgi U.S. Small-Cap 2x Daily ETF,Cboe BZX,etf,1000000
UST,ProShares Ultra 7-10 Year Treasury,NYSE Arca,etf,1000000
USTB,VictoryShares Short-Term Bond ETF,NASDAQ,etf,1000000
USVM,VictoryShares US Small Mid Cap Value Momentum ETF,NASDAQ,etf,1000000
USX,Corgi Total U.S. Market 2x Daily ETF,Cboe BZX,etf,1000000
USXF,iShares ESG Advanced MSCI USA ETF,NASDAQ,etf,1000000
UTES,Virtus Reaves Utilities ETF,NYSE Arca,etf,1000000
UTHY,US Treasury 30 Year Bond ETF,NASDAQ,etf,1000000
UTSL,Direxion Daily Utilities Bull 3X ETF,NYSE Arca,etf,1000000
UTWY,US Treasury 20 Year Bond ETF,NASDAQ,etf,1000000
UUPP,Principal CLO ETF,Cboe BZX,etf,1000000
UUUC,Corgi UUUU 2x Daily ETF,Cboe BZX,etf,1000000
UUUG,Leverage Shares 2X Long UUUU Daily ETF,NASDAQ,etf,1000000
UWM,ProShares Ultra Russell2000,NYSE Arca,etf,1000000
UX,Roundhill Uranium ETF,Cboe BZX,etf,1000000
UXAP,FT Vest U.S. Equity Uncapped Accelerator ETF - April,Cboe BZX,etf,1000000
UXI,ProShares Ultra Industrials,NYSE Arca,etf,1000000
UXJA,FT Vest U.S. Equity Uncapped Accelerator ETF - January,Cboe BZX,etf,1000000
UXJL,FT Vest U.S. Equity Uncapped Accelerator ETF - July,Cboe BZX,etf,1000000
UXOC,FT Vest U.S. Equity Uncapped Accelerator ETF - October,Cboe BZX,etf,1000000
UXRP,ProShares Ultra XRP ETF,NYSE Arca,etf,1000000
UYG,ProShares Ultra Financials,NYSE Arca,etf,1000000
UYLD,Angel Oak UltraShort Income ETF,NASDAQ,etf,1000000
UYM,ProShares Ultra Materials,NYSE Arca,etf,1000000
VABS,Virtus Newfleet ABS/MBS ETF,NYSE Arca,etf,1000000
VAIC,VegaShares US Equity Autocallable Conservative Income ETF,NYSE Arca,etf,1000000
VAIE,VegaShares US Equity Autocallable Income ETF,NYSE Arca,etf,1000000
VALG,Leverage Shares 2X Long VALE Daily ETF,NASDAQ,etf,1000000
VALQ,American Century U.S. Quality Value ETF,NYSE Arca,etf,1000000
VAMO,Cambria Value and Momentum ETF,Cboe BZX,etf,1000000
VAW,Vanguard Materials ETF,NYSE Arca,etf,1000000
VB,Vanguard Morningstar Small-Cap ETF,NYSE Arca,etf,1000000
VBCA,Vanguard Target Maturity 2027 Corporate Bond ETF,NASDAQ,etf,1000000
VBCB,Vanguard Target Maturity 2028 Corporate Bond ETF,NASDAQ,etf,1000000
VBCC,Vanguard Target Maturity 2029 Corporate Bond ETF,NASDAQ,etf,1000000
VBCD,Vanguard Target Maturity 2030 Corporate Bond ETF,NASDAQ,etf,1000000
VBCE,Vanguard Target Maturity 2031 Corporate Bond ETF,NASDAQ,etf,1000000
VBCF,Vanguard Target Maturity 2032 Corporate Bond ETF,NASDAQ,etf,1000000
VBCG,Vanguard Target Maturity 2033 Corporate Bond ETF,NASDAQ,etf,1000000
VBCH,Vanguard Target Maturity 2034 Corporate Bond ETF,NASDAQ,etf,1000000
VBCI,Vanguard Target Maturity 2035 Corporate Bond ETF,NASDAQ,etf,1000000
VBCJ,Vanguard Target Maturity 2036 Corporate Bond ETF,NASDAQ,etf,1000000
VBIL,Vanguard 0-3 Month Treasury Bill ETF,NASDAQ,etf,1000000
VBK,Vanguard Morningstar Small-Cap Growth ETF,NYSE Arca,etf,1000000
VBND,Vident U.S. Bond Strategy ETF,NYSE Arca,etf,1000000
VBR,Vanguard Morningstar Small-Cap Value ETF,NYSE Arca,etf,1000000
VCEB,Vanguard ESG U.S. Corporate Bond ETF,Cboe BZX,etf,1000000
VCHY,Vanguard U.S. High-Yield Corporate Bond Index ETF,Cboe BZX,etf,1000000
VCIT,Vanguard Intermediate-Term Corporate Bond ETF,NASDAQ,etf,1000000
VCLN,Virtus Duff & Phelps Clean Energy ETF,NYSE Arca,etf,1000000
VCLT,Vanguard Long-Term Corporate Bond ETF,NASDAQ,etf,1000000
VCOB,Voya Core Bond ETF,NYSE Arca,etf,1000000
VCR,Vanguard Consumer Discretion ETF,NYSE Arca,etf,1000000
VCRB,Vanguard Core Bond ETF,NASDAQ,etf,1000000
VCRM,Vanguard Core Tax-Exempt Bond ETF,Cboe BZX,etf,1000000
VCSH,Vanguard Short-Term Corporate Bond ETF,NASDAQ,etf,1000000
VDC,Vanguard Consumer Staples ETF,NYSE Arca,etf,1000000
VDE,Vanguard Energy ETF,NYSE Arca,etf,1000000
VDG,Vanguard Developed Markets ex-US Growth Index ETF,Cboe BZX,etf,1000000
VDI,Virtus International Dividend ETF,NYSE Arca,etf,1000000
VDIG,Vanguard Wellington Dividend Growth Active ETF,Cboe BZX,etf,1000000
VDV,Vanguard Developed Markets ex-US Value Index ETF,Cboe BZX,etf,1000000
VEA,Vanguard FTSE Developed Markets ETF,NYSE Arca,etf,1000000
VEEM,VanEck MSCI EM Analyst Sentiment ETF,NASDAQ,etf,1000000
VEFA,VanEck MSCI EAFE Analyst Sentiment ETF,NASDAQ,etf,1000000
VEGA,AdvisorShares STAR Global Buy-Write ETF,NYSE Arca,etf,1000000
VEGI,iShares MSCI Agriculture Producers ETF,NYSE Arca,etf,1000000
VEGN,US Vegan Climate ETF,Cboe BZX,etf,1000000
VEGX,International Vegan Climate ETF,Cboe BZX,etf,1000000
VELL,Defiance Daily Target 2X Long VELO ETF,Cboe BZX,etf,1000000
VEM,Virtus Emerging Markets Dividend ETF,NYSE Arca,etf,1000000
VEMY,Virtus Stone Harbor Emerging Markets High Yield Bond ETF,NYSE Arca,etf,1000000
VERS,ProShares Metaverse ETF,NYSE Arca,etf,1000000
VETZ,Academy Veteran Bond ETF,NYSE Arca,etf,1000000
VEU,Vanguard FTSE All World Ex US ETF,NYSE Arca,etf,1000000
VEXC,Vanguard Emerging Markets Ex-China ETF,NYSE Arca,etf,1000000
VFH,Vanguard Financials ETF,NYSE Arca,etf,1000000
VFLO,VictoryShares Free Cash Flow ETF,NASDAQ,etf,1000000
VFMF,Vanguard U.S. Multifactor ETF,Cboe BZX,etf,1000000
VFMO,Vanguard U.S. Momentum Factor ETF,Cboe BZX,etf,1000000
VFMV,Vanguard U.S. Minimum Volatility ETF,Cboe BZX,etf,1000000
VFQY,Vanguard U.S. Quality Factor ETF,Cboe BZX,etf,1000000
VFVA,Vanguard U.S. Value Factor ETF,Cboe BZX,etf,1000000
VGHY,Vanguard High-Yield Active ETF,Cboe BZX,etf,1000000
VGIT,Vanguard Intermediate-Term Treasury ETF,NASDAQ,etf,1000000
VGK,Vanguard FTSEEuropean ETF,NYSE Arca,etf,1000000
VGLT,Vanguard Long-Term Treasury ETF,NASDAQ,etf,1000000
VGMS,Vanguard Multi-Sector Income Bond ETF,Cboe BZX,etf,1000000
VGRO,Virtus Silvant Growth Opportunities ETF,NYSE Arca,etf,1000000
VGSH,Vanguard Short-Term Treasury ETF,NASDAQ,etf,1000000
VGSR,Vert Global Sustainable Real Estate ETF,NASDAQ,etf,1000000
VGT,Vanguard Information Tech ETF,NYSE Arca,etf,1000000
VGUS,Vanguard Ultra-Short Treasury ETF,NASDAQ,etf,1000000
VGVT,Vanguard Government Securities Active ETF,NYSE Arca,etf,1000000
VHT,Vanguard Health Care ETF,NYSE Arca,etf,1000000
VIAG,Leverage Shares 2X Long VIAV Daily ETF,Cboe BZX,etf,1000000
VIDI,Vident International Equity Strategy ETF,NYSE Arca,etf,1000000
VIG,Vanguard Div Appreciation ETF,NYSE Arca,etf,1000000
VIGI,Vanguard International Dividend Appreciation ETF,NASDAQ,etf,1000000
VIOG,Vanguard S&P Small-Cap 600 Growth ETF,NYSE Arca,etf,1000000
VIOO,Vanguard S&P Small-Cap 600 ETF,NYSE Arca,etf,1000000
VIOV,Vanguard S&P Small-Cap 600 Value ETF,NYSE Arca,etf,1000000
VIS,Vanguard Industrials ETF,NYSE Arca,etf,1000000
VLU,State Street SPDR S&P 1500 Value Tilt ETF,NYSE Arca,etf,1000000
VLUE,iShares MSCI USA Value Factor ETF,Cboe BZX,etf,1000000
VMAX,Hartford US Value ETF,Cboe BZX,etf,1000000
VMBS,Vanguard Mortgage-Backed Securities ETF,NASDAQ,etf,1000000
VMHY,VictoryShares Municipal High Yield ETF,NASDAQ,etf,1000000
VMSB,Voya Multi-Sector Income ETF,NYSE Arca,etf,1000000
VMSD,VictoryShares Short-Duration Municipal ETF,NASDAQ,etf,1000000
VNAM,Global X MSCI Vietnam ETF,NYSE Arca,etf,1000000
VNIE,Vontobel International Equity Active ETF,NYSE Arca,etf,1000000
VNLA,Janus Henderson Short Duration Income ETF,NYSE Arca,etf,1000000
VNM,VanEck Vietnam ETF,Cboe BZX,etf,1000000
VNQ,Vanguard Real Estate ETF,NYSE Arca,etf,1000000
VNQI,Vanguard Global ex-U.S. Real Estate ETF,NASDAQ,etf,1000000
VNSE,Natixis Vaughan Nelson Select ETF,NYSE Arca,etf,1000000
VO,Vanguard Morningstar Mid-Cap ETF,NYSE Arca,etf,1000000
VOE,Vanguard Morningstar Mid-Cap Value ETF,NYSE Arca,etf,1000000
VOLT,Tema Electrification ETF,NASDAQ,etf,1000000
VONE,Vanguard Russell 1000 ETF,NASDAQ,etf,1000000
VONG,Vanguard Russell 1000 Growth ETF,NASDAQ,etf,1000000
VONV,Vanguard Russell 1000 Value ETF,NASDAQ,etf,1000000
VOO,Vanguard S&P 500 ETF,NYSE Arca,etf,1000000
VOOB,VistaShares Shield S&P 500 Enhanced Protection ETF,NASDAQ,etf,1000000
VOOG,Vanguard S&P 500 Growth ETF,NYSE Arca,etf,1000000
VOOV,Vanguard S&P 500 Value ETF,NYSE Arca,etf,1000000
VOOY,XFUNDS Large Cap Income ETF,NYSE Arca,etf,1000000
VOT,Vanguard Morningstar Mid-Cap Growth ETF,NYSE Arca,etf,1000000
VOTE,TCW Transform 500 ETF,NASDAQ,etf,1000000
VOX,Vanguard Communication Services  ETF,NYSE Arca,etf,1000000
VOXP,Vox Populi ETF,Cboe BZX,etf,1000000
VPC,Virtus Private Credit Strategy ETF,NYSE Arca,etf,1000000
VPL,Vanguard FTSE Pacific ETF,NYSE Arca,etf,1000000
VPLS,Vanguard Core Plus Bond ETF,NASDAQ,etf,1000000
VPU,Vanguard Utilities ETF,NYSE Arca,etf,1000000
VPX,Variant Perception Cycle Aware US Equity ETF,NYSE Arca,etf,1000000
VRAI,Virtus Real Asset Income ETF,NYSE Arca,etf,1000000
VRC,Corgi VRT 2x Daily ETF,Cboe BZX,etf,1000000
VRIG,Invesco Variable Rate Investment Grade ETF,NASDAQ,etf,1000000
VRTL,GraniteShares 2x Long VRT Daily ETF,NASDAQ,etf,1000000
VSDA,VictoryShares Dividend Accelerator ETF,NASDAQ,etf,1000000
VSDB,Vanguard Short Duration Bond ETF,Cboe BZX,etf,1000000
VSDM,Vanguard Short Duration Tax-Exempt Bond ETF,Cboe BZX,etf,1000000
VSGX,Vanguard ESG International Stock ETF,Cboe BZX,etf,1000000
VSHY,Virtus Newfleet Short Duration High Yield Bond ETF,NYSE Arca,etf,1000000
VSLU,Applied Finance Valuation Large Cap ETF,NYSE Arca,etf,1000000
VSMV,VictoryShares US Multi-Factor Minimum Volatility ETF,NASDAQ,etf,1000000
VSS,Vanguard FTSE All-Wld ex-US SmCp Idx ETF,NYSE Arca,etf,1000000
VSTL,Defiance Daily Target 2X Long VST ETF,NASDAQ,etf,1000000
VT,Vanguard Total World Stock Index ETF,NYSE Arca,etf,1000000
VTC,Vanguard Total Corporate Bond ETF,NASDAQ,etf,1000000
VTEB,Vanguard Tax-Exempt Bond ETF,NYSE Arca,etf,1000000
VTEC,Vanguard California Tax-Exempt Bond ETF,Cboe BZX,etf,1000000
VTEI,Vanguard Tax-Managed Funds Vanguard Intermediate-Term Tax-Exempt Bond ETF,Cboe BZX,etf,1000000
VTEL,Vanguard Long-Term Tax-Exempt Bond ETF,Cboe BZX,etf,1000000
VTES,Vanguard Wellington Fund Vanguard Short-Term Tax Exempt Bond ETF,NYSE Arca,etf,1000000
VTG,Vanguard Total Treasury ETF,NYSE Arca,etf,1000000
VTHR,Vanguard Russell 3000 ETF,NASDAQ,etf,1000000
VTI,Vanguard Morningstar Total Stock Market ETF,NYSE Arca,etf,1000000
VTIP,Vanguard Short-Term Inflation-Protected Securities Index Fund ETF Shares,NASDAQ,etf,1000000
VTP,Vanguard Total Inflation-Protected Securities ETF,NYSE Arca,etf,1000000
VTV,Vanguard Morningstar Value ETF,NYSE Arca,etf,1000000
VTWG,Vanguard Russell 2000 Growth ETF,NASDAQ,etf,1000000
VTWO,Vanguard Russell 2000 ETF,NASDAQ,etf,1000000
VTWV,Vanguard Russell 2000 Value ETF,NASDAQ,etf,1000000
VUG,Vanguard Morningstar Growth ETF,NYSE Arca,etf,1000000
VUS,Virtus US Dividend ETF,NYSE Arca,etf,1000000
VUSB,Vanguard Ultra-Short Bond ETF,Cboe BZX,etf,1000000
VUSE,Vident U.S. Equity Strategy ETF,NYSE Arca,etf,1000000
VUSG,Vanguard Wellington U.S. Growth Active ETF,Cboe BZX,etf,1000000
VUSI,Voya Ultra Short Income ETF,NYSE Arca,etf,1000000
VUSV,Vanguard Wellington U.S. Value Active ETF,Cboe BZX,etf,1000000
VV,Vanguard Morningstar Large-Cap ETF,NYSE Arca,etf,1000000
VWO,Vanguard FTSE Emerging Markets ETF,NYSE Arca,etf,1000000
VWOB,Vanguard Emerging Markets Government Bond ETF,NASDAQ,etf,1000000
VXF,Vanguard Extended Market ETF,NYSE Arca,etf,1000000
VXUS,Vanguard Total International Stock ETF,NASDAQ,etf,1000000
VYM,Vanguard High Dividend Yield ETF,NYSE Arca,etf,1000000
VYMI,Vanguard International High Dividend Yield ETF,NASDAQ,etf,1000000
WABF,Western Asset Bond ETF,NASDAQ,etf,1000000
WAGN,Pabrai Wagons ETF,NYSE Arca,etf,1000000
WAMA,WisdomTree US Adaptive Moving Average Fund,NASDAQ,etf,1000000
WANT,Direxion Daily Consumer Discretionary Bull 3X ETF,NYSE Arca,etf,1000000
WAR,U.S. Global Technology and Aerospace & Defense ETF,NYSE Arca,etf,1000000
WARP,VanEck Space ETF,NASDAQ,etf,1000000
WATS,Corgi Battery Energy Storage Systems ETF,Cboe BZX,etf,1000000
WBIF,WBI BullBear Value 3000 ETF,NYSE Arca,etf,1000000
WBIG,WBI BullBear Yield 3000 ETF,NYSE Arca,etf,1000000
WBIL,WBI BullBear Quality 3000 ETF,NYSE Arca,etf,1000000
WBIY,WBI Power Factor High Dividend ETF,NYSE,etf,1000000
WCAP,WarCap Unconstrained Equity ETF,NYSE Arca,etf,1000000
WCBR,WisdomTree Cybersecurity Fund,NASDAQ,etf,1000000
WCEO,Hypatia Women CEO ETF,NYSE Arca,etf,1000000
WCLD,WisdomTree Cloud Computing Fund,NASDAQ,etf,1000000
WCME,First Trust WCM Developing World Equity ETF,NYSE Arca,etf,1000000
WCMG,First Trust WCM Global Equity ETF,NYSE Arca,etf,1000000
WCMI,First Trust WCM International Equity ETF,NYSE Arca,etf,1000000
WCPB,Weitz Core Plus Bond ETF,NYSE Arca,etf,1000000
WDAF,WisdomTree Asia Defense Fund,NASDAQ,etf,1000000
WDAI,Pacer S&P World 3AI Top 300 ETF,Cboe BZX,etf,1000000
WDCC,Corgi WDC 2x Daily ETF,Cboe BZX,etf,1000000
WDCX,Tradr 2X Long WDC Daily ETF,Cboe BZX,etf,1000000
WDE,Principal Securitized Debt ETF,Cboe BZX,etf,1000000
WDEF,WisdomTree Europe Defense Fund,NYSE Arca,etf,1000000
WDGF,WisdomTree Global Defense Fund,NASDAQ,etf,1000000
WDIG,WisdomTree Efficient Rare Earth Plus Strategic Metals Fund,Cboe BZX,etf,1000000
WDIV,State Street SPDR S&P Global Dividend ETF,NYSE Arca,etf,1000000
WDNA,WisdomTree BioRevolution Fund,Cboe BZX,etf,1000000
WDRN,"WisdomTree Physical AI, Humanoids and Drones Fund",Cboe BZX,etf,1000000
WDTE,Defiance S&P 500 Weekly Distribution ETF,NYSE Arca,etf,1000000
WEBL,Direxion Daily Dow Jones Internet Bull 3X ETF,NYSE Arca,etf,1000000
WEBS,Direxion Daily Dow Jones Internet Bear 3X ETF,NYSE Arca,etf,1000000
WEBX,Corgi Chinese Internet 2x Daily ETF,Cboe BZX,etf,1000000
WEED,Roundhill Cannabis ETF,Cboe BZX,etf,1000000
WEEI,Westwood Salient Enhanced Energy Income ETF,NASDAQ,etf,1000000
WEEK,Roundhill Weekly T-Bill ETF,Cboe BZX,etf,1000000
WEEL,Peerless Option Income Wheel ETF,NYSE Arca,etf,1000000
WELD,Tema U.S. Manufacturing & Reshoring ETF,NYSE Arca,etf,1000000
WEPN,Nicholas Defense and Rare Earth Income ETF,NYSE Arca,etf,1000000
WGMI,CoinShares Bitcoin Mining and Digital Power ETF,NASDAQ,etf,1000000
WIMA,WisdomTree International Adaptive Moving Average Fund,NASDAQ,etf,1000000
WINN,Harbor Long-Term Growers ETF,NYSE,etf,1000000
WIP,State Street SPDR FTSE International Government Inflation-Protected Bond ETF,NYSE Arca,etf,1000000
WISE,Themes Generative Artificial Intelligence ETF,NASDAQ,etf,1000000
WLDR,Simplify Affinity World Leaders Equity ETF,Cboe BZX,etf,1000000
WLDU,Leverage Shares 2x Long World Stock Daily ETF,Cboe BZX,etf,1000000
WLTG,WealthTrust DBS Long Term Growth ETF,NYSE,etf,1000000
WMSB,Weitz Multisector Bond ETF,NYSE Arca,etf,1000000
WMTI,REX WMT Growth & Income ETF,Cboe BZX,etf,1000000
WNDR,Corgi Travel & Leisure ETF,Cboe BZX,etf,1000000
WNTR,YieldMax MSTR Short Option Income Strategy ETF,NYSE Arca,etf,1000000
WOMN,Impact Shares Women's Empowerment ETF,NYSE Arca,etf,1000000
WOOD,iShares Global Timber & Forestry ETF,NASDAQ,etf,1000000
WQTM,WisdomTree Quantum Computing Fund,Cboe BZX,etf,1000000
WR,Corgi U.S. War Machine ETF,Cboe BZX,etf,1000000
WRND,NYLIM Global Equity R&D Leaders ETF,NASDAQ,etf,1000000
WRTH,Worth Charting Options Income ETF,NASDAQ,etf,1000000
WSDB,Weitz Short Duration Bond ETF,NYSE Arca,etf,1000000
WSGE,Warren Street Global Equity ETF,NASDAQ,etf,1000000
WSMD,Wasatch Small/Mid Cap ETF,NYSE Arca,etf,1000000
WSML,iShares MSCI World Small-Cap ETF,NASDAQ,etf,1000000
WSPC,WisdomTree Space Economy Fund,NASDAQ,etf,1000000
WTAI,WisdomTree Artificial Intelligence and Innovation Fund,Cboe BZX,etf,1000000
WTBN,WisdomTree Bianco Total Return Fund,NASDAQ,etf,1000000
WTIB,USCF Oil Plus Bitcoin Strategy Fund,NYSE Arca,etf,1000000
WTIP,WisdomTree Inflation Plus Fund,NASDAQ,etf,1000000
WTLS,WisdomTree Efficient Long/Short U.S. Equity Fund,Cboe BZX,etf,1000000
WTMF,WisdomTree Managed Futures Strategy Fund,NYSE Arca,etf,1000000
WTMU,WisdomTree Core Laddered Municipal Fund,NASDAQ,etf,1000000
WTMY,WisdomTree High Income Laddered Municipal Fund,NASDAQ,etf,1000000
WTPI,WisdomTree Equity Premium Income Fund,NYSE Arca,etf,1000000
WTRE,WisdomTree New Economy Real Estate Fund,NYSE Arca,etf,1000000
WTV,WisdomTree U.S. Value Fund,NYSE Arca,etf,1000000
WUGI,AXS Esoterica NextG Economy ETF,Cboe BZX,etf,1000000
WULX,Tradr 2X Long WULF Daily ETF,Cboe BZX,etf,1000000
WWJD,Inspire International ETF,NYSE Arca,etf,1000000
WX,Corgi All World 2x Daily ETF,Cboe BZX,etf,1000000
WXET,Teucrium 2x Daily Wheat ETF,NYSE Arca,etf,1000000
WYFL,Defiance Daily Target 2X Long WYFI ETF,Cboe BZX,etf,1000000
WZRD,Opportunistic Trader ETF,Cboe BZX,etf,1000000
XA,Corgi AI Cybersecurity ETF,Cboe BZX,etf,1000000
XAGG,Eaton Vance Income Opportunities ETF,NYSE Arca,etf,1000000
XAGI,Corgi AGIX 2x Daily ETF,Cboe BZX,etf,1000000
XAIW,SpaceXAI Lab Ecosystem ETF,NYSE Arca,etf,1000000
XAIX,Xtrackers Artificial Intelligence and Big Data ETF,NASDAQ,etf,1000000
XAPR,FT Vest U.S. Equity Enhance & Moderate Buffer ETF - April,Cboe BZX,etf,1000000
XAR,State Street SPDR S&P Aerospace & Defense ETF,NYSE Arca,etf,1000000
XAUG,FT Vest U.S. Equity Enhance & Moderate Buffer ETF - August,Cboe BZX,etf,1000000
XB,BondBloxx B-Rated USD High Yield Corporate Bond ETF,NYSE Arca,etf,1000000
XBAP,Innovator U.S. Equity Accelerated 9 Buffer ETF - April,Cboe BZX,etf,1000000
XBB,BondBloxx BB-Rated USD High Yield Corporate Bond ETF,NYSE Arca,etf,1000000
XBCI,NEOS Boosted Bitcoin High Income ETF,NASDAQ,etf,1000000
XBFR,Innovator Equity Managed 10 Buffer ETF,NYSE Arca,etf,1000000
XBI,State Street SPDR S&P Biotech ETF,NYSE Arca,etf,1000000
XBIL,US Treasury 6 Month Bill ETF,NASDAQ,etf,1000000
XBIX,Corgi U.S. Biotech 2x Daily ETF,Cboe BZX,etf,1000000
XBJA,Innovator U.S. Equity Accelerated 9 Buffer ETF - January,Cboe BZX,etf,1000000
XBJL,Innovator U.S. Equity Accelerated 9 Buffer ETF - July,Cboe BZX,etf,1000000
XBNB,Teucrium xETFs 2x Long Daily BNB ETF,NYSE Arca,etf,1000000
XBOC,Innovator U.S. Equity Accelerated 9 Buffer ETF - October,Cboe BZX,etf,1000000
XBOX,Roundhill Ultra Short Duration No Dividend Target ETF,Cboe BZX,etf,1000000
XBTY,GraniteShares YieldBOOST Bitcoin ETF,NASDAQ,etf,1000000
XC,WisdomTree True Emerging Markets Fund,NYSE Arca,etf,1000000
XCCC,BondBloxx CCC-Rated USD High Yield Corporate Bond ETF,NYSE Arca,etf,1000000
XCEM,Columbia EM Core ex-China ETF,NYSE Arca,etf,1000000
XCHG,AB US Equity ETF,NYSE Arca,etf,1000000
XCLR,Global X S&P 500 Collar 95-110 ETF,NYSE Arca,etf,1000000
XCNY,State Street SPDR S&P Emerging Markets ex-China ETF,NASDAQ,etf,1000000
XCOM,Corgi All Commodities 2x Daily ETF,Cboe BZX,etf,1000000
XCOR,FundX ETF,NYSE Arca,etf,1000000
XCSH,XFUNDS 1-3 Month BOX ETF,NASDAQ,etf,1000000
XDAT,Franklin Exponential Data ETF,Cboe BZX,etf,1000000
XDEC,FT Vest U.S. Equity Enhance & Moderate Buffer ETF - December,Cboe BZX,etf,1000000
XDEF,Xtrackers Europe Defense Technologies ETF,NASDAQ,etf,1000000
XDIV,Roundhill S&P 500 No Dividend Target ETF,Cboe BZX,etf,1000000
XDQQ,Innovator Growth Accelerated ETF - Quarterly,Cboe BZX,etf,1000000
XDSQ,Innovator U.S. Equity Accelerated ETF - Quarterly,Cboe BZX,etf,1000000
XDTE,Roundhill S&P 500 0DTE Covered Call Strategy ETF,Cboe BZX,etf,1000000
XEMD,BondBloxx JP Morgan USD Emerging Markets 1-10 Year Bond ETF,Cboe BZX,etf,1000000
XEML,Xtrackers Europe Market Leaders ETF,Cboe BZX,etf,1000000
XES,State Street SPDR S&P Oil & Gas Equipment & Services ETF,NYSE Arca,etf,1000000
XEUR,Corgi Europe Equities 2x Daily ETF,Cboe BZX,etf,1000000
XEY,GraniteShares YieldBOOST Ether ETF,NASDAQ,etf,1000000
XFEB,FT Vest U.S. Equity Enhance & Moderate Buffer ETF - February,Cboe BZX,etf,1000000
XFIV,BondBloxx Bloomberg Five Year Target Duration US Treasury ETF,NYSE Arca,etf,1000000
XFLX,FundX Flexible ETF,NYSE Arca,etf,1000000
XHB,State Street SPDR S&P Homebuilders ETF,NYSE Arca,etf,1000000
XHE,State Street SPDR S&P Health Care Equipment ETF,NYSE Arca,etf,1000000
XHLF,BondBloxx Bloomberg Six Month Target Duration US Treasury ETF,NYSE Arca,etf,1000000
XHOA,Corgi U.S. Real Estate 2x Daily ETF,Cboe BZX,etf,1000000
XHS,State Street SPDR S&P Health Care Services ETF,NYSE Arca,etf,1000000
XIDE,FT Vest U.S. Equity Buffer & Premium Income  ETF - December,Cboe BZX,etf,1000000
XIDV,Franklin International Dividend Booster Index ETF,NYSE Arca,etf,1000000
XIGV,Defiance US 100 Tech Ex Software ETF,Cboe BZX,etf,1000000
XIJN,FT Vest U.S. Equity Buffer & Premium Income ETF - June,Cboe BZX,etf,1000000
XIMR,FT Vest U.S. Equity Buffer & Premium Income ETF - March,Cboe BZX,etf,1000000
XISE,FT Vest U.S. Equity Buffer & Premium Income ETF - September,Cboe BZX,etf,1000000
XITK,State Street SPDR FactSet Innovative Technology ETF,NYSE Arca,etf,1000000
XIWC,Corgi U.S. Micro-Cap 2x Daily ETF,Cboe BZX,etf,1000000
XJAN,FT Vest U.S. Equity Enhance & Moderate Buffer ETF - January,Cboe BZX,etf,1000000
XJH,iShares ESG Select Screened S&P Mid-Cap ETF,Cboe BZX,etf,1000000
XJR,iShares ESG Select Screened S&P Small-Cap ETF,Cboe BZX,etf,1000000
XJUL,FT Vest U.S. Equity Enhance & Moderate Buffer ETF - July,Cboe BZX,etf,1000000
XJUN,FT Vest U.S. Equity Enhance & Moderate Buffer ETF - June,Cboe BZX,etf,1000000
XKRE,Corgi U.S. Regional Banks 2x Daily ETF,Cboe BZX,etf,1000000
XLB,State Street Materials Select Sector SPDR ETF,NYSE Arca,etf,1000000
XLBI,State Street Materials Select Sector SPDR Premium Income ETF,NYSE Arca,etf,1000000
XLBX,Corgi U.S. Materials 2x Daily ETF,Cboe BZX,etf,1000000
XLC,State Street Communication Services Select Sector SPDR ETF,NYSE Arca,etf,1000000
XLCI,State Street Communication Services Select Sector SPDR Premium Income ETF,NYSE Arca,etf,1000000
XLE,State Street Energy Select Sector SPDR ETF,NYSE Arca,etf,1000000
XLEI,State Street Energy Select Sector SPDR Premium Income ETF,NYSE Arca,etf,1000000
XLEX,Corgi U.S. Energy 2x Daily ETF,Cboe BZX,etf,1000000
XLF,State Street Financial Select Sector SPDR ETF,NYSE Arca,etf,1000000
XLFI,State Street Financial Select Sector SPDR Premium Income ETF,NYSE Arca,etf,1000000
XLFX,Corgi U.S. Financials 2x Daily ETF,Cboe BZX,etf,1000000
XLG,Invesco S&P 500 Top 50 ETF,NYSE Arca,etf,1000000
XLI,State Street Industrial Select Sector SPDR ETF,NYSE Arca,etf,1000000
XLII,State Street Industrial Select Sector SPDR Premium Income ETF,NYSE Arca,etf,1000000
XLIX,Corgi U.S. Industrials 2x Daily ETF,Cboe BZX,etf,1000000
XLK,State Street Technology Select Sector SPDR ETF,NYSE Arca,etf,1000000
XLKI,State Street Technology Select Sector SPDR Premium Income ETF,NYSE Arca,etf,1000000
XLKX,Corgi U.S. Technology 2x Daily ETF,Cboe BZX,etf,1000000
XLP,State Street Consumer Staples Select Sector SPDR ETF,NYSE Arca,etf,1000000
XLPX,Corgi U.S. Consumer Staples 2x Daily ETF,Cboe BZX,etf,1000000
XLRE,State Street Real Estate Select Sector SPDR ETF,NYSE Arca,etf,1000000
XLRI,State Street Real Estate Select Sector SPDR Premium Income ETF,NYSE Arca,etf,1000000
XLSI,State Street Consumer Staples Select Sector SPDR Premium Income ETF,NYSE Arca,etf,1000000
XLSR,State Street US Sector Rotation ETF,NYSE Arca,etf,1000000
XLU,State Street Utilities Select Sector SPDR ETF,NYSE Arca,etf,1000000
XLUI,State Street Utilities Select Sector SPDR Premium Income ETF,NYSE Arca,etf,1000000
XLUX,Corgi U.S. Utilities 2x Daily ETF,Cboe BZX,etf,1000000
XLV,State Street Health Care Select Sector SPDR ETF,NYSE Arca,etf,1000000
XLVI,State Street Health Care Select Sector SPDR Premium Income ETF,NYSE Arca,etf,1000000
XLVX,Corgi U.S. Healthcare 2x Daily ETF,Cboe BZX,etf,1000000
XLY,State Street Consumer Discretionary Select Sector SPDR ETF,NYSE Arca,etf,1000000
XLYI,State Street Consumer Discretionary Select Sector SPDR Premium Income ETF,NYSE Arca,etf,1000000
XLYX,Corgi U.S. Consumer Discretionary 2x Daily ETF,Cboe BZX,etf,1000000
XMAG,Defiance Large Cap ex-Mag 7 ETF,NASDAQ,etf,1000000
XMAR,FT Vest U.S. Equity Enhance & Moderate Buffer ETF - March,Cboe BZX,etf,1000000
XMAY,FT Vest U.S. Equity Enhance & Moderate Buffer ETF - May,Cboe BZX,etf,1000000
XME,State Street SPDR S&P Metals & Mining ETF,NYSE Arca,etf,1000000
XMHQ,Invesco S&P MidCap Quality ETF,NYSE Arca,etf,1000000
XMLV,Invesco S&P MidCap Low Volatility ETF,NYSE Arca,etf,1000000
XMMO,Invesco S&P MidCap Momentum ETF,NYSE Arca,etf,1000000
XMPT,VanEck CEF Muni Income ETF,Cboe BZX,etf,1000000
XMVM,Invesco S&P MidCap Value with Momentum ETF,NYSE Arca,etf,1000000
XNAV,FundX Aggressive ETF,NYSE Arca,etf,1000000
XNDX,Tradr 2X Long XNDU Daily ETF,Cboe BZX,etf,1000000
XNOV,FT Vest U.S. Equity Enhance & Moderate Buffer ETF - November,Cboe BZX,etf,1000000
XNTK,State Street SPDR NYSE Technology ETF,NYSE Arca,etf,1000000
XOCT,FT Vest U.S. Equity Enhance & Moderate Buffer ETF - October,Cboe BZX,etf,1000000
XOEF,iShares S&P 500 ex S&P 100 ETF,NYSE Arca,etf,1000000
XOEX,Xtrackers S&P 100 Ex Top 20 ETF,Cboe BZX,etf,1000000
XOMO,YieldMax XOM Option Income Strategy ETF,NYSE Arca,etf,1000000
XOMX,Direxion Daily XOM Bull 2X ETF,NASDAQ,etf,1000000
XONE,BondBloxx Bloomberg One Year Target Duration US Treasury ETF,NYSE Arca,etf,1000000
XOP,State Street SPDR S&P Oil & Gas Exploration & Production ETF,NYSE Arca,etf,1000000
XOVL,Defiance Daily Target 2X Long XOVR ETF,Cboe BZX,etf,1000000
XOVR,ERShares Private-Public Crossover ETF,NASDAQ,etf,1000000
XPAV,Corgi U.S. Infrastructure 2x Daily ETF,Cboe BZX,etf,1000000
XPAY,Roundhill S&P 500 Target 20 Managed Distribution ETF,NYSE Arca,etf,1000000
XPEG,Leverage Shares 2X Long XPEV Daily ETF,NASDAQ,etf,1000000
XPH,State Street SPDR S&P Pharmaceuticals ETF,NYSE Arca,etf,1000000
XPND,First Trust Expanded Technology ETF,NYSE Arca,etf,1000000
XPP,ProShares Ultra FTSE China 50,NYSE Arca,etf,1000000
XQBT,Amplify Top 10 Quantum ETF,NYSE Arca,etf,1000000
XQQI,NEOS Boosted Nasdaq-100 High Income ETF,NASDAQ,etf,1000000
XQTM,Corgi Quantum Computing 2x Daily ETF,Cboe BZX,etf,1000000
XRLX,FundX Conservative ETF,NYSE Arca,etf,1000000
XRMI,Global X S&P 500 Risk Managed Income ETF,NYSE Arca,etf,1000000
XRPC,Canary XRP ETF,NASDAQ,etf,1000000
XRPI,Volatility Shares Trust XRP ETF,NASDAQ,etf,1000000
XRPM,Amplify XRP 3% Monthly Option Income ETF,Cboe BZX,etf,1000000
XRPR,REX-Osprey XRP ETF,Cboe BZX,etf,1000000
XRPT,Volatility Shares Trust XRP 2X ETF,NASDAQ,etf,1000000
XRT,State Street SPDR S&P Retail ETF,NYSE Arca,etf,1000000
XSD,State Street SPDR S&P Semiconductor ETF,NYSE Arca,etf,1000000
XSEM,Corgi U.S. Semiconductors 2x Daily ETF,Cboe BZX,etf,1000000
XSEP,FT Vest U.S. Equity Enhance & Moderate Buffer ETF - September,Cboe BZX,etf,1000000
XSHD,Invesco S&P SmallCap High Dividend Low Volatility ETF,Cboe BZX,etf,1000000
XSHP,Kurv SpaceX Enhanced Income ETF,Cboe BZX,etf,1000000
XSHQ,Invesco S&P SmallCap Quality ETF,Cboe BZX,etf,1000000
XSLV,Invesco S&P SmallCap Low Volatility ETF,NYSE Arca,etf,1000000
XSMO,Invesco S&P SmallCap Momentum ETF,NYSE Arca,etf,1000000
XSOE,WisdomTree Emerging Markets Ex-State Owned Enterprises Fund,NYSE Arca,etf,1000000
XSPC,VegaShares Space & AI ETF,NASDAQ,etf,1000000
XSPI,NEOS Boosted S&P 500 High Income ETF,NASDAQ,etf,1000000
XSVM,Invesco S&P SmallCap Value with Momentum ETF,NYSE Arca,etf,1000000
XSVN,BondBloxx Bloomberg Seven Year Target Duration US Treasury ETF,NYSE Arca,etf,1000000
XSW,State Street SPDR S&P Software & Services ETF,NYSE Arca,etf,1000000
XT,iShares Future Exponential Technologies ETF,NASDAQ,etf,1000000
XTAI,Corgi Taiwan 2x Daily ETF,Cboe BZX,etf,1000000
XTAP,Innovator U.S. Equity Accelerated Plus ETF - April,Cboe BZX,etf,1000000
XTEN,BondBloxx Bloomberg Ten Year Target Duration US Treasury ETF,NYSE Arca,etf,1000000
XTJA,Innovator U.S. Equity Accelerated Plus ETF - January,Cboe BZX,etf,1000000
XTJL,Innovator U.S. Equity Accelerated Plus ETF - July,Cboe BZX,etf,1000000
XTL,State Street SPDR S&P Telecom ETF,NYSE Arca,etf,1000000
XTN,State Street SPDR S&P Transportation ETF,NYSE Arca,etf,1000000
XTOC,Innovator U.S. Equity Accelerated Plus ETF - October,Cboe BZX,etf,1000000
XTR,Global X S&P 500 Tail Risk ETF,NYSE Arca,etf,1000000
XTRE,BondBloxx Bloomberg Three Year Target Duration US Treasury ETF,NYSE Arca,etf,1000000
XTWO,BondBloxx Bloomberg Two Year Target Duration US Treasury ETF,NYSE Arca,etf,1000000
XTWY,BondBloxx Bloomberg Twenty Year Target Duration US Treasury ETF,NYSE Arca,etf,1000000
XUDV,Franklin U.S. Dividend Booster Index ETF,NYSE Arca,etf,1000000
XUSM,MarketDesk International Momentum ETF,NASDAQ,etf,1000000
XUSP,Innovator Uncapped Accelerated U.S. Equity ETF,Cboe BZX,etf,1000000
XV,Simplify Target 15 Distribution ETF,NYSE Arca,etf,1000000
XVAD,FT Vest AMD & Target Income ETF,Cboe BZX,etf,1000000
XVAP,FT Vest AAPL & Target Income ETF,Cboe BZX,etf,1000000
XVAZ,FT Vest AMZN & Target Income ETF,Cboe BZX,etf,1000000
XVGL,FT Vest GOOG & Target Income ETF,Cboe BZX,etf,1000000
XVMS,FT Vest MSFT & Target Income ETF,Cboe BZX,etf,1000000
XVMT,FT Vest META & Target Income ETF,Cboe BZX,etf,1000000
XVNV,FT Vest NVDA & Target Income ETF,Cboe BZX,etf,1000000
XVPT,FT Vest PLTR & Target Income ETF,Cboe BZX,etf,1000000
XVSP,FT Vest SPCX & Target Income ETF,Cboe BZX,etf,1000000
XVTS,FT Vest TSLA & Target Income ETF,Cboe BZX,etf,1000000
XVV,iShares ESG Select Screened S&P 500 ETF,Cboe BZX,etf,1000000
XW,Corgi Ex-U.S. Equities 2x Daily ETF,Cboe BZX,etf,1000000
XWNG,Amplify Top 10 Space ETF,NYSE Arca,etf,1000000
XX,"Roundhill S&P 500 Target 10,000 2030 ETF",Cboe BZX,etf,1000000
XXRP,Teucrium 2x Long Daily XRP ETF,NYSE Arca,etf,1000000
XXV,Simplify Ancorato Target 25 Distribution ETF,NYSE Arca,etf,1000000
XXX,CYBER HORNET S&P 500 and XRP 75/25 Strategy ETF,NASDAQ,etf,1000000
XYLD,Global X S&P 500 Covered Call ETF,NYSE Arca,etf,1000000
XYLG,Global X S&P 500 Covered Call & Growth ETF,NYSE Arca,etf,1000000
XYZG,Leverage Shares 2X Long XYZ Daily ETF,NASDAQ,etf,1000000
XYZY,YieldMax XYZ Option Income Strategy ETF,NYSE Arca,etf,1000000
YALL,Truth Social God Bless America ETF,NYSE Arca,etf,1000000
YANG,Direxion Daily FTSE China Bear 3X ETF,NYSE Arca,etf,1000000
YBIT,YieldMax Bitcoin Option Income Strategy ETF,NYSE Arca,etf,1000000
YBST,GraniteShares YieldBoost Single Stock Universe ETF,NASDAQ,etf,1000000
YBTC,Roundhill Bitcoin Covered Call Strategy ETF,Cboe BZX,etf,1000000
YBTY,GraniteShares YieldBoost TopYielders ETF,NASDAQ,etf,1000000
YCLO,Franklin BSP CLO ETF,NYSE Arca,etf,1000000
YDEC,FT Vest International Equity Moderate Buffer ETF - December,Cboe BZX,etf,1000000
YEAR,AB Ultra Short Income ETF,NYSE Arca,etf,1000000
YETH,Roundhill Ether Covered Call Strategy ETF,Cboe BZX,etf,1000000
YFFI,Indexperts Yield Focused Fixed Income ETF,NYSE Arca,etf,1000000
YFYA,Yields for You Income Strategy A ETF,NYSE Arca,etf,1000000
YGLD,Simplify Gold Strategy ETF,NYSE Arca,etf,1000000
YINN,Direxion Daily FTSE China Bull 3X ETF,NYSE Arca,etf,1000000
YJUN,FT Vest International Equity Moderate Buffer ETF - June,Cboe BZX,etf,1000000
YLD,Principal Active High Yield ETF,NYSE Arca,etf,1000000
YLDE,Franklin ClearBridge Enhanced Income ETF,NASDAQ,etf,1000000
YLDW,Westwood Enhanced Income Opportunity ETF,NYSE Arca,etf,1000000
YLDY,Horizon High Income ETF,Cboe BZX,etf,1000000
YMAG,YieldMax Magnificent 7 Fund of Option Income ETFs,NYSE Arca,etf,1000000
YMAR,FT Vest International Equity Moderate Buffer ETF - March,Cboe BZX,etf,1000000
YMAX,YieldMax Universe Fund of Option Income ETFs,NYSE Arca,etf,1000000
YNOT,Horizon Digital Frontier ETF,NASDAQ,etf,1000000
YOKE,YOKE Core ETF,NASDAQ,etf,1000000
YOLO,AdvisorShares Pure Cannabis ETF,NYSE Arca,etf,1000000
YQQQ,YieldMax Short N100 Option Income Strategy ETF,NASDAQ,etf,1000000
YRAM,YieldMax Memory and Storage Portfolio Option Income ETF,NASDAQ,etf,1000000
YSEP,FT Vest International Equity Buffer ETF - September,Cboe BZX,etf,1000000
YSPC,YieldMax SPCX Option Income Strategy ETF,NYSE Arca,etf,1000000
YSPY,GraniteShares YieldBOOST SPY ETF,NASDAQ,etf,1000000
YUNG,Corgi Longevity Consumer ETF,Cboe BZX,etf,1000000
YXI,ProShares Short FTSE China 50,NYSE Arca,etf,1000000
YYY,Amplify CEF High Income ETF,NYSE Arca,etf,1000000
YYYM,Amplify Municipal CEF High Income ETF,NYSE Arca,etf,1000000
ZALT,Innovator U.S. Equity 10 Buffer ETF - Quarterly,Cboe BZX,etf,1000000
ZAP,Global X U.S. Electrification ETF,NASDAQ,etf,1000000
ZAPR,Innovator Equity Defined Protection ETF - 1 Yr April,Cboe BZX,etf,1000000
ZAUG,Innovator Equity Defined Protection ETF - 1 Yr August,Cboe BZX,etf,1000000
ZCBA,Global X Zero Coupon Bond 2030 ETF,NYSE Arca,etf,1000000
ZCBB,Global X Zero Coupon Bond 2031 ETF,NYSE Arca,etf,1000000
ZCBC,Global X Zero Coupon Bond 2032 ETF,NYSE Arca,etf,1000000
ZCBE,Global X Zero Coupon Bond 2033 ETF,NYSE Arca,etf,1000000
ZCBF,Global X Zero Coupon Bond 2034 ETF,NYSE Arca,etf,1000000
ZCBG,Global X Zero Coupon Bond 2035 ETF,NYSE Arca,etf,1000000
ZDEK,Innovator Equity Defined Protection ETF - 1 Yr December,Cboe BZX,etf,1000000
ZDIS,Virtus Zevenbergen Discovery Growth ETF,NYSE Arca,etf,1000000
ZECP,Zacks Earnings Consistent Portfolio ETF,Cboe BZX,etf,1000000
ZFEB,Innovator Equity Defined Protection ETF - 1 Yr February,Cboe BZX,etf,1000000
ZHDG,ZEGA Buy and Hedge ETF,NYSE Arca,etf,1000000
ZHOG,F/m Opportunistic Income ETF,NASDAQ,etf,1000000
ZIG,The Acquirers Fund,NYSE Arca,etf,1000000
ZINC,Zacks Income ETF,NYSE Arca,etf,1000000
ZINN,Virtus Zevenbergen Innovative Growth ETF,NYSE Arca,etf,1000000
ZJAN,Innovator Equity Defined Protection ETF - 1 Yr January,Cboe BZX,etf,1000000
ZJUL,Innovator Equity Defined Protection ETF - 1 Yr July,Cboe BZX,etf,1000000
ZJUN,Innovator Equity Defined Protection ETF - 1 Yr June,Cboe BZX,etf,1000000
ZMAR,Innovator Equity Defined Protection ETF - 1 Yr March,Cboe BZX,etf,1000000
ZMAY,Innovator Equity Defined Protection ETF - 1 Yr May,Cboe BZX,etf,1000000
ZMUN,F/m Ultrashort Tax-Free Municipal ETF,NASDAQ,etf,1000000
ZNOV,Innovator Equity Defined Protection ETF - 1 Yr November,Cboe BZX,etf,1000000
ZOCT,Innovator Equity Defined Protection ETF - 1 Yr October,Cboe BZX,etf,1000000
ZROZ,PIMCO 25  Year Zero Coupon U.S. Treasury Index Exchange-Traded Fund,NYSE Arca,etf,1000000
ZSB,USCF Sustainable Battery Metals Strategy Fund,NYSE Arca,etf,1000000
ZSC,USCF Sustainable Commodity Strategy Fund,NYSE Arca,etf,1000000
ZSEP,Innovator Equity Defined Protection ETF - 1 Yr September,Cboe BZX,etf,1000000
ZTAX,X-Square Municipal Income ETF,NYSE Arca,etf,1000000
ZTEN,F/m 10-Year Investment Grade Corporate Bond ETF,NASDAQ,etf,1000000
ZTOP,F/m High Yield 100 ETF,NASDAQ,etf,1000000
ZTRE,F/m 3-Year Investment Grade Corporate Bond ETF,NASDAQ,etf,1000000
ZTWO,F/m 2-Year Investment Grade Corporate Bond ETF,NASDAQ,etf,1000000
ZVOL,Volatility Premium Plus ETF,Cboe BZX,etf,1000000
